reading_id,machine_id,ts,vibration_rms_mm_s,bearing_temp_c,spindle_speed_rpm,motor_current_a,coolant_pressure_bar,cycle_time_s
SR-000001,ASM-01,2026-09-17T00:00:00,1.75,46.6,2118,11.2,0.0,35.1
SR-000002,ASM-01,2026-09-17T01:00:00,2.03,47.3,2112,11.7,0.0,33.7
SR-000003,ASM-01,2026-09-17T02:00:00,1.72,47.7,2101,11.9,0.0,33.8
SR-000004,ASM-01,2026-09-17T03:00:00,1.76,47.0,2107,11.7,0.0,34.0
SR-000005,ASM-01,2026-09-17T04:00:00,1.98,47.0,2123,11.7,0.0,33.8
SR-000006,ASM-01,2026-09-17T05:00:00,1.89,46.3,2102,12.8,0.0,34.3
SR-000007,ASM-01,2026-09-17T06:00:00,1.69,46.9,2056,12.3,0.0,33.2
SR-000008,ASM-01,2026-09-17T07:00:00,1.93,47.9,2112,11.0,0.0,35.2
SR-000009,ASM-01,2026-09-17T08:00:00,1.73,48.2,2133,12.3,0.0,33.7
SR-000010,ASM-01,2026-09-17T09:00:00,1.86,48.9,2105,12.3,0.0,35.4
SR-000011,ASM-01,2026-09-17T10:00:00,1.81,48.7,2171,11.9,0.0,33.5
SR-000012,ASM-01,2026-09-17T11:00:00,1.92,49.6,2125,11.9,0.0,34.6
SR-000013,ASM-01,2026-09-17T12:00:00,2.01,49.6,2143,11.7,0.0,34.6
SR-000014,ASM-01,2026-09-17T13:00:00,1.75,50.2,2103,12.0,0.0,35.2
SR-000015,ASM-01,2026-09-17T14:00:00,1.95,49.6,2151,11.9,0.0,34.6
SR-000016,ASM-01,2026-09-17T15:00:00,1.86,48.5,2153,11.7,0.0,34.2
SR-000017,ASM-01,2026-09-17T16:00:00,1.87,48.4,2059,11.0,0.0,33.8
SR-000018,ASM-01,2026-09-17T17:00:00,1.7,48.5,2046,12.2,0.0,34.3
SR-000019,ASM-01,2026-09-17T18:00:00,1.69,47.8,2135,11.8,0.0,35.2
SR-000020,ASM-01,2026-09-17T19:00:00,1.52,48.0,2079,12.8,0.0,34.0
SR-000021,ASM-01,2026-09-17T20:00:00,1.74,47.8,2100,11.8,0.0,33.3
SR-000022,ASM-01,2026-09-17T21:00:00,1.78,47.3,2126,11.6,0.0,33.3
SR-000023,ASM-01,2026-09-17T22:00:00,1.9,48.2,2098,12.3,0.0,34.3
SR-000024,ASM-01,2026-09-17T23:00:00,1.81,46.4,2110,12.5,0.0,34.6
SR-000025,ASM-01,2026-09-18T00:00:00,1.85,47.5,2080,12.1,0.0,33.4
SR-000026,ASM-01,2026-09-18T01:00:00,1.79,45.9,2071,11.2,0.0,34.4
SR-000027,ASM-01,2026-09-18T02:00:00,1.88,48.3,2088,11.1,0.0,32.9
SR-000028,ASM-01,2026-09-18T03:00:00,1.82,47.9,2083,11.4,0.0,33.1
SR-000029,ASM-01,2026-09-18T04:00:00,1.77,47.3,2149,12.0,0.0,33.2
SR-000030,ASM-01,2026-09-18T05:00:00,1.62,46.7,2091,12.7,0.0,34.3
SR-000031,ASM-01,2026-09-18T06:00:00,2.0,47.9,2112,12.2,0.0,34.2
SR-000032,ASM-01,2026-09-18T07:00:00,1.74,48.3,2106,12.0,0.0,33.3
SR-000033,ASM-01,2026-09-18T08:00:00,1.82,47.7,2108,12.1,0.0,34.1
SR-000034,ASM-01,2026-09-18T09:00:00,1.85,48.1,2122,11.8,0.0,33.3
SR-000035,ASM-01,2026-09-18T10:00:00,1.74,46.7,2113,11.7,0.0,34.1
SR-000036,ASM-01,2026-09-18T11:00:00,1.93,49.0,2139,11.5,0.0,33.6
SR-000037,ASM-01,2026-09-18T12:00:00,1.73,47.7,2136,11.4,0.0,34.7
SR-000038,ASM-01,2026-09-18T13:00:00,1.78,49.2,2078,12.2,0.0,33.7
SR-000039,ASM-01,2026-09-18T14:00:00,1.72,48.8,2057,12.1,0.0,34.2
SR-000040,ASM-01,2026-09-18T15:00:00,1.77,48.6,2094,12.1,0.0,33.6
SR-000041,ASM-01,2026-09-18T16:00:00,1.64,47.2,2057,11.7,0.0,33.3
SR-000042,ASM-01,2026-09-18T17:00:00,1.85,47.3,2102,12.0,0.0,33.4
SR-000043,ASM-01,2026-09-18T18:00:00,1.64,46.7,2135,12.3,0.0,34.1
SR-000044,ASM-01,2026-09-18T19:00:00,1.84,47.6,2096,11.5,0.0,34.4
SR-000045,ASM-01,2026-09-18T20:00:00,1.76,46.3,2118,12.1,0.0,32.6
SR-000046,ASM-01,2026-09-18T21:00:00,1.76,47.2,2076,11.1,0.0,33.6
SR-000047,ASM-01,2026-09-18T22:00:00,1.83,47.5,2084,12.0,0.0,34.1
SR-000048,ASM-01,2026-09-18T23:00:00,1.64,48.2,2059,12.0,0.0,35.1
SR-000049,ASM-01,2026-09-19T00:00:00,1.87,47.6,2088,12.3,0.0,33.4
SR-000050,ASM-01,2026-09-19T01:00:00,2.03,47.8,2162,12.7,0.0,34.0
SR-000051,ASM-01,2026-09-19T02:00:00,1.8,47.6,2080,10.8,0.0,35.4
SR-000052,ASM-01,2026-09-19T03:00:00,1.62,48.3,2157,11.9,0.0,34.5
SR-000053,ASM-01,2026-09-19T04:00:00,1.59,47.6,2027,12.1,0.0,32.9
SR-000054,ASM-01,2026-09-19T05:00:00,1.86,47.2,2194,11.6,0.0,33.8
SR-000055,ASM-01,2026-09-19T06:00:00,1.82,47.4,2115,11.9,0.0,34.7
SR-000056,ASM-01,2026-09-19T07:00:00,1.81,48.3,2135,12.3,0.0,35.6
SR-000057,ASM-01,2026-09-19T08:00:00,1.8,48.0,2067,11.6,0.0,33.8
SR-000058,ASM-01,2026-09-19T09:00:00,1.8,50.2,2152,11.8,0.0,33.8
SR-000059,ASM-01,2026-09-19T10:00:00,2.02,49.2,2100,12.3,0.0,34.4
SR-000060,ASM-01,2026-09-19T11:00:00,1.96,48.5,2074,12.1,0.0,35.0
SR-000061,ASM-01,2026-09-19T12:00:00,1.66,48.4,2113,12.1,0.0,34.2
SR-000062,ASM-01,2026-09-19T13:00:00,1.5,48.2,2095,12.0,0.0,33.7
SR-000063,ASM-01,2026-09-19T14:00:00,1.74,48.7,2155,11.9,0.0,33.0
SR-000064,ASM-01,2026-09-19T15:00:00,1.9,47.9,2019,11.8,0.0,34.8
SR-000065,ASM-01,2026-09-19T16:00:00,1.89,48.7,2064,11.9,0.0,33.4
SR-000066,ASM-01,2026-09-19T17:00:00,1.92,47.1,2077,11.4,0.0,34.3
SR-000067,ASM-01,2026-09-19T18:00:00,1.91,48.4,2127,11.7,0.0,32.6
SR-000068,ASM-01,2026-09-19T19:00:00,1.91,47.3,2093,11.6,0.0,33.8
SR-000069,ASM-01,2026-09-19T20:00:00,1.72,46.5,2122,12.8,0.0,33.5
SR-000070,ASM-01,2026-09-19T21:00:00,1.8,47.1,2087,11.6,0.0,34.1
SR-000071,ASM-01,2026-09-19T22:00:00,1.76,47.5,2074,12.5,0.0,34.0
SR-000072,ASM-01,2026-09-19T23:00:00,1.98,46.7,2134,11.7,0.0,34.5
SR-000073,ASM-01,2026-09-20T00:00:00,1.8,46.9,2040,11.2,0.0,33.9
SR-000074,ASM-01,2026-09-20T01:00:00,1.89,46.7,2066,12.0,0.0,33.3
SR-000075,ASM-01,2026-09-20T02:00:00,1.73,47.2,2123,12.7,0.0,32.8
SR-000076,ASM-01,2026-09-20T03:00:00,1.94,47.4,2060,11.2,0.0,34.0
SR-000077,ASM-01,2026-09-20T04:00:00,1.71,46.6,2053,11.2,0.0,33.4
SR-000078,ASM-01,2026-09-20T05:00:00,1.78,47.9,2113,12.1,0.0,33.8
SR-000079,ASM-01,2026-09-20T06:00:00,1.77,47.9,2111,12.4,0.0,33.2
SR-000080,ASM-01,2026-09-20T07:00:00,1.93,50.2,2050,12.1,0.0,34.0
SR-000081,ASM-01,2026-09-20T08:00:00,1.76,49.8,2193,12.2,0.0,35.1
SR-000082,ASM-01,2026-09-20T09:00:00,1.85,48.9,2089,10.5,0.0,35.4
SR-000083,ASM-01,2026-09-20T10:00:00,1.64,48.6,2094,12.3,0.0,33.5
SR-000084,ASM-01,2026-09-20T11:00:00,1.79,50.8,2125,10.3,0.0,34.2
SR-000085,ASM-01,2026-09-20T12:00:00,1.97,49.3,2062,12.1,0.0,34.4
SR-000086,ASM-01,2026-09-20T13:00:00,1.85,49.1,2099,11.5,0.0,34.1
SR-000087,ASM-01,2026-09-20T14:00:00,1.91,49.8,2124,11.9,0.0,33.3
SR-000088,ASM-01,2026-09-20T15:00:00,1.79,49.3,2103,12.4,0.0,33.3
SR-000089,ASM-01,2026-09-20T16:00:00,1.97,47.6,2120,11.8,0.0,32.9
SR-000090,ASM-01,2026-09-20T17:00:00,1.78,48.6,2061,11.6,0.0,32.9
SR-000091,ASM-01,2026-09-20T18:00:00,1.82,48.9,2113,12.2,0.0,33.5
SR-000092,ASM-01,2026-09-20T19:00:00,1.82,47.1,2112,12.7,0.0,33.0
SR-000093,ASM-01,2026-09-20T20:00:00,1.8,47.7,2090,12.1,0.0,33.8
SR-000094,ASM-01,2026-09-20T21:00:00,1.73,47.1,2122,12.7,0.0,33.4
SR-000095,ASM-01,2026-09-20T22:00:00,1.83,47.0,2129,11.3,0.0,33.5
SR-000096,ASM-01,2026-09-20T23:00:00,1.7,46.9,1989,12.0,0.0,33.7
SR-000097,ASM-01,2026-09-21T00:00:00,1.66,47.2,2077,12.7,0.0,34.8
SR-000098,ASM-01,2026-09-21T01:00:00,1.68,47.8,2100,11.3,0.0,32.6
SR-000099,ASM-01,2026-09-21T02:00:00,1.84,48.0,2130,11.2,0.0,33.6
SR-000100,ASM-01,2026-09-21T03:00:00,1.86,48.7,2125,12.3,0.0,33.3
SR-000101,ASM-01,2026-09-21T04:00:00,1.94,47.1,2114,12.5,0.0,33.5
SR-000102,ASM-01,2026-09-21T05:00:00,1.67,47.9,2058,12.1,0.0,34.0
SR-000103,ASM-01,2026-09-21T06:00:00,2.01,47.1,2088,11.9,0.0,33.9
SR-000104,ASM-01,2026-09-21T07:00:00,1.81,47.9,2147,11.6,0.0,32.9
SR-000105,ASM-01,2026-09-21T08:00:00,1.61,48.9,2134,12.7,0.0,34.4
SR-000106,ASM-01,2026-09-21T09:00:00,1.72,48.5,2121,11.3,0.0,34.8
SR-000107,ASM-01,2026-09-21T10:00:00,2.06,49.3,2087,12.1,0.0,33.4
SR-000108,ASM-01,2026-09-21T11:00:00,1.93,48.9,2114,12.8,0.0,35.1
SR-000109,ASM-01,2026-09-21T12:00:00,1.8,47.6,2085,11.6,0.0,34.0
SR-000110,ASM-01,2026-09-21T13:00:00,1.89,49.2,2079,12.1,0.0,34.4
SR-000111,ASM-01,2026-09-21T14:00:00,1.87,48.0,2114,11.8,0.0,35.4
SR-000112,ASM-01,2026-09-21T15:00:00,2.08,47.7,2078,11.5,0.0,34.5
SR-000113,ASM-01,2026-09-21T16:00:00,1.69,49.0,2076,12.2,0.0,34.1
SR-000114,ASM-01,2026-09-21T17:00:00,1.99,47.1,2061,11.9,0.0,32.7
SR-000115,ASM-01,2026-09-21T18:00:00,1.57,48.6,2115,12.0,0.0,34.6
SR-000116,ASM-01,2026-09-21T19:00:00,1.86,49.4,2100,11.9,0.0,35.1
SR-000117,ASM-01,2026-09-21T20:00:00,1.72,48.2,2151,11.9,0.0,32.5
SR-000118,ASM-01,2026-09-21T21:00:00,1.82,47.5,2024,11.3,0.0,34.2
SR-000119,ASM-01,2026-09-21T22:00:00,1.78,47.0,2104,12.1,0.0,33.9
SR-000120,ASM-01,2026-09-21T23:00:00,1.88,48.1,2075,11.2,0.0,33.5
SR-000121,ASM-01,2026-09-22T00:00:00,1.8,45.8,2075,11.4,0.0,33.8
SR-000122,ASM-01,2026-09-22T01:00:00,1.88,47.3,2126,11.9,0.0,32.9
SR-000123,ASM-01,2026-09-22T02:00:00,1.98,49.4,2115,12.0,0.0,34.2
SR-000124,ASM-01,2026-09-22T03:00:00,1.87,46.8,2133,11.9,0.0,33.3
SR-000125,ASM-01,2026-09-22T04:00:00,1.75,47.9,2115,12.4,0.0,35.0
SR-000126,ASM-01,2026-09-22T05:00:00,1.82,46.7,2112,12.5,0.0,33.5
SR-000127,ASM-01,2026-09-22T06:00:00,1.64,48.6,2116,12.4,0.0,33.9
SR-000128,ASM-01,2026-09-22T07:00:00,1.63,48.3,2084,11.7,0.0,34.7
SR-000129,ASM-01,2026-09-22T08:00:00,1.77,49.3,2072,12.4,0.0,33.9
SR-000130,ASM-01,2026-09-22T09:00:00,1.78,51.0,2103,12.0,0.0,33.9
SR-000131,ASM-01,2026-09-22T10:00:00,1.83,49.2,2062,13.1,0.0,33.6
SR-000132,ASM-01,2026-09-22T11:00:00,1.65,50.7,2101,11.7,0.0,34.0
SR-000133,ASM-01,2026-09-22T12:00:00,1.69,49.6,2128,11.8,0.0,33.3
SR-000134,ASM-01,2026-09-22T13:00:00,1.82,49.0,2082,12.2,0.0,32.9
SR-000135,ASM-01,2026-09-22T14:00:00,1.88,49.3,2093,11.9,0.0,33.6
SR-000136,ASM-01,2026-09-22T15:00:00,1.65,48.8,2103,11.3,0.0,34.5
SR-000137,ASM-01,2026-09-22T16:00:00,1.98,48.8,2107,12.8,0.0,33.2
SR-000138,ASM-01,2026-09-22T17:00:00,1.59,48.2,2101,12.8,0.0,34.2
SR-000139,ASM-01,2026-09-22T18:00:00,1.77,48.1,2118,12.1,0.0,32.4
SR-000140,ASM-01,2026-09-22T19:00:00,1.76,48.1,2087,11.6,0.0,33.8
SR-000141,ASM-01,2026-09-22T20:00:00,2.1,48.9,2177,12.4,0.0,34.3
SR-000142,ASM-01,2026-09-22T21:00:00,2.02,48.5,2112,12.0,0.0,33.5
SR-000143,ASM-01,2026-09-22T22:00:00,1.77,47.1,2146,12.2,0.0,34.5
SR-000144,ASM-01,2026-09-22T23:00:00,1.75,46.9,2060,12.4,0.0,33.6
SR-000145,ASM-01,2026-09-23T00:00:00,1.63,47.3,2091,12.1,0.0,33.4
SR-000146,ASM-01,2026-09-23T01:00:00,1.89,47.5,2121,11.4,0.0,33.9
SR-000147,ASM-01,2026-09-23T02:00:00,1.84,47.2,2111,12.7,0.0,33.7
SR-000148,ASM-01,2026-09-23T03:00:00,1.94,47.3,2117,11.1,0.0,33.8
SR-000149,ASM-01,2026-09-23T04:00:00,1.62,47.8,2124,12.0,0.0,35.2
SR-000150,ASM-01,2026-09-23T05:00:00,1.71,50.6,2132,11.8,0.0,34.2
SR-000151,ASM-01,2026-09-23T06:00:00,1.84,49.0,2041,12.6,0.0,35.5
SR-000152,ASM-01,2026-09-23T07:00:00,1.82,48.1,2083,12.7,0.0,33.7
SR-000153,ASM-01,2026-09-23T08:00:00,1.92,49.2,2096,11.5,0.0,34.0
SR-000154,ASM-01,2026-09-23T09:00:00,1.74,49.5,2069,11.7,0.0,33.7
SR-000155,ASM-01,2026-09-23T10:00:00,1.91,48.5,2157,12.0,0.0,34.1
SR-000156,ASM-01,2026-09-23T11:00:00,1.67,48.7,2161,12.2,0.0,34.4
SR-000157,ASM-01,2026-09-23T12:00:00,1.84,47.8,2088,12.1,0.0,34.5
SR-000158,ASM-01,2026-09-23T13:00:00,1.9,48.0,2108,11.7,0.0,34.0
SR-000159,ASM-01,2026-09-23T14:00:00,1.54,49.1,2110,11.1,0.0,34.1
SR-000160,ASM-01,2026-09-23T15:00:00,1.92,48.7,2104,12.3,0.0,36.1
SR-000161,ASM-01,2026-09-23T16:00:00,1.91,49.0,2155,12.3,0.0,33.2
SR-000162,ASM-01,2026-09-23T17:00:00,1.85,49.3,2089,11.0,0.0,34.2
SR-000163,ASM-01,2026-09-23T18:00:00,1.63,48.3,2144,12.4,0.0,33.9
SR-000164,ASM-01,2026-09-23T19:00:00,1.9,48.4,2133,12.1,0.0,32.8
SR-000165,ASM-01,2026-09-23T20:00:00,1.99,47.1,2021,11.1,0.0,33.6
SR-000166,ASM-01,2026-09-23T21:00:00,1.86,47.6,2084,12.4,0.0,35.4
SR-000167,ASM-01,2026-09-23T22:00:00,1.59,47.6,2126,11.7,0.0,34.7
SR-000168,ASM-01,2026-09-23T23:00:00,1.73,47.6,2066,12.8,0.0,34.1
SR-000169,ASM-01,2026-09-24T00:00:00,1.74,45.0,2108,11.7,0.0,34.4
SR-000170,ASM-01,2026-09-24T01:00:00,2.11,46.3,2138,12.5,0.0,32.7
SR-000171,ASM-01,2026-09-24T02:00:00,1.84,47.9,2137,11.8,0.0,34.5
SR-000172,ASM-01,2026-09-24T03:00:00,1.95,48.2,2099,12.3,0.0,34.3
SR-000173,ASM-01,2026-09-24T04:00:00,1.88,47.6,2111,11.7,0.0,33.8
SR-000174,ASM-01,2026-09-24T05:00:00,1.74,46.7,2093,12.2,0.0,34.8
SR-000175,ASM-01,2026-09-24T06:00:00,2.0,48.6,2069,12.8,0.0,34.6
SR-000176,ASM-01,2026-09-24T07:00:00,1.72,49.2,2109,12.8,0.0,32.7
SR-000177,ASM-01,2026-09-24T08:00:00,1.89,48.2,2088,11.9,0.0,34.3
SR-000178,ASM-01,2026-09-24T09:00:00,1.65,48.6,2142,11.8,0.0,33.1
SR-000179,ASM-01,2026-09-24T10:00:00,1.91,48.6,2094,11.8,0.0,33.8
SR-000180,ASM-01,2026-09-24T11:00:00,1.59,48.3,2097,12.4,0.0,34.5
SR-000181,ASM-01,2026-09-24T12:00:00,1.55,49.6,2048,12.9,0.0,33.1
SR-000182,ASM-01,2026-09-24T13:00:00,1.58,47.1,2119,11.6,0.0,34.8
SR-000183,ASM-01,2026-09-24T14:00:00,1.65,50.1,2098,12.4,0.0,34.6
SR-000184,ASM-01,2026-09-24T15:00:00,1.76,48.4,2131,11.4,0.0,32.6
SR-000185,ASM-01,2026-09-24T16:00:00,1.79,48.5,2106,12.3,0.0,34.5
SR-000186,ASM-01,2026-09-24T17:00:00,1.77,50.0,2100,12.8,0.0,33.8
SR-000187,ASM-01,2026-09-24T18:00:00,1.76,48.5,2117,12.1,0.0,33.6
SR-000188,ASM-01,2026-09-24T19:00:00,2.04,47.7,2130,11.7,0.0,34.2
SR-000189,ASM-01,2026-09-24T20:00:00,1.85,47.2,2133,11.8,0.0,32.8
SR-000190,ASM-01,2026-09-24T21:00:00,1.69,49.6,2107,12.0,0.0,32.6
SR-000191,ASM-01,2026-09-24T22:00:00,1.86,48.3,2117,12.1,0.0,34.1
SR-000192,ASM-01,2026-09-24T23:00:00,1.62,46.7,2112,11.8,0.0,33.9
SR-000193,ASM-01,2026-09-25T00:00:00,1.93,45.7,2110,12.0,0.0,34.5
SR-000194,ASM-01,2026-09-25T01:00:00,1.81,46.3,2058,11.6,0.0,34.2
SR-000195,ASM-01,2026-09-25T02:00:00,1.86,47.3,2120,12.2,0.0,33.8
SR-000196,ASM-01,2026-09-25T03:00:00,1.86,48.3,2106,11.8,0.0,34.5
SR-000197,ASM-01,2026-09-25T04:00:00,1.73,48.4,2149,11.6,0.0,33.8
SR-000198,ASM-01,2026-09-25T05:00:00,1.82,47.7,2109,12.8,0.0,34.7
SR-000199,ASM-01,2026-09-25T06:00:00,1.73,47.9,2155,12.6,0.0,34.1
SR-000200,ASM-01,2026-09-25T07:00:00,1.68,49.1,2081,12.3,0.0,33.6
SR-000201,ASM-01,2026-09-25T08:00:00,1.78,49.2,2146,12.5,0.0,33.7
SR-000202,ASM-01,2026-09-25T09:00:00,1.82,48.6,2113,11.1,0.0,34.5
SR-000203,ASM-01,2026-09-25T10:00:00,1.75,49.3,2058,11.9,0.0,33.2
SR-000204,ASM-01,2026-09-25T11:00:00,1.74,48.5,2084,11.2,0.0,34.3
SR-000205,ASM-01,2026-09-25T12:00:00,1.63,49.4,2165,11.3,0.0,34.2
SR-000206,ASM-01,2026-09-25T13:00:00,1.84,49.1,2088,12.5,0.0,33.3
SR-000207,ASM-01,2026-09-25T14:00:00,1.76,49.4,2085,11.7,0.0,34.2
SR-000208,ASM-01,2026-09-25T15:00:00,1.84,48.0,2049,12.0,0.0,35.0
SR-000209,ASM-01,2026-09-25T16:00:00,1.95,49.7,2073,11.9,0.0,33.9
SR-000210,ASM-01,2026-09-25T17:00:00,1.97,48.0,2051,12.6,0.0,35.2
SR-000211,ASM-01,2026-09-25T18:00:00,1.97,47.9,2089,11.1,0.0,34.2
SR-000212,ASM-01,2026-09-25T19:00:00,1.92,49.1,2154,11.9,0.0,34.0
SR-000213,ASM-01,2026-09-25T20:00:00,1.83,48.5,2094,11.2,0.0,33.3
SR-000214,ASM-01,2026-09-25T21:00:00,1.65,47.1,2149,11.7,0.0,33.9
SR-000215,ASM-01,2026-09-25T22:00:00,1.43,46.8,2081,12.6,0.0,33.4
SR-000216,ASM-01,2026-09-25T23:00:00,1.8,45.8,2174,11.1,0.0,33.7
SR-000217,ASM-01,2026-09-26T00:00:00,1.93,48.2,2061,11.6,0.0,34.2
SR-000218,ASM-01,2026-09-26T01:00:00,1.55,46.2,2084,11.9,0.0,33.5
SR-000219,ASM-01,2026-09-26T02:00:00,1.8,47.8,2085,11.8,0.0,34.6
SR-000220,ASM-01,2026-09-26T03:00:00,1.86,47.0,2088,12.1,0.0,34.1
SR-000221,ASM-01,2026-09-26T04:00:00,1.79,48.3,2161,12.0,0.0,33.6
SR-000222,ASM-01,2026-09-26T05:00:00,1.59,47.2,2084,11.5,0.0,34.1
SR-000223,ASM-01,2026-09-26T06:00:00,1.95,48.1,2058,11.9,0.0,34.5
SR-000224,ASM-01,2026-09-26T07:00:00,1.66,48.4,2138,11.8,0.0,34.1
SR-000225,ASM-01,2026-09-26T08:00:00,1.77,47.9,2067,11.4,0.0,34.1
SR-000226,ASM-01,2026-09-26T09:00:00,1.66,48.4,2124,11.8,0.0,34.5
SR-000227,ASM-01,2026-09-26T10:00:00,2.09,48.3,2079,12.1,0.0,33.9
SR-000228,ASM-01,2026-09-26T11:00:00,1.59,48.7,2104,12.8,0.0,34.0
SR-000229,ASM-01,2026-09-26T12:00:00,1.93,49.0,2090,12.3,0.0,34.1
SR-000230,ASM-01,2026-09-26T13:00:00,1.9,47.8,2044,11.9,0.0,34.4
SR-000231,ASM-01,2026-09-26T14:00:00,1.59,49.4,2099,12.2,0.0,35.5
SR-000232,ASM-01,2026-09-26T15:00:00,1.88,48.2,2088,12.2,0.0,32.3
SR-000233,ASM-01,2026-09-26T16:00:00,1.51,48.0,2109,11.9,0.0,34.4
SR-000234,ASM-01,2026-09-26T17:00:00,1.73,46.8,2112,12.4,0.0,33.8
SR-000235,ASM-01,2026-09-26T18:00:00,1.91,49.8,2192,12.1,0.0,34.8
SR-000236,ASM-01,2026-09-26T19:00:00,1.67,46.5,2089,12.0,0.0,34.1
SR-000237,ASM-01,2026-09-26T20:00:00,1.92,48.0,2030,12.3,0.0,34.9
SR-000238,ASM-01,2026-09-26T21:00:00,1.8,48.5,2116,11.9,0.0,33.9
SR-000239,ASM-01,2026-09-26T22:00:00,1.86,47.5,2087,11.8,0.0,33.8
SR-000240,ASM-01,2026-09-26T23:00:00,1.78,48.2,2107,12.3,0.0,33.9
SR-000241,ASM-01,2026-09-27T00:00:00,1.59,47.8,2120,12.2,0.0,34.6
SR-000242,ASM-01,2026-09-27T01:00:00,1.68,48.0,2010,11.9,0.0,33.3
SR-000243,ASM-01,2026-09-27T02:00:00,1.83,47.0,2126,11.8,0.0,33.8
SR-000244,ASM-01,2026-09-27T03:00:00,1.52,47.0,2083,12.9,0.0,33.0
SR-000245,ASM-01,2026-09-27T04:00:00,1.56,47.8,2106,12.3,0.0,36.3
SR-000246,ASM-01,2026-09-27T05:00:00,1.76,49.4,2077,13.0,0.0,35.6
SR-000247,ASM-01,2026-09-27T06:00:00,1.58,48.4,2098,11.4,0.0,34.4
SR-000248,ASM-01,2026-09-27T07:00:00,1.82,47.1,2066,11.8,0.0,33.6
SR-000249,ASM-01,2026-09-27T08:00:00,1.73,47.9,2071,11.7,0.0,34.8
SR-000250,ASM-01,2026-09-27T09:00:00,1.59,48.1,2053,12.6,0.0,33.6
SR-000251,ASM-01,2026-09-27T10:00:00,1.9,49.9,2104,12.4,0.0,33.5
SR-000252,ASM-01,2026-09-27T11:00:00,1.91,48.6,2102,12.2,0.0,34.2
SR-000253,ASM-01,2026-09-27T12:00:00,1.91,48.8,2099,12.2,0.0,33.5
SR-000254,ASM-01,2026-09-27T13:00:00,1.75,48.3,2100,12.6,0.0,33.2
SR-000255,ASM-01,2026-09-27T14:00:00,1.78,49.9,2094,12.7,0.0,34.5
SR-000256,ASM-01,2026-09-27T15:00:00,1.71,48.9,2100,12.0,0.0,34.0
SR-000257,ASM-01,2026-09-27T16:00:00,1.91,48.2,2136,11.6,0.0,34.0
SR-000258,ASM-01,2026-09-27T17:00:00,1.78,48.5,2053,12.2,0.0,33.1
SR-000259,ASM-01,2026-09-27T18:00:00,1.83,49.2,2117,12.1,0.0,33.4
SR-000260,ASM-01,2026-09-27T19:00:00,1.87,47.4,2095,12.0,0.0,34.3
SR-000261,ASM-01,2026-09-27T20:00:00,1.86,48.2,2079,11.8,0.0,34.4
SR-000262,ASM-01,2026-09-27T21:00:00,1.98,47.1,2126,12.2,0.0,33.7
SR-000263,ASM-01,2026-09-27T22:00:00,1.75,46.9,2041,11.8,0.0,32.7
SR-000264,ASM-01,2026-09-27T23:00:00,1.67,46.7,2075,12.6,0.0,34.3
SR-000265,ASM-01,2026-09-28T00:00:00,1.79,46.0,2069,11.8,0.0,34.0
SR-000266,ASM-01,2026-09-28T01:00:00,2.05,47.1,2113,12.4,0.0,34.0
SR-000267,ASM-01,2026-09-28T02:00:00,1.84,48.1,2143,12.1,0.0,34.2
SR-000268,ASM-01,2026-09-28T03:00:00,1.95,48.7,2146,12.2,0.0,33.5
SR-000269,ASM-01,2026-09-28T04:00:00,1.69,48.4,2139,12.7,0.0,34.8
SR-000270,ASM-01,2026-09-28T05:00:00,1.63,47.6,2093,12.3,0.0,34.0
SR-000271,ASM-01,2026-09-28T06:00:00,1.86,48.3,2089,11.7,0.0,33.0
SR-000272,ASM-01,2026-09-28T07:00:00,1.92,48.9,2114,12.0,0.0,35.0
SR-000273,ASM-01,2026-09-28T08:00:00,1.84,48.7,2110,12.5,0.0,34.8
SR-000274,ASM-01,2026-09-28T09:00:00,1.79,49.5,2091,11.6,0.0,34.0
SR-000275,ASM-01,2026-09-28T10:00:00,1.65,48.8,2097,11.7,0.0,33.9
SR-000276,ASM-01,2026-09-28T11:00:00,1.65,49.4,2112,12.0,0.0,33.7
SR-000277,ASM-01,2026-09-28T12:00:00,1.85,48.9,2119,12.1,0.0,35.0
SR-000278,ASM-01,2026-09-28T13:00:00,1.89,50.0,2090,12.5,0.0,34.9
SR-000279,ASM-01,2026-09-28T14:00:00,1.72,49.2,2057,12.3,0.0,33.8
SR-000280,ASM-01,2026-09-28T15:00:00,1.98,49.4,2068,11.8,0.0,34.7
SR-000281,ASM-01,2026-09-28T16:00:00,1.72,48.5,2143,12.6,0.0,33.3
SR-000282,ASM-01,2026-09-28T17:00:00,1.85,48.0,2091,12.1,0.0,34.8
SR-000283,ASM-01,2026-09-28T18:00:00,1.72,48.3,2089,12.6,0.0,34.1
SR-000284,ASM-01,2026-09-28T19:00:00,1.89,47.5,2090,11.5,0.0,34.1
SR-000285,ASM-01,2026-09-28T20:00:00,1.88,46.8,2090,11.3,0.0,32.7
SR-000286,ASM-01,2026-09-28T21:00:00,1.76,48.0,2117,11.9,0.0,33.7
SR-000287,ASM-01,2026-09-28T22:00:00,1.64,46.8,2137,12.7,0.0,33.6
SR-000288,ASM-01,2026-09-28T23:00:00,1.64,46.2,2083,12.1,0.0,33.4
SR-000289,ASM-01,2026-09-29T00:00:00,1.73,47.1,2133,11.8,0.0,35.3
SR-000290,ASM-01,2026-09-29T01:00:00,1.82,46.9,2056,10.8,0.0,32.8
SR-000291,ASM-01,2026-09-29T02:00:00,2.04,47.7,2128,12.4,0.0,33.4
SR-000292,ASM-01,2026-09-29T03:00:00,1.89,47.3,2138,12.4,0.0,33.9
SR-000293,ASM-01,2026-09-29T04:00:00,1.83,46.9,2095,12.4,0.0,34.1
SR-000294,ASM-01,2026-09-29T05:00:00,1.93,48.4,2082,11.7,0.0,34.7
SR-000295,ASM-01,2026-09-29T06:00:00,1.78,49.3,2145,12.8,0.0,34.1
SR-000296,ASM-01,2026-09-29T07:00:00,1.77,49.0,2056,12.3,0.0,33.8
SR-000297,ASM-01,2026-09-29T08:00:00,1.67,48.0,2153,11.7,0.0,33.7
SR-000298,ASM-01,2026-09-29T09:00:00,1.7,48.5,2091,12.8,0.0,33.4
SR-000299,ASM-01,2026-09-29T10:00:00,1.96,47.7,2119,12.3,0.0,33.3
SR-000300,ASM-01,2026-09-29T11:00:00,1.95,48.2,2108,12.1,0.0,33.2
SR-000301,ASM-01,2026-09-29T12:00:00,1.46,47.2,2077,12.0,0.0,33.2
SR-000302,ASM-01,2026-09-29T13:00:00,2.03,48.1,2084,12.6,0.0,34.5
SR-000303,ASM-01,2026-09-29T14:00:00,1.94,47.8,2016,10.8,0.0,34.0
SR-000304,ASM-01,2026-09-29T15:00:00,1.88,49.6,2111,11.8,0.0,33.8
SR-000305,ASM-01,2026-09-29T16:00:00,1.77,48.1,2052,12.1,0.0,34.6
SR-000306,ASM-01,2026-09-29T17:00:00,1.75,49.3,2113,12.1,0.0,35.5
SR-000307,ASM-01,2026-09-29T18:00:00,1.97,49.0,2119,12.5,0.0,32.9
SR-000308,ASM-01,2026-09-29T19:00:00,2.0,47.8,2126,12.5,0.0,35.3
SR-000309,ASM-01,2026-09-29T20:00:00,1.75,47.4,2126,12.6,0.0,34.8
SR-000310,ASM-01,2026-09-29T21:00:00,1.82,47.0,2098,12.3,0.0,33.9
SR-000311,ASM-01,2026-09-29T22:00:00,1.61,46.2,2108,11.7,0.0,33.6
SR-000312,ASM-01,2026-09-29T23:00:00,1.81,47.3,2083,12.2,0.0,33.4
SR-000313,ASM-01,2026-09-30T00:00:00,1.93,47.2,2075,12.5,0.0,33.7
SR-000314,ASM-01,2026-09-30T01:00:00,1.77,48.8,2033,12.0,0.0,34.7
SR-000315,ASM-01,2026-09-30T02:00:00,1.6,47.6,2076,13.0,0.0,34.0
SR-000316,ASM-01,2026-09-30T03:00:00,1.73,48.0,2090,12.4,0.0,33.8
SR-000317,ASM-01,2026-09-30T04:00:00,1.81,47.5,2137,12.2,0.0,33.6
SR-000318,ASM-01,2026-09-30T05:00:00,1.92,46.4,2045,12.3,0.0,34.4
SR-000319,ASM-01,2026-09-30T06:00:00,1.65,48.5,2064,11.3,0.0,34.1
SR-000320,ASM-01,2026-09-30T07:00:00,1.73,47.9,2129,12.9,0.0,34.0
SR-000321,ASM-01,2026-09-30T08:00:00,1.79,48.4,2115,11.8,0.0,34.6
SR-000322,ASM-01,2026-09-30T09:00:00,1.76,49.4,2122,12.2,0.0,34.7
SR-000323,ASM-01,2026-09-30T10:00:00,1.71,49.5,2072,11.6,0.0,33.2
SR-000324,ASM-01,2026-09-30T11:00:00,2.01,48.8,2097,12.1,0.0,34.3
SR-000325,ASM-01,2026-09-30T12:00:00,1.8,49.3,2105,11.6,0.0,34.0
SR-000326,ASM-01,2026-09-30T13:00:00,1.84,48.0,2099,12.3,0.0,34.1
SR-000327,ASM-01,2026-09-30T14:00:00,1.8,49.1,2146,11.9,0.0,33.6
SR-000328,ASM-01,2026-09-30T15:00:00,1.92,48.6,2093,11.8,0.0,34.3
SR-000329,ASM-01,2026-09-30T16:00:00,1.81,49.3,2116,12.8,0.0,34.0
SR-000330,ASM-01,2026-09-30T17:00:00,1.86,49.2,2122,11.7,0.0,34.5
SR-000331,ASM-01,2026-09-30T18:00:00,1.7,48.9,2066,11.6,0.0,34.1
SR-000332,ASM-01,2026-09-30T19:00:00,1.99,47.8,2109,12.5,0.0,34.5
SR-000333,ASM-01,2026-09-30T20:00:00,1.9,46.5,2082,12.3,0.0,32.9
SR-000334,ASM-01,2026-09-30T21:00:00,1.77,46.9,2051,12.1,0.0,34.5
SR-000335,ASM-01,2026-09-30T22:00:00,1.73,47.3,2032,11.8,0.0,35.1
SR-000336,ASM-01,2026-09-30T23:00:00,1.81,47.6,2097,12.5,0.0,34.3
SR-000337,ASM-01,2026-10-01T00:00:00,1.74,47.2,2078,11.3,0.0,35.3
SR-000338,ASM-01,2026-10-01T01:00:00,1.83,48.6,2097,12.5,0.0,33.6
SR-000339,ASM-01,2026-10-01T02:00:00,1.88,46.7,2083,11.7,0.0,33.6
SR-000340,ASM-01,2026-10-01T03:00:00,1.7,48.0,2103,12.0,0.0,33.8
SR-000341,ASM-01,2026-10-01T04:00:00,1.73,47.5,2105,11.7,0.0,36.3
SR-000342,ASM-01,2026-10-01T05:00:00,1.84,48.2,2150,11.9,0.0,34.3
SR-000343,ASM-01,2026-10-01T06:00:00,1.87,47.0,2114,12.1,0.0,32.6
SR-000344,ASM-01,2026-10-01T07:00:00,1.89,49.8,2048,12.1,0.0,34.6
SR-000345,ASM-01,2026-10-01T08:00:00,1.73,48.8,2089,12.1,0.0,35.1
SR-000346,ASM-01,2026-10-01T09:00:00,1.69,48.9,2099,11.5,0.0,33.0
SR-000347,ASM-01,2026-10-01T10:00:00,2.0,47.6,2059,11.4,0.0,33.0
SR-000348,ASM-01,2026-10-01T11:00:00,1.81,50.0,2128,12.6,0.0,33.7
SR-000349,ASM-01,2026-10-01T12:00:00,1.7,48.2,2095,12.8,0.0,33.2
SR-000350,ASM-01,2026-10-01T13:00:00,1.78,48.5,2091,13.0,0.0,34.1
SR-000351,ASM-01,2026-10-01T14:00:00,1.87,47.6,2086,12.5,0.0,33.1
SR-000352,ASM-01,2026-10-01T15:00:00,1.77,48.8,2108,12.8,0.0,33.3
SR-000353,ASM-01,2026-10-01T16:00:00,1.83,47.4,2087,12.0,0.0,33.7
SR-000354,ASM-01,2026-10-01T17:00:00,1.84,47.0,2082,13.1,0.0,33.0
SR-000355,ASM-01,2026-10-01T18:00:00,1.91,47.6,2061,12.3,0.0,33.8
SR-000356,ASM-01,2026-10-01T19:00:00,1.86,48.0,2108,11.3,0.0,34.4
SR-000357,ASM-01,2026-10-01T20:00:00,1.62,47.3,2095,11.5,0.0,33.1
SR-000358,ASM-01,2026-10-01T21:00:00,1.84,48.1,2111,12.2,0.0,33.1
SR-000359,ASM-01,2026-10-01T22:00:00,1.8,46.4,2102,11.6,0.0,35.0
SR-000360,ASM-01,2026-10-01T23:00:00,1.95,46.0,2145,12.1,0.0,32.7
SR-000361,ASM-01,2026-10-02T00:00:00,1.87,47.5,2122,11.8,0.0,33.2
SR-000362,ASM-01,2026-10-02T01:00:00,1.69,47.5,2034,11.5,0.0,33.5
SR-000363,ASM-01,2026-10-02T02:00:00,1.85,47.8,2085,12.5,0.0,35.4
SR-000364,ASM-01,2026-10-02T03:00:00,1.78,46.9,2126,12.1,0.0,34.8
SR-000365,ASM-01,2026-10-02T04:00:00,1.82,47.1,2132,12.0,0.0,33.9
SR-000366,ASM-01,2026-10-02T05:00:00,1.85,46.6,2129,12.9,0.0,34.6
SR-000367,ASM-01,2026-10-02T06:00:00,1.84,48.1,2153,12.9,0.0,33.7
SR-000368,ASM-01,2026-10-02T07:00:00,2.0,48.5,2119,12.5,0.0,33.7
SR-000369,ASM-01,2026-10-02T08:00:00,1.92,48.0,2137,12.4,0.0,32.7
SR-000370,ASM-01,2026-10-02T09:00:00,1.92,48.4,2092,11.4,0.0,33.9
SR-000371,ASM-01,2026-10-02T10:00:00,1.9,49.8,2071,11.6,0.0,32.7
SR-000372,ASM-01,2026-10-02T11:00:00,1.7,48.5,2129,11.8,0.0,33.4
SR-000373,ASM-01,2026-10-02T12:00:00,1.52,49.2,2154,12.4,0.0,34.4
SR-000374,ASM-01,2026-10-02T13:00:00,1.77,51.1,2082,12.1,0.0,35.3
SR-000375,ASM-01,2026-10-02T14:00:00,1.91,49.6,2079,11.0,0.0,34.1
SR-000376,ASM-01,2026-10-02T15:00:00,1.93,47.2,2149,12.8,0.0,33.9
SR-000377,ASM-01,2026-10-02T16:00:00,1.77,48.2,2124,11.8,0.0,33.7
SR-000378,ASM-01,2026-10-02T17:00:00,1.93,48.4,2064,11.8,0.0,33.5
SR-000379,ASM-01,2026-10-02T18:00:00,1.68,48.1,2092,11.8,0.0,34.5
SR-000380,ASM-01,2026-10-02T19:00:00,1.68,47.5,2128,12.3,0.0,34.0
SR-000381,ASM-01,2026-10-02T20:00:00,1.91,48.0,2075,12.3,0.0,34.0
SR-000382,ASM-01,2026-10-02T21:00:00,1.78,46.9,2102,12.3,0.0,33.3
SR-000383,ASM-01,2026-10-02T22:00:00,1.7,46.9,2059,12.3,0.0,34.7
SR-000384,ASM-01,2026-10-02T23:00:00,1.78,46.8,2087,11.3,0.0,34.9
SR-000385,ASM-02,2026-09-17T00:00:00,1.57,46.5,2057,12.4,0.0,34.2
SR-000386,ASM-02,2026-09-17T01:00:00,1.79,47.3,2130,12.9,0.0,34.6
SR-000387,ASM-02,2026-09-17T02:00:00,1.91,47.2,2044,12.4,0.0,33.8
SR-000388,ASM-02,2026-09-17T03:00:00,1.7,47.2,2083,11.6,0.0,34.2
SR-000389,ASM-02,2026-09-17T04:00:00,2.1,48.2,2142,12.4,0.0,34.8
SR-000390,ASM-02,2026-09-17T05:00:00,1.96,46.5,2139,11.6,0.0,34.5
SR-000391,ASM-02,2026-09-17T06:00:00,1.53,47.2,2088,12.4,0.0,34.1
SR-000392,ASM-02,2026-09-17T07:00:00,1.81,46.8,2130,11.4,0.0,33.1
SR-000393,ASM-02,2026-09-17T08:00:00,1.77,47.7,2097,12.2,0.0,33.6
SR-000394,ASM-02,2026-09-17T09:00:00,1.83,48.5,2096,12.4,0.0,33.9
SR-000395,ASM-02,2026-09-17T10:00:00,2.0,48.8,2094,12.0,0.0,34.6
SR-000396,ASM-02,2026-09-17T11:00:00,1.74,50.0,2105,11.5,0.0,33.9
SR-000397,ASM-02,2026-09-17T12:00:00,1.81,48.2,2122,11.8,0.0,33.6
SR-000398,ASM-02,2026-09-17T13:00:00,1.61,49.1,2157,12.2,0.0,34.7
SR-000399,ASM-02,2026-09-17T14:00:00,1.73,51.2,2095,11.9,0.0,35.7
SR-000400,ASM-02,2026-09-17T15:00:00,1.84,48.4,2063,11.8,0.0,33.8
SR-000401,ASM-02,2026-09-17T16:00:00,1.8,48.6,2121,12.7,0.0,32.9
SR-000402,ASM-02,2026-09-17T17:00:00,1.72,50.9,2095,11.4,0.0,34.0
SR-000403,ASM-02,2026-09-17T18:00:00,1.71,47.3,2034,12.0,0.0,35.3
SR-000404,ASM-02,2026-09-17T19:00:00,1.77,48.7,2090,12.2,0.0,34.1
SR-000405,ASM-02,2026-09-17T20:00:00,1.78,47.9,2104,12.0,0.0,33.7
SR-000406,ASM-02,2026-09-17T21:00:00,1.96,47.4,2072,11.4,0.0,34.8
SR-000407,ASM-02,2026-09-17T22:00:00,1.83,46.4,2066,11.9,0.0,33.2
SR-000408,ASM-02,2026-09-17T23:00:00,1.62,47.1,2104,12.6,0.0,32.7
SR-000409,ASM-02,2026-09-18T00:00:00,1.82,47.8,2110,12.7,0.0,34.0
SR-000410,ASM-02,2026-09-18T01:00:00,1.77,47.1,2079,11.8,0.0,33.5
SR-000411,ASM-02,2026-09-18T02:00:00,1.59,48.1,2056,11.9,0.0,33.2
SR-000412,ASM-02,2026-09-18T03:00:00,1.89,47.1,2105,11.7,0.0,34.2
SR-000413,ASM-02,2026-09-18T04:00:00,1.85,47.0,2116,12.9,0.0,33.9
SR-000414,ASM-02,2026-09-18T05:00:00,1.88,46.1,2106,12.8,0.0,34.7
SR-000415,ASM-02,2026-09-18T06:00:00,1.61,48.8,2128,12.0,0.0,34.3
SR-000416,ASM-02,2026-09-18T07:00:00,1.6,47.6,2083,12.0,0.0,34.1
SR-000417,ASM-02,2026-09-18T08:00:00,1.71,48.4,2140,12.1,0.0,33.0
SR-000418,ASM-02,2026-09-18T09:00:00,1.62,49.6,2063,12.1,0.0,33.8
SR-000419,ASM-02,2026-09-18T10:00:00,2.0,48.3,2116,11.9,0.0,33.9
SR-000420,ASM-02,2026-09-18T11:00:00,1.77,49.5,2080,12.2,0.0,34.7
SR-000421,ASM-02,2026-09-18T12:00:00,1.71,48.0,2078,12.4,0.0,33.8
SR-000422,ASM-02,2026-09-18T13:00:00,1.85,48.5,2088,12.2,0.0,33.5
SR-000423,ASM-02,2026-09-18T14:00:00,1.83,48.7,2099,11.0,0.0,33.4
SR-000424,ASM-02,2026-09-18T15:00:00,1.79,48.3,2087,11.6,0.0,33.4
SR-000425,ASM-02,2026-09-18T16:00:00,1.76,47.0,2064,12.1,0.0,33.4
SR-000426,ASM-02,2026-09-18T17:00:00,1.6,47.7,2116,11.2,0.0,32.2
SR-000427,ASM-02,2026-09-18T18:00:00,1.67,48.7,2148,11.4,0.0,34.4
SR-000428,ASM-02,2026-09-18T19:00:00,1.81,47.3,2076,12.0,0.0,34.2
SR-000429,ASM-02,2026-09-18T20:00:00,1.82,48.1,2068,12.6,0.0,35.6
SR-000430,ASM-02,2026-09-18T21:00:00,1.92,48.6,2086,11.5,0.0,33.6
SR-000431,ASM-02,2026-09-18T22:00:00,1.78,47.2,2139,11.4,0.0,33.9
SR-000432,ASM-02,2026-09-18T23:00:00,1.84,46.8,2113,12.6,0.0,33.9
SR-000433,ASM-02,2026-09-19T00:00:00,1.66,45.8,2089,10.9,0.0,33.7
SR-000434,ASM-02,2026-09-19T01:00:00,1.73,47.8,2127,12.2,0.0,33.9
SR-000435,ASM-02,2026-09-19T02:00:00,1.76,47.2,2121,11.7,0.0,33.8
SR-000436,ASM-02,2026-09-19T03:00:00,1.58,46.8,2083,11.7,0.0,33.8
SR-000437,ASM-02,2026-09-19T04:00:00,1.76,48.9,2105,12.1,0.0,33.3
SR-000438,ASM-02,2026-09-19T05:00:00,1.77,47.5,2145,11.7,0.0,34.2
SR-000439,ASM-02,2026-09-19T06:00:00,2.03,47.3,2073,11.1,0.0,33.3
SR-000440,ASM-02,2026-09-19T07:00:00,2.03,48.6,2034,11.9,0.0,35.0
SR-000441,ASM-02,2026-09-19T08:00:00,1.89,48.2,2089,11.4,0.0,34.2
SR-000442,ASM-02,2026-09-19T09:00:00,1.68,47.9,2099,12.6,0.0,34.7
SR-000443,ASM-02,2026-09-19T10:00:00,2.02,49.4,2114,11.7,0.0,33.6
SR-000444,ASM-02,2026-09-19T11:00:00,1.82,49.3,2123,12.3,0.0,33.3
SR-000445,ASM-02,2026-09-19T12:00:00,1.69,48.8,2105,11.5,0.0,34.3
SR-000446,ASM-02,2026-09-19T13:00:00,1.83,48.1,2141,11.5,0.0,33.1
SR-000447,ASM-02,2026-09-19T14:00:00,1.86,49.2,2087,11.6,0.0,33.9
SR-000448,ASM-02,2026-09-19T15:00:00,1.91,50.4,2138,12.4,0.0,34.0
SR-000449,ASM-02,2026-09-19T16:00:00,1.9,47.8,2128,12.2,0.0,33.7
SR-000450,ASM-02,2026-09-19T17:00:00,1.73,48.0,2090,11.8,0.0,34.6
SR-000451,ASM-02,2026-09-19T18:00:00,1.75,48.2,2117,12.2,0.0,33.9
SR-000452,ASM-02,2026-09-19T19:00:00,1.97,47.4,2094,11.4,0.0,33.1
SR-000453,ASM-02,2026-09-19T20:00:00,1.84,46.3,2091,12.1,0.0,34.8
SR-000454,ASM-02,2026-09-19T21:00:00,1.84,47.2,2050,12.0,0.0,33.9
SR-000455,ASM-02,2026-09-19T22:00:00,1.71,47.9,2142,12.1,0.0,33.9
SR-000456,ASM-02,2026-09-19T23:00:00,1.86,46.5,2076,12.1,0.0,32.9
SR-000457,ASM-02,2026-09-20T00:00:00,1.67,47.7,2091,12.8,0.0,33.3
SR-000458,ASM-02,2026-09-20T01:00:00,2.04,47.2,2074,12.4,0.0,33.9
SR-000459,ASM-02,2026-09-20T02:00:00,1.89,47.0,2097,12.6,0.0,32.6
SR-000460,ASM-02,2026-09-20T03:00:00,1.96,48.2,2105,11.9,0.0,34.7
SR-000461,ASM-02,2026-09-20T04:00:00,1.67,45.6,2094,12.8,0.0,33.2
SR-000462,ASM-02,2026-09-20T05:00:00,1.92,47.5,2095,13.3,0.0,34.6
SR-000463,ASM-02,2026-09-20T06:00:00,1.6,46.5,2100,12.0,0.0,34.8
SR-000464,ASM-02,2026-09-20T07:00:00,1.51,47.8,2125,12.4,0.0,34.1
SR-000465,ASM-02,2026-09-20T08:00:00,1.55,47.8,2125,12.4,0.0,34.7
SR-000466,ASM-02,2026-09-20T09:00:00,1.77,47.0,2065,11.6,0.0,32.9
SR-000467,ASM-02,2026-09-20T10:00:00,1.84,50.0,2109,12.4,0.0,34.3
SR-000468,ASM-02,2026-09-20T11:00:00,1.81,47.8,2135,12.3,0.0,33.6
SR-000469,ASM-02,2026-09-20T12:00:00,1.81,50.5,2075,11.6,0.0,34.9
SR-000470,ASM-02,2026-09-20T13:00:00,1.7,50.1,2093,12.7,0.0,35.2
SR-000471,ASM-02,2026-09-20T14:00:00,1.73,47.5,2074,12.1,0.0,34.6
SR-000472,ASM-02,2026-09-20T15:00:00,1.66,49.7,2105,12.1,0.0,33.5
SR-000473,ASM-02,2026-09-20T16:00:00,1.65,48.8,2078,12.4,0.0,34.1
SR-000474,ASM-02,2026-09-20T17:00:00,1.92,47.3,2110,11.7,0.0,34.2
SR-000475,ASM-02,2026-09-20T18:00:00,1.68,49.7,2129,11.1,0.0,34.9
SR-000476,ASM-02,2026-09-20T19:00:00,1.7,46.4,2092,12.2,0.0,32.4
SR-000477,ASM-02,2026-09-20T20:00:00,2.07,47.5,2076,12.6,0.0,34.3
SR-000478,ASM-02,2026-09-20T21:00:00,2.04,48.0,2126,12.1,0.0,33.7
SR-000479,ASM-02,2026-09-20T22:00:00,1.7,47.1,2115,11.0,0.0,33.1
SR-000480,ASM-02,2026-09-20T23:00:00,2.01,46.7,2127,11.4,0.0,33.6
SR-000481,ASM-02,2026-09-21T00:00:00,1.81,46.3,2054,12.3,0.0,35.3
SR-000482,ASM-02,2026-09-21T01:00:00,1.78,47.7,2073,12.1,0.0,33.4
SR-000483,ASM-02,2026-09-21T02:00:00,1.72,47.2,2112,12.0,0.0,33.1
SR-000484,ASM-02,2026-09-21T03:00:00,1.68,47.0,2128,11.3,0.0,33.7
SR-000485,ASM-02,2026-09-21T04:00:00,1.74,47.8,2132,12.3,0.0,34.3
SR-000486,ASM-02,2026-09-21T05:00:00,1.92,49.0,2146,11.5,0.0,33.3
SR-000487,ASM-02,2026-09-21T06:00:00,1.71,48.8,2109,12.5,0.0,33.2
SR-000488,ASM-02,2026-09-21T07:00:00,1.89,48.6,2079,11.9,0.0,33.8
SR-000489,ASM-02,2026-09-21T08:00:00,1.87,48.4,2061,11.5,0.0,34.1
SR-000490,ASM-02,2026-09-21T09:00:00,1.71,48.9,2059,11.3,0.0,32.9
SR-000491,ASM-02,2026-09-21T10:00:00,1.84,49.8,2088,12.3,0.0,33.6
SR-000492,ASM-02,2026-09-21T11:00:00,1.68,49.2,2076,12.0,0.0,34.3
SR-000493,ASM-02,2026-09-21T12:00:00,1.83,49.8,2098,11.7,0.0,34.8
SR-000494,ASM-02,2026-09-21T13:00:00,1.8,48.6,2074,12.7,0.0,34.0
SR-000495,ASM-02,2026-09-21T14:00:00,1.66,48.6,2056,11.9,0.0,32.0
SR-000496,ASM-02,2026-09-21T15:00:00,1.66,49.8,2009,11.8,0.0,33.4
SR-000497,ASM-02,2026-09-21T16:00:00,1.95,47.3,2104,12.4,0.0,34.4
SR-000498,ASM-02,2026-09-21T17:00:00,1.97,48.8,2081,12.4,0.0,34.1
SR-000499,ASM-02,2026-09-21T18:00:00,1.82,47.5,2114,11.7,0.0,34.1
SR-000500,ASM-02,2026-09-21T19:00:00,1.69,46.3,2108,13.0,0.0,34.3
SR-000501,ASM-02,2026-09-21T20:00:00,1.77,47.8,2146,11.9,0.0,34.3
SR-000502,ASM-02,2026-09-21T21:00:00,1.52,47.2,2114,12.2,0.0,34.8
SR-000503,ASM-02,2026-09-21T22:00:00,1.75,48.6,2050,11.9,0.0,34.0
SR-000504,ASM-02,2026-09-21T23:00:00,1.85,48.0,2059,12.6,0.0,33.1
SR-000505,ASM-02,2026-09-22T00:00:00,1.61,47.7,2103,12.3,0.0,35.0
SR-000506,ASM-02,2026-09-22T01:00:00,1.81,48.5,2064,12.1,0.0,33.8
SR-000507,ASM-02,2026-09-22T02:00:00,1.94,47.6,2094,12.0,0.0,33.6
SR-000508,ASM-02,2026-09-22T03:00:00,1.74,46.6,2074,12.4,0.0,34.9
SR-000509,ASM-02,2026-09-22T04:00:00,1.59,48.4,2130,12.1,0.0,34.1
SR-000510,ASM-02,2026-09-22T05:00:00,1.76,47.1,2031,11.5,0.0,33.5
SR-000511,ASM-02,2026-09-22T06:00:00,1.51,48.6,2105,12.3,0.0,34.5
SR-000512,ASM-02,2026-09-22T07:00:00,1.8,47.7,2146,11.9,0.0,33.7
SR-000513,ASM-02,2026-09-22T08:00:00,2.04,49.2,2075,12.0,0.0,33.9
SR-000514,ASM-02,2026-09-22T09:00:00,1.88,49.3,2092,11.6,0.0,35.0
SR-000515,ASM-02,2026-09-22T10:00:00,1.79,48.9,2084,12.0,0.0,33.8
SR-000516,ASM-02,2026-09-22T11:00:00,1.72,47.9,2050,12.9,0.0,34.6
SR-000517,ASM-02,2026-09-22T12:00:00,2.18,48.4,2118,12.4,0.0,34.5
SR-000518,ASM-02,2026-09-22T13:00:00,1.8,49.7,2104,10.8,0.0,34.2
SR-000519,ASM-02,2026-09-22T14:00:00,1.86,49.5,2157,11.9,0.0,34.6
SR-000520,ASM-02,2026-09-22T15:00:00,1.6,47.7,2192,11.6,0.0,33.6
SR-000521,ASM-02,2026-09-22T16:00:00,1.57,47.2,2099,11.9,0.0,33.5
SR-000522,ASM-02,2026-09-22T17:00:00,1.66,49.4,2122,13.0,0.0,34.3
SR-000523,ASM-02,2026-09-22T18:00:00,1.77,47.6,2060,12.4,0.0,33.9
SR-000524,ASM-02,2026-09-22T19:00:00,1.71,47.3,2075,12.7,0.0,33.7
SR-000525,ASM-02,2026-09-22T20:00:00,1.92,48.3,2107,11.4,0.0,33.5
SR-000526,ASM-02,2026-09-22T21:00:00,1.75,46.8,2100,11.3,0.0,33.5
SR-000527,ASM-02,2026-09-22T22:00:00,1.56,48.3,2060,11.7,0.0,32.3
SR-000528,ASM-02,2026-09-22T23:00:00,1.85,46.6,2120,11.8,0.0,33.9
SR-000529,ASM-02,2026-09-23T00:00:00,1.61,47.8,2122,12.1,0.0,33.3
SR-000530,ASM-02,2026-09-23T01:00:00,1.85,47.5,2113,12.5,0.0,32.7
SR-000531,ASM-02,2026-09-23T02:00:00,1.73,46.6,2082,11.6,0.0,34.4
SR-000532,ASM-02,2026-09-23T03:00:00,1.71,47.1,2092,12.0,0.0,32.7
SR-000533,ASM-02,2026-09-23T04:00:00,1.84,47.7,2130,11.6,0.0,33.6
SR-000534,ASM-02,2026-09-23T05:00:00,1.81,47.2,2130,12.1,0.0,33.9
SR-000535,ASM-02,2026-09-23T06:00:00,2.0,47.4,2020,11.6,0.0,34.3
SR-000536,ASM-02,2026-09-23T07:00:00,1.6,46.0,2071,12.1,0.0,34.9
SR-000537,ASM-02,2026-09-23T08:00:00,1.68,49.6,2121,11.8,0.0,33.7
SR-000538,ASM-02,2026-09-23T09:00:00,1.79,48.7,2103,12.7,0.0,34.3
SR-000539,ASM-02,2026-09-23T10:00:00,1.72,49.0,2144,12.0,0.0,32.3
SR-000540,ASM-02,2026-09-23T11:00:00,1.87,48.2,2084,12.0,0.0,33.3
SR-000541,ASM-02,2026-09-23T12:00:00,1.78,49.4,2107,12.2,0.0,33.1
SR-000542,ASM-02,2026-09-23T13:00:00,1.85,48.9,2111,12.2,0.0,33.9
SR-000543,ASM-02,2026-09-23T14:00:00,1.85,46.9,2074,12.0,0.0,33.5
SR-000544,ASM-02,2026-09-23T15:00:00,1.8,50.5,2137,12.5,0.0,33.5
SR-000545,ASM-02,2026-09-23T16:00:00,1.76,48.2,2140,12.0,0.0,34.5
SR-000546,ASM-02,2026-09-23T17:00:00,1.83,49.1,2082,12.2,0.0,35.7
SR-000547,ASM-02,2026-09-23T18:00:00,1.71,46.3,2052,11.3,0.0,35.2
SR-000548,ASM-02,2026-09-23T19:00:00,1.72,48.9,2052,11.9,0.0,35.1
SR-000549,ASM-02,2026-09-23T20:00:00,1.91,47.2,2150,11.6,0.0,33.1
SR-000550,ASM-02,2026-09-23T21:00:00,1.79,48.1,2144,11.1,0.0,34.6
SR-000551,ASM-02,2026-09-23T22:00:00,1.65,47.3,2116,11.6,0.0,34.9
SR-000552,ASM-02,2026-09-23T23:00:00,1.78,46.2,2081,11.6,0.0,33.8
SR-000553,ASM-02,2026-09-24T00:00:00,1.76,45.9,2104,11.7,0.0,33.8
SR-000554,ASM-02,2026-09-24T01:00:00,1.91,47.5,2095,12.3,0.0,36.1
SR-000555,ASM-02,2026-09-24T02:00:00,1.8,46.9,2105,12.1,0.0,33.7
SR-000556,ASM-02,2026-09-24T03:00:00,1.72,47.3,2040,12.0,0.0,34.1
SR-000557,ASM-02,2026-09-24T04:00:00,1.7,48.1,2115,11.8,0.0,33.9
SR-000558,ASM-02,2026-09-24T05:00:00,1.74,47.6,2151,11.8,0.0,34.5
SR-000559,ASM-02,2026-09-24T06:00:00,1.82,47.8,2098,11.9,0.0,33.2
SR-000560,ASM-02,2026-09-24T07:00:00,1.78,50.2,2153,12.7,0.0,32.9
SR-000561,ASM-02,2026-09-24T08:00:00,1.88,49.1,2125,12.2,0.0,34.0
SR-000562,ASM-02,2026-09-24T09:00:00,1.7,48.8,2094,12.6,0.0,34.2
SR-000563,ASM-02,2026-09-24T10:00:00,1.86,49.0,2107,11.8,0.0,34.8
SR-000564,ASM-02,2026-09-24T11:00:00,1.62,50.9,2116,12.2,0.0,34.8
SR-000565,ASM-02,2026-09-24T12:00:00,1.86,49.9,2114,12.8,0.0,35.5
SR-000566,ASM-02,2026-09-24T13:00:00,1.72,48.9,2077,12.2,0.0,34.3
SR-000567,ASM-02,2026-09-24T14:00:00,2.1,47.7,2099,12.1,0.0,34.1
SR-000568,ASM-02,2026-09-24T15:00:00,1.83,48.8,2078,12.2,0.0,33.6
SR-000569,ASM-02,2026-09-24T16:00:00,1.76,48.5,2033,12.1,0.0,34.1
SR-000570,ASM-02,2026-09-24T17:00:00,1.72,49.4,2054,12.0,0.0,33.3
SR-000571,ASM-02,2026-09-24T18:00:00,1.91,47.6,2076,11.3,0.0,34.1
SR-000572,ASM-02,2026-09-24T19:00:00,1.71,48.1,2083,12.5,0.0,34.0
SR-000573,ASM-02,2026-09-24T20:00:00,1.9,47.7,2070,12.8,0.0,33.7
SR-000574,ASM-02,2026-09-24T21:00:00,1.9,47.3,2102,12.8,0.0,34.0
SR-000575,ASM-02,2026-09-24T22:00:00,1.69,46.8,2081,12.2,0.0,33.1
SR-000576,ASM-02,2026-09-24T23:00:00,1.87,45.1,2122,11.7,0.0,33.9
SR-000577,ASM-02,2026-09-25T00:00:00,1.83,46.0,2110,11.1,0.0,34.0
SR-000578,ASM-02,2026-09-25T01:00:00,1.84,49.7,2094,12.1,0.0,33.8
SR-000579,ASM-02,2026-09-25T02:00:00,1.82,45.5,2128,13.1,0.0,34.5
SR-000580,ASM-02,2026-09-25T03:00:00,1.84,45.8,2050,12.2,0.0,34.9
SR-000581,ASM-02,2026-09-25T04:00:00,1.95,47.2,2156,12.2,0.0,33.4
SR-000582,ASM-02,2026-09-25T05:00:00,1.87,48.6,2086,11.6,0.0,34.3
SR-000583,ASM-02,2026-09-25T06:00:00,1.92,48.4,2106,12.1,0.0,33.1
SR-000584,ASM-02,2026-09-25T07:00:00,1.89,48.7,2100,12.1,0.0,34.1
SR-000585,ASM-02,2026-09-25T08:00:00,1.86,47.9,2142,12.4,0.0,33.4
SR-000586,ASM-02,2026-09-25T09:00:00,1.85,49.6,2088,12.6,0.0,34.6
SR-000587,ASM-02,2026-09-25T10:00:00,1.83,49.1,2103,11.5,0.0,33.0
SR-000588,ASM-02,2026-09-25T11:00:00,2.04,50.0,2034,12.1,0.0,33.3
SR-000589,ASM-02,2026-09-25T12:00:00,1.94,48.9,2117,12.5,0.0,33.4
SR-000590,ASM-02,2026-09-25T13:00:00,1.85,48.9,2058,11.3,0.0,33.6
SR-000591,ASM-02,2026-09-25T14:00:00,1.97,48.7,2118,12.4,0.0,34.2
SR-000592,ASM-02,2026-09-25T15:00:00,1.64,47.9,2154,12.6,0.0,35.0
SR-000593,ASM-02,2026-09-25T16:00:00,1.72,47.3,2094,11.3,0.0,34.1
SR-000594,ASM-02,2026-09-25T17:00:00,1.75,47.5,2080,12.5,0.0,34.0
SR-000595,ASM-02,2026-09-25T18:00:00,1.89,47.0,2058,12.1,0.0,33.4
SR-000596,ASM-02,2026-09-25T19:00:00,1.8,48.8,2072,12.8,0.0,31.8
SR-000597,ASM-02,2026-09-25T20:00:00,1.96,47.3,2105,11.8,0.0,33.2
SR-000598,ASM-02,2026-09-25T21:00:00,1.83,47.7,2098,11.9,0.0,33.7
SR-000599,ASM-02,2026-09-25T22:00:00,1.88,46.8,2174,11.3,0.0,34.0
SR-000600,ASM-02,2026-09-25T23:00:00,1.78,47.5,2099,12.3,0.0,34.9
SR-000601,ASM-02,2026-09-26T00:00:00,1.91,46.5,2079,12.2,0.0,34.1
SR-000602,ASM-02,2026-09-26T01:00:00,1.91,46.7,2116,11.7,0.0,33.7
SR-000603,ASM-02,2026-09-26T02:00:00,1.94,47.8,2101,11.5,0.0,34.3
SR-000604,ASM-02,2026-09-26T03:00:00,2.03,47.7,2025,12.5,0.0,34.6
SR-000605,ASM-02,2026-09-26T04:00:00,1.75,48.0,2071,11.2,0.0,34.2
SR-000606,ASM-02,2026-09-26T05:00:00,1.96,49.5,2135,12.2,0.0,33.5
SR-000607,ASM-02,2026-09-26T06:00:00,1.57,48.1,2107,11.8,0.0,33.6
SR-000608,ASM-02,2026-09-26T07:00:00,1.83,48.4,2056,11.6,0.0,33.5
SR-000609,ASM-02,2026-09-26T08:00:00,1.83,47.9,2157,11.5,0.0,33.0
SR-000610,ASM-02,2026-09-26T09:00:00,1.95,48.6,2130,12.0,0.0,34.5
SR-000611,ASM-02,2026-09-26T10:00:00,1.78,47.6,2080,11.9,0.0,32.6
SR-000612,ASM-02,2026-09-26T11:00:00,1.92,49.2,2092,11.6,0.0,34.2
SR-000613,ASM-02,2026-09-26T12:00:00,1.83,50.4,2072,12.9,0.0,34.3
SR-000614,ASM-02,2026-09-26T13:00:00,1.95,49.2,2100,12.3,0.0,33.5
SR-000615,ASM-02,2026-09-26T14:00:00,1.91,49.5,2092,12.9,0.0,33.9
SR-000616,ASM-02,2026-09-26T15:00:00,2.04,48.3,2054,11.4,0.0,33.3
SR-000617,ASM-02,2026-09-26T16:00:00,1.79,47.5,2109,11.9,0.0,33.1
SR-000618,ASM-02,2026-09-26T17:00:00,1.72,47.7,2128,12.1,0.0,33.7
SR-000619,ASM-02,2026-09-26T18:00:00,1.96,47.9,2111,11.8,0.0,34.5
SR-000620,ASM-02,2026-09-26T19:00:00,1.79,47.4,2085,11.9,0.0,34.1
SR-000621,ASM-02,2026-09-26T20:00:00,1.9,46.8,2090,11.9,0.0,34.0
SR-000622,ASM-02,2026-09-26T21:00:00,1.51,48.5,2037,11.9,0.0,34.6
SR-000623,ASM-02,2026-09-26T22:00:00,1.72,46.0,2126,11.9,0.0,34.1
SR-000624,ASM-02,2026-09-26T23:00:00,1.76,46.3,2134,12.8,0.0,33.1
SR-000625,ASM-02,2026-09-27T00:00:00,1.73,45.9,2117,11.7,0.0,34.0
SR-000626,ASM-02,2026-09-27T01:00:00,1.74,47.4,2090,12.1,0.0,34.3
SR-000627,ASM-02,2026-09-27T02:00:00,1.86,46.8,2142,11.2,0.0,33.7
SR-000628,ASM-02,2026-09-27T03:00:00,1.77,47.2,2075,12.4,0.0,32.9
SR-000629,ASM-02,2026-09-27T04:00:00,1.73,48.0,2131,11.6,0.0,33.4
SR-000630,ASM-02,2026-09-27T05:00:00,1.67,47.1,2088,11.3,0.0,33.7
SR-000631,ASM-02,2026-09-27T06:00:00,1.8,48.3,2080,11.1,0.0,32.8
SR-000632,ASM-02,2026-09-27T07:00:00,1.93,48.9,2105,11.5,0.0,33.3
SR-000633,ASM-02,2026-09-27T08:00:00,1.71,48.2,2145,11.9,0.0,34.2
SR-000634,ASM-02,2026-09-27T09:00:00,1.81,47.1,2084,12.4,0.0,33.9
SR-000635,ASM-02,2026-09-27T10:00:00,1.74,48.9,2076,11.5,0.0,34.5
SR-000636,ASM-02,2026-09-27T11:00:00,1.77,47.2,2120,12.0,0.0,34.6
SR-000637,ASM-02,2026-09-27T12:00:00,1.73,48.4,2126,12.0,0.0,34.6
SR-000638,ASM-02,2026-09-27T13:00:00,1.86,49.5,2068,12.2,0.0,33.9
SR-000639,ASM-02,2026-09-27T14:00:00,1.94,50.2,2084,12.3,0.0,34.1
SR-000640,ASM-02,2026-09-27T15:00:00,2.07,50.0,2099,13.0,0.0,33.5
SR-000641,ASM-02,2026-09-27T16:00:00,1.92,48.8,2123,12.0,0.0,33.8
SR-000642,ASM-02,2026-09-27T17:00:00,1.92,48.3,2082,12.0,0.0,33.0
SR-000643,ASM-02,2026-09-27T18:00:00,1.94,46.5,2144,12.2,0.0,33.9
SR-000644,ASM-02,2026-09-27T19:00:00,1.66,47.3,2055,12.8,0.0,35.0
SR-000645,ASM-02,2026-09-27T20:00:00,2.04,47.2,2111,12.7,0.0,34.7
SR-000646,ASM-02,2026-09-27T21:00:00,1.75,47.2,2148,11.6,0.0,34.6
SR-000647,ASM-02,2026-09-27T22:00:00,1.75,47.9,2097,12.1,0.0,32.7
SR-000648,ASM-02,2026-09-27T23:00:00,1.73,48.0,2061,11.6,0.0,33.8
SR-000649,ASM-02,2026-09-28T00:00:00,1.96,47.3,2097,11.5,0.0,34.6
SR-000650,ASM-02,2026-09-28T01:00:00,1.75,46.8,2069,12.5,0.0,34.5
SR-000651,ASM-02,2026-09-28T02:00:00,2.02,47.9,2126,11.6,0.0,34.0
SR-000652,ASM-02,2026-09-28T03:00:00,1.98,47.7,2070,12.0,0.0,34.4
SR-000653,ASM-02,2026-09-28T04:00:00,1.74,47.4,2109,12.6,0.0,34.6
SR-000654,ASM-02,2026-09-28T05:00:00,1.86,47.9,2125,11.6,0.0,32.6
SR-000655,ASM-02,2026-09-28T06:00:00,1.67,46.9,2112,11.5,0.0,32.6
SR-000656,ASM-02,2026-09-28T07:00:00,1.82,47.9,2116,11.3,0.0,34.8
SR-000657,ASM-02,2026-09-28T08:00:00,1.81,49.0,2093,12.1,0.0,33.4
SR-000658,ASM-02,2026-09-28T09:00:00,1.64,50.1,2137,11.9,0.0,34.4
SR-000659,ASM-02,2026-09-28T10:00:00,1.85,48.0,2100,12.2,0.0,34.0
SR-000660,ASM-02,2026-09-28T11:00:00,1.78,49.3,2087,12.4,0.0,32.2
SR-000661,ASM-02,2026-09-28T12:00:00,1.67,47.9,2100,11.6,0.0,34.2
SR-000662,ASM-02,2026-09-28T13:00:00,1.89,48.5,2077,12.8,0.0,34.8
SR-000663,ASM-02,2026-09-28T14:00:00,1.82,49.1,2105,12.2,0.0,32.5
SR-000664,ASM-02,2026-09-28T15:00:00,1.92,47.3,2109,10.9,0.0,34.5
SR-000665,ASM-02,2026-09-28T16:00:00,2.0,48.4,2120,12.8,0.0,34.3
SR-000666,ASM-02,2026-09-28T17:00:00,1.86,47.5,2076,11.9,0.0,34.2
SR-000667,ASM-02,2026-09-28T18:00:00,1.84,47.8,2108,12.7,0.0,34.6
SR-000668,ASM-02,2026-09-28T19:00:00,1.68,48.8,2130,12.2,0.0,34.2
SR-000669,ASM-02,2026-09-28T20:00:00,1.76,47.3,2112,12.6,0.0,33.2
SR-000670,ASM-02,2026-09-28T21:00:00,1.8,48.9,2137,12.0,0.0,34.6
SR-000671,ASM-02,2026-09-28T22:00:00,1.93,45.4,2104,12.1,0.0,34.1
SR-000672,ASM-02,2026-09-28T23:00:00,1.93,47.4,2099,11.8,0.0,34.6
SR-000673,ASM-02,2026-09-29T00:00:00,1.7,47.9,2056,12.0,0.0,33.9
SR-000674,ASM-02,2026-09-29T01:00:00,1.57,47.2,2135,12.1,0.0,32.7
SR-000675,ASM-02,2026-09-29T02:00:00,1.79,46.0,2140,12.4,0.0,34.2
SR-000676,ASM-02,2026-09-29T03:00:00,1.98,47.4,2076,11.7,0.0,34.0
SR-000677,ASM-02,2026-09-29T04:00:00,1.7,47.1,2076,12.3,0.0,33.0
SR-000678,ASM-02,2026-09-29T05:00:00,1.72,47.0,2115,12.1,0.0,34.7
SR-000679,ASM-02,2026-09-29T06:00:00,1.73,47.7,2080,11.7,0.0,33.3
SR-000680,ASM-02,2026-09-29T07:00:00,1.8,48.5,2080,11.5,0.0,34.9
SR-000681,ASM-02,2026-09-29T08:00:00,1.73,47.8,2133,12.3,0.0,33.8
SR-000682,ASM-02,2026-09-29T09:00:00,1.74,49.5,2135,11.6,0.0,35.1
SR-000683,ASM-02,2026-09-29T10:00:00,1.48,48.6,2132,12.7,0.0,35.4
SR-000684,ASM-02,2026-09-29T11:00:00,1.72,47.9,2096,12.1,0.0,34.6
SR-000685,ASM-02,2026-09-29T12:00:00,2.07,49.6,2104,11.6,0.0,35.8
SR-000686,ASM-02,2026-09-29T13:00:00,1.71,48.5,2133,12.7,0.0,34.5
SR-000687,ASM-02,2026-09-29T14:00:00,1.75,49.8,2092,11.9,0.0,34.8
SR-000688,ASM-02,2026-09-29T15:00:00,1.76,48.7,2143,11.4,0.0,35.6
SR-000689,ASM-02,2026-09-29T16:00:00,1.59,48.2,2099,12.2,0.0,33.5
SR-000690,ASM-02,2026-09-29T17:00:00,1.9,48.1,2094,12.4,0.0,34.3
SR-000691,ASM-02,2026-09-29T18:00:00,1.68,47.9,2163,12.1,0.0,33.6
SR-000692,ASM-02,2026-09-29T19:00:00,1.75,49.0,2102,12.5,0.0,34.7
SR-000693,ASM-02,2026-09-29T20:00:00,1.99,46.5,2114,11.7,0.0,34.2
SR-000694,ASM-02,2026-09-29T21:00:00,1.86,46.5,2096,11.7,0.0,34.2
SR-000695,ASM-02,2026-09-29T22:00:00,1.8,47.0,2110,12.7,0.0,33.9
SR-000696,ASM-02,2026-09-29T23:00:00,1.82,46.7,2149,12.0,0.0,34.1
SR-000697,ASM-02,2026-09-30T00:00:00,1.79,46.5,2067,12.0,0.0,34.1
SR-000698,ASM-02,2026-09-30T01:00:00,2.14,45.6,2091,12.4,0.0,32.0
SR-000699,ASM-02,2026-09-30T02:00:00,1.73,48.4,2105,11.9,0.0,34.1
SR-000700,ASM-02,2026-09-30T03:00:00,1.88,47.6,2134,11.7,0.0,34.1
SR-000701,ASM-02,2026-09-30T04:00:00,1.83,46.6,2057,12.0,0.0,34.5
SR-000702,ASM-02,2026-09-30T05:00:00,1.77,46.0,2045,12.2,0.0,33.6
SR-000703,ASM-02,2026-09-30T06:00:00,1.71,48.5,2079,11.9,0.0,33.6
SR-000704,ASM-02,2026-09-30T07:00:00,1.8,49.4,2086,11.6,0.0,34.1
SR-000705,ASM-02,2026-09-30T08:00:00,1.82,47.2,2070,12.8,0.0,32.7
SR-000706,ASM-02,2026-09-30T09:00:00,2.17,47.3,2066,12.2,0.0,34.4
SR-000707,ASM-02,2026-09-30T10:00:00,1.91,49.3,2064,12.3,0.0,35.0
SR-000708,ASM-02,2026-09-30T11:00:00,1.88,47.0,2137,12.1,0.0,33.5
SR-000709,ASM-02,2026-09-30T12:00:00,1.87,47.7,2071,11.1,0.0,33.9
SR-000710,ASM-02,2026-09-30T13:00:00,1.97,49.7,2049,11.0,0.0,34.2
SR-000711,ASM-02,2026-09-30T14:00:00,1.68,48.5,2140,11.4,0.0,33.6
SR-000712,ASM-02,2026-09-30T15:00:00,1.88,49.4,2066,12.1,0.0,35.0
SR-000713,ASM-02,2026-09-30T16:00:00,1.76,48.3,2120,12.2,0.0,34.5
SR-000714,ASM-02,2026-09-30T17:00:00,1.62,48.6,2090,12.7,0.0,34.2
SR-000715,ASM-02,2026-09-30T18:00:00,1.64,48.6,2125,11.1,0.0,34.1
SR-000716,ASM-02,2026-09-30T19:00:00,1.82,47.7,2102,12.2,0.0,32.5
SR-000717,ASM-02,2026-09-30T20:00:00,1.88,45.9,2124,11.9,0.0,32.0
SR-000718,ASM-02,2026-09-30T21:00:00,1.67,47.7,2088,12.7,0.0,34.0
SR-000719,ASM-02,2026-09-30T22:00:00,1.73,45.9,2084,11.1,0.0,33.6
SR-000720,ASM-02,2026-09-30T23:00:00,1.86,46.5,2116,12.0,0.0,33.3
SR-000721,ASM-02,2026-10-01T00:00:00,1.9,46.9,2083,11.7,0.0,34.4
SR-000722,ASM-02,2026-10-01T01:00:00,1.52,46.8,2163,11.0,0.0,33.3
SR-000723,ASM-02,2026-10-01T02:00:00,1.79,47.9,2073,11.9,0.0,33.7
SR-000724,ASM-02,2026-10-01T03:00:00,1.81,47.8,2103,11.4,0.0,33.6
SR-000725,ASM-02,2026-10-01T04:00:00,1.74,48.6,2168,11.9,0.0,34.2
SR-000726,ASM-02,2026-10-01T05:00:00,1.68,47.5,2067,11.8,0.0,33.7
SR-000727,ASM-02,2026-10-01T06:00:00,1.71,49.1,2153,12.0,0.0,34.1
SR-000728,ASM-02,2026-10-01T07:00:00,1.84,48.5,2045,11.8,0.0,35.1
SR-000729,ASM-02,2026-10-01T08:00:00,1.95,48.1,2052,12.0,0.0,33.7
SR-000730,ASM-02,2026-10-01T09:00:00,1.74,49.7,2100,11.9,0.0,34.3
SR-000731,ASM-02,2026-10-01T10:00:00,1.94,48.5,2050,11.6,0.0,34.1
SR-000732,ASM-02,2026-10-01T11:00:00,1.84,48.5,2080,11.6,0.0,35.4
SR-000733,ASM-02,2026-10-01T12:00:00,1.89,48.2,2107,12.7,0.0,34.0
SR-000734,ASM-02,2026-10-01T13:00:00,1.74,47.6,2135,12.0,0.0,32.8
SR-000735,ASM-02,2026-10-01T14:00:00,1.83,48.6,2099,12.5,0.0,33.8
SR-000736,ASM-02,2026-10-01T15:00:00,1.72,48.0,2080,11.9,0.0,33.7
SR-000737,ASM-02,2026-10-01T16:00:00,1.58,49.0,2073,12.2,0.0,34.1
SR-000738,ASM-02,2026-10-01T17:00:00,1.66,48.2,2087,13.0,0.0,34.2
SR-000739,ASM-02,2026-10-01T18:00:00,1.84,49.3,2111,12.3,0.0,34.6
SR-000740,ASM-02,2026-10-01T19:00:00,1.82,47.7,2105,11.3,0.0,34.9
SR-000741,ASM-02,2026-10-01T20:00:00,1.84,46.9,2147,12.3,0.0,35.6
SR-000742,ASM-02,2026-10-01T21:00:00,1.91,47.7,2038,11.1,0.0,35.1
SR-000743,ASM-02,2026-10-01T22:00:00,1.88,47.5,2078,11.7,0.0,33.5
SR-000744,ASM-02,2026-10-01T23:00:00,1.95,45.9,2045,12.8,0.0,33.3
SR-000745,ASM-02,2026-10-02T00:00:00,1.88,47.1,2124,11.9,0.0,34.4
SR-000746,ASM-02,2026-10-02T01:00:00,1.83,47.4,2066,11.7,0.0,34.6
SR-000747,ASM-02,2026-10-02T02:00:00,1.67,47.3,2130,11.6,0.0,34.5
SR-000748,ASM-02,2026-10-02T03:00:00,1.95,48.0,2069,12.3,0.0,33.5
SR-000749,ASM-02,2026-10-02T04:00:00,1.8,48.7,2066,12.1,0.0,33.9
SR-000750,ASM-02,2026-10-02T05:00:00,1.88,48.0,2148,12.2,0.0,34.6
SR-000751,ASM-02,2026-10-02T06:00:00,1.96,48.5,2124,11.7,0.0,34.7
SR-000752,ASM-02,2026-10-02T07:00:00,1.86,47.5,2114,12.3,0.0,34.0
SR-000753,ASM-02,2026-10-02T08:00:00,1.74,48.9,2118,12.1,0.0,32.9
SR-000754,ASM-02,2026-10-02T09:00:00,1.63,48.8,2113,12.3,0.0,35.0
SR-000755,ASM-02,2026-10-02T10:00:00,2.02,48.9,2085,12.3,0.0,34.8
SR-000756,ASM-02,2026-10-02T11:00:00,1.92,48.4,2128,12.0,0.0,33.4
SR-000757,ASM-02,2026-10-02T12:00:00,1.72,48.1,2165,10.9,0.0,34.7
SR-000758,ASM-02,2026-10-02T13:00:00,1.86,48.7,2052,12.3,0.0,32.9
SR-000759,ASM-02,2026-10-02T14:00:00,1.87,49.7,2146,11.1,0.0,33.5
SR-000760,ASM-02,2026-10-02T15:00:00,1.59,48.4,2106,11.6,0.0,33.8
SR-000761,ASM-02,2026-10-02T16:00:00,1.69,47.4,2113,12.3,0.0,33.7
SR-000762,ASM-02,2026-10-02T17:00:00,1.95,47.8,2103,11.1,0.0,33.6
SR-000763,ASM-02,2026-10-02T18:00:00,1.54,48.8,2151,11.6,0.0,33.7
SR-000764,ASM-02,2026-10-02T19:00:00,1.76,48.9,2063,11.5,0.0,35.6
SR-000765,ASM-02,2026-10-02T20:00:00,1.88,47.1,2091,12.2,0.0,34.6
SR-000766,ASM-02,2026-10-02T21:00:00,1.85,47.2,2077,10.8,0.0,35.3
SR-000767,ASM-02,2026-10-02T22:00:00,2.0,47.4,2091,12.9,0.0,33.3
SR-000768,ASM-02,2026-10-02T23:00:00,1.72,46.4,2092,11.1,0.0,34.1
SR-000769,ASM-03,2026-09-17T00:00:00,1.87,46.0,2125,11.2,0.0,34.8
SR-000770,ASM-03,2026-09-17T01:00:00,1.72,45.8,2108,10.7,0.0,33.5
SR-000771,ASM-03,2026-09-17T02:00:00,1.87,46.5,2098,10.6,0.0,33.7
SR-000772,ASM-03,2026-09-17T03:00:00,1.79,48.6,2078,11.5,0.0,35.0
SR-000773,ASM-03,2026-09-17T04:00:00,1.7,46.4,2092,11.9,0.0,34.0
SR-000774,ASM-03,2026-09-17T05:00:00,1.63,48.2,2131,11.9,0.0,34.2
SR-000775,ASM-03,2026-09-17T06:00:00,2.03,47.6,2112,11.9,0.0,34.7
SR-000776,ASM-03,2026-09-17T07:00:00,1.83,47.9,2144,13.1,0.0,34.2
SR-000777,ASM-03,2026-09-17T08:00:00,1.97,48.0,2104,11.1,0.0,34.5
SR-000778,ASM-03,2026-09-17T09:00:00,2.0,49.1,2121,11.7,0.0,35.1
SR-000779,ASM-03,2026-09-17T10:00:00,2.07,48.0,2114,12.8,0.0,33.9
SR-000780,ASM-03,2026-09-17T11:00:00,1.94,49.1,2131,12.4,0.0,34.0
SR-000781,ASM-03,2026-09-17T12:00:00,1.88,48.5,2148,11.6,0.0,34.9
SR-000782,ASM-03,2026-09-17T13:00:00,1.77,50.8,2104,12.1,0.0,34.0
SR-000783,ASM-03,2026-09-17T14:00:00,1.8,48.0,2100,11.8,0.0,34.6
SR-000784,ASM-03,2026-09-17T15:00:00,1.86,49.1,2085,12.5,0.0,34.1
SR-000785,ASM-03,2026-09-17T16:00:00,1.76,49.5,2099,11.7,0.0,33.7
SR-000786,ASM-03,2026-09-17T17:00:00,1.96,47.1,2077,12.7,0.0,34.4
SR-000787,ASM-03,2026-09-17T18:00:00,1.65,47.0,2118,12.4,0.0,34.5
SR-000788,ASM-03,2026-09-17T19:00:00,1.89,47.4,2098,11.9,0.0,34.0
SR-000789,ASM-03,2026-09-17T20:00:00,1.81,47.6,2111,12.4,0.0,33.5
SR-000790,ASM-03,2026-09-17T21:00:00,1.67,47.8,2131,12.1,0.0,34.1
SR-000791,ASM-03,2026-09-17T22:00:00,1.58,47.6,2100,12.2,0.0,34.0
SR-000792,ASM-03,2026-09-17T23:00:00,1.58,47.6,2137,12.6,0.0,34.9
SR-000793,ASM-03,2026-09-18T00:00:00,1.79,47.0,2108,11.8,0.0,34.9
SR-000794,ASM-03,2026-09-18T01:00:00,1.8,47.3,2108,12.0,0.0,34.5
SR-000795,ASM-03,2026-09-18T02:00:00,1.8,47.5,2126,11.3,0.0,35.2
SR-000796,ASM-03,2026-09-18T03:00:00,1.91,45.4,2039,12.0,0.0,34.5
SR-000797,ASM-03,2026-09-18T04:00:00,1.89,48.2,2078,12.1,0.0,33.2
SR-000798,ASM-03,2026-09-18T05:00:00,1.77,48.8,2118,12.4,0.0,34.1
SR-000799,ASM-03,2026-09-18T06:00:00,1.47,49.2,2103,12.0,0.0,34.9
SR-000800,ASM-03,2026-09-18T07:00:00,1.57,47.8,2121,11.9,0.0,33.4
SR-000801,ASM-03,2026-09-18T08:00:00,1.65,48.7,2090,12.4,0.0,33.2
SR-000802,ASM-03,2026-09-18T09:00:00,1.81,48.2,2099,12.2,0.0,33.0
SR-000803,ASM-03,2026-09-18T10:00:00,2.0,49.8,2171,12.4,0.0,34.3
SR-000804,ASM-03,2026-09-18T11:00:00,1.88,48.7,2131,11.7,0.0,33.2
SR-000805,ASM-03,2026-09-18T12:00:00,1.76,49.4,2117,11.9,0.0,33.7
SR-000806,ASM-03,2026-09-18T13:00:00,1.74,48.9,2073,11.9,0.0,34.3
SR-000807,ASM-03,2026-09-18T14:00:00,1.62,49.4,2104,11.2,0.0,34.6
SR-000808,ASM-03,2026-09-18T15:00:00,1.92,48.4,2098,12.8,0.0,34.4
SR-000809,ASM-03,2026-09-18T16:00:00,1.87,48.6,2101,11.7,0.0,34.5
SR-000810,ASM-03,2026-09-18T17:00:00,1.75,48.1,2077,11.9,0.0,34.2
SR-000811,ASM-03,2026-09-18T18:00:00,1.6,47.1,2086,12.5,0.0,34.1
SR-000812,ASM-03,2026-09-18T19:00:00,1.9,48.9,2065,12.3,0.0,34.1
SR-000813,ASM-03,2026-09-18T20:00:00,1.64,48.1,2120,12.4,0.0,34.4
SR-000814,ASM-03,2026-09-18T21:00:00,1.69,46.9,2100,11.3,0.0,34.4
SR-000815,ASM-03,2026-09-18T22:00:00,1.99,48.1,2062,12.2,0.0,34.1
SR-000816,ASM-03,2026-09-18T23:00:00,1.64,48.1,2067,12.6,0.0,33.8
SR-000817,ASM-03,2026-09-19T00:00:00,1.94,48.6,2111,11.8,0.0,33.8
SR-000818,ASM-03,2026-09-19T01:00:00,1.66,47.8,2090,12.7,0.0,34.8
SR-000819,ASM-03,2026-09-19T02:00:00,1.81,47.3,2146,11.7,0.0,33.8
SR-000820,ASM-03,2026-09-19T03:00:00,1.97,48.4,2093,11.5,0.0,34.6
SR-000821,ASM-03,2026-09-19T04:00:00,1.78,46.6,2130,12.7,0.0,33.8
SR-000822,ASM-03,2026-09-19T05:00:00,1.83,46.3,2110,11.6,0.0,34.3
SR-000823,ASM-03,2026-09-19T06:00:00,1.77,47.4,2084,11.6,0.0,34.1
SR-000824,ASM-03,2026-09-19T07:00:00,1.85,47.9,2044,11.8,0.0,35.6
SR-000825,ASM-03,2026-09-19T08:00:00,1.84,48.9,2164,13.0,0.0,34.6
SR-000826,ASM-03,2026-09-19T09:00:00,1.53,47.8,2145,12.2,0.0,34.2
SR-000827,ASM-03,2026-09-19T10:00:00,1.9,48.8,2064,11.9,0.0,34.1
SR-000828,ASM-03,2026-09-19T11:00:00,1.79,49.0,2117,12.2,0.0,33.4
SR-000829,ASM-03,2026-09-19T12:00:00,1.63,49.7,2129,12.0,0.0,34.0
SR-000830,ASM-03,2026-09-19T13:00:00,1.99,48.9,2131,11.5,0.0,34.0
SR-000831,ASM-03,2026-09-19T14:00:00,1.73,49.5,2125,12.0,0.0,34.0
SR-000832,ASM-03,2026-09-19T15:00:00,1.72,49.5,2179,11.9,0.0,34.5
SR-000833,ASM-03,2026-09-19T16:00:00,1.88,49.7,2084,11.1,0.0,33.8
SR-000834,ASM-03,2026-09-19T17:00:00,2.0,47.7,2066,12.9,0.0,34.0
SR-000835,ASM-03,2026-09-19T18:00:00,1.62,50.3,2088,11.9,0.0,34.5
SR-000836,ASM-03,2026-09-19T19:00:00,1.85,47.9,2079,12.2,0.0,34.0
SR-000837,ASM-03,2026-09-19T20:00:00,1.83,46.9,2098,12.4,0.0,33.3
SR-000838,ASM-03,2026-09-19T21:00:00,1.82,47.4,2079,12.1,0.0,34.2
SR-000839,ASM-03,2026-09-19T22:00:00,1.82,47.5,2050,11.6,0.0,32.5
SR-000840,ASM-03,2026-09-19T23:00:00,1.97,48.1,2101,12.1,0.0,34.6
SR-000841,ASM-03,2026-09-20T00:00:00,1.76,46.6,2111,11.9,0.0,33.8
SR-000842,ASM-03,2026-09-20T01:00:00,1.47,47.5,2079,12.2,0.0,33.5
SR-000843,ASM-03,2026-09-20T02:00:00,1.72,46.0,2055,11.7,0.0,33.7
SR-000844,ASM-03,2026-09-20T03:00:00,2.06,48.0,2059,12.4,0.0,33.7
SR-000845,ASM-03,2026-09-20T04:00:00,1.91,47.5,2082,12.9,0.0,35.9
SR-000846,ASM-03,2026-09-20T05:00:00,1.65,46.5,2081,11.9,0.0,33.8
SR-000847,ASM-03,2026-09-20T06:00:00,1.83,49.0,2160,12.2,0.0,32.7
SR-000848,ASM-03,2026-09-20T07:00:00,1.71,47.9,2054,12.4,0.0,35.0
SR-000849,ASM-03,2026-09-20T08:00:00,1.77,48.7,2136,11.4,0.0,34.7
SR-000850,ASM-03,2026-09-20T09:00:00,1.97,47.3,2066,12.4,0.0,34.5
SR-000851,ASM-03,2026-09-20T10:00:00,1.88,49.4,2099,12.2,0.0,33.1
SR-000852,ASM-03,2026-09-20T11:00:00,2.1,47.5,2116,12.4,0.0,33.0
SR-000853,ASM-03,2026-09-20T12:00:00,1.69,48.4,2135,12.8,0.0,34.9
SR-000854,ASM-03,2026-09-20T13:00:00,1.92,47.9,2077,11.4,0.0,33.8
SR-000855,ASM-03,2026-09-20T14:00:00,2.02,50.4,2101,12.6,0.0,34.4
SR-000856,ASM-03,2026-09-20T15:00:00,1.98,48.6,2104,10.8,0.0,33.5
SR-000857,ASM-03,2026-09-20T16:00:00,1.65,49.8,2112,12.0,0.0,34.0
SR-000858,ASM-03,2026-09-20T17:00:00,1.78,47.8,2139,11.6,0.0,34.3
SR-000859,ASM-03,2026-09-20T18:00:00,2.07,47.4,2096,11.9,0.0,34.5
SR-000860,ASM-03,2026-09-20T19:00:00,2.02,47.0,2104,12.3,0.0,33.3
SR-000861,ASM-03,2026-09-20T20:00:00,1.88,48.6,2044,11.6,0.0,35.2
SR-000862,ASM-03,2026-09-20T21:00:00,1.9,48.1,2115,13.2,0.0,35.6
SR-000863,ASM-03,2026-09-20T22:00:00,1.72,46.8,2030,11.0,0.0,33.7
SR-000864,ASM-03,2026-09-20T23:00:00,1.87,47.3,2079,11.8,0.0,32.1
SR-000865,ASM-03,2026-09-21T00:00:00,1.6,48.8,2057,12.0,0.0,33.9
SR-000866,ASM-03,2026-09-21T01:00:00,1.7,45.7,2112,12.1,0.0,35.5
SR-000867,ASM-03,2026-09-21T02:00:00,1.91,48.1,2122,12.6,0.0,34.3
SR-000868,ASM-03,2026-09-21T03:00:00,1.6,47.9,2080,11.1,0.0,34.2
SR-000869,ASM-03,2026-09-21T04:00:00,1.82,47.4,2105,13.1,0.0,33.9
SR-000870,ASM-03,2026-09-21T05:00:00,1.61,49.0,2104,11.6,0.0,34.5
SR-000871,ASM-03,2026-09-21T06:00:00,1.78,48.8,2063,12.6,0.0,34.1
SR-000872,ASM-03,2026-09-21T07:00:00,1.69,49.2,2086,11.7,0.0,33.9
SR-000873,ASM-03,2026-09-21T08:00:00,1.79,48.4,2092,12.1,0.0,33.6
SR-000874,ASM-03,2026-09-21T09:00:00,1.61,49.3,2105,12.4,0.0,33.5
SR-000875,ASM-03,2026-09-21T10:00:00,1.95,47.5,2122,12.1,0.0,34.4
SR-000876,ASM-03,2026-09-21T11:00:00,1.82,48.1,2086,11.4,0.0,34.9
SR-000877,ASM-03,2026-09-21T12:00:00,1.82,48.5,2101,11.8,0.0,34.4
SR-000878,ASM-03,2026-09-21T13:00:00,1.67,48.8,2071,12.3,0.0,33.3
SR-000879,ASM-03,2026-09-21T14:00:00,2.09,48.3,2079,12.4,0.0,34.3
SR-000880,ASM-03,2026-09-21T15:00:00,1.72,48.5,2118,11.6,0.0,33.1
SR-000881,ASM-03,2026-09-21T16:00:00,1.85,47.2,2142,12.0,0.0,35.1
SR-000882,ASM-03,2026-09-21T17:00:00,1.85,47.7,2063,12.3,0.0,34.1
SR-000883,ASM-03,2026-09-21T18:00:00,1.56,46.6,2138,11.8,0.0,33.8
SR-000884,ASM-03,2026-09-21T19:00:00,1.87,48.4,2062,12.6,0.0,33.7
SR-000885,ASM-03,2026-09-21T20:00:00,1.81,46.9,2091,11.5,0.0,32.5
SR-000886,ASM-03,2026-09-21T21:00:00,1.74,46.9,2082,12.0,0.0,34.5
SR-000887,ASM-03,2026-09-21T22:00:00,1.9,46.7,2031,12.4,0.0,33.5
SR-000888,ASM-03,2026-09-21T23:00:00,1.58,47.8,2035,12.9,0.0,34.3
SR-000889,ASM-03,2026-09-22T00:00:00,1.6,48.1,2097,12.4,0.0,34.1
SR-000890,ASM-03,2026-09-22T01:00:00,1.72,48.0,2102,12.3,0.0,33.6
SR-000891,ASM-03,2026-09-22T02:00:00,2.08,48.5,2044,11.7,0.0,35.6
SR-000892,ASM-03,2026-09-22T03:00:00,1.79,47.4,2091,13.0,0.0,34.2
SR-000893,ASM-03,2026-09-22T04:00:00,1.97,46.4,2132,12.0,0.0,34.2
SR-000894,ASM-03,2026-09-22T05:00:00,1.76,46.7,2090,11.9,0.0,34.9
SR-000895,ASM-03,2026-09-22T06:00:00,1.83,48.8,2109,11.2,0.0,34.1
SR-000896,ASM-03,2026-09-22T07:00:00,1.8,48.7,2015,11.2,0.0,34.2
SR-000897,ASM-03,2026-09-22T08:00:00,1.78,49.2,2038,12.0,0.0,34.0
SR-000898,ASM-03,2026-09-22T09:00:00,1.88,49.6,2100,11.8,0.0,34.5
SR-000899,ASM-03,2026-09-22T10:00:00,1.83,48.6,2068,12.1,0.0,34.1
SR-000900,ASM-03,2026-09-22T11:00:00,1.9,47.4,2090,11.3,0.0,33.3
SR-000901,ASM-03,2026-09-22T12:00:00,1.74,48.3,2060,13.1,0.0,34.7
SR-000902,ASM-03,2026-09-22T13:00:00,1.92,48.7,2105,11.7,0.0,33.9
SR-000903,ASM-03,2026-09-22T14:00:00,2.09,47.6,2110,11.9,0.0,33.5
SR-000904,ASM-03,2026-09-22T15:00:00,1.8,49.7,2079,12.0,0.0,33.7
SR-000905,ASM-03,2026-09-22T16:00:00,1.63,48.1,2083,12.5,0.0,32.5
SR-000906,ASM-03,2026-09-22T17:00:00,1.85,47.2,2136,12.2,0.0,34.1
SR-000907,ASM-03,2026-09-22T18:00:00,2.08,48.6,2073,12.0,0.0,34.3
SR-000908,ASM-03,2026-09-22T19:00:00,1.92,48.2,2115,11.8,0.0,34.5
SR-000909,ASM-03,2026-09-22T20:00:00,1.82,48.5,2105,12.5,0.0,35.7
SR-000910,ASM-03,2026-09-22T21:00:00,1.68,48.9,2068,12.3,0.0,32.7
SR-000911,ASM-03,2026-09-22T22:00:00,1.8,47.6,2119,12.6,0.0,34.7
SR-000912,ASM-03,2026-09-22T23:00:00,1.88,46.5,2096,11.4,0.0,33.7
SR-000913,ASM-03,2026-09-23T00:00:00,1.79,47.5,2092,12.9,0.0,34.0
SR-000914,ASM-03,2026-09-23T01:00:00,1.66,47.3,2092,12.3,0.0,33.8
SR-000915,ASM-03,2026-09-23T02:00:00,1.79,46.3,2106,11.4,0.0,35.3
SR-000916,ASM-03,2026-09-23T03:00:00,1.84,48.4,2107,12.9,0.0,34.3
SR-000917,ASM-03,2026-09-23T04:00:00,1.82,47.5,2189,13.3,0.0,34.3
SR-000918,ASM-03,2026-09-23T05:00:00,1.74,46.9,2148,11.1,0.0,33.4
SR-000919,ASM-03,2026-09-23T06:00:00,1.78,48.4,2100,12.3,0.0,34.4
SR-000920,ASM-03,2026-09-23T07:00:00,1.56,48.0,2086,12.3,0.0,33.4
SR-000921,ASM-03,2026-09-23T08:00:00,1.67,48.6,2095,12.0,0.0,33.7
SR-000922,ASM-03,2026-09-23T09:00:00,2.04,47.7,2125,11.5,0.0,34.8
SR-000923,ASM-03,2026-09-23T10:00:00,1.68,48.3,2115,11.1,0.0,33.9
SR-000924,ASM-03,2026-09-23T11:00:00,1.81,49.1,2087,12.7,0.0,33.1
SR-000925,ASM-03,2026-09-23T12:00:00,1.91,50.2,2076,10.8,0.0,34.1
SR-000926,ASM-03,2026-09-23T13:00:00,1.51,50.2,2099,12.3,0.0,34.2
SR-000927,ASM-03,2026-09-23T14:00:00,2.07,49.1,2096,11.7,0.0,33.9
SR-000928,ASM-03,2026-09-23T15:00:00,1.74,48.7,2137,11.6,0.0,34.0
SR-000929,ASM-03,2026-09-23T16:00:00,1.92,48.2,2110,12.5,0.0,34.0
SR-000930,ASM-03,2026-09-23T17:00:00,1.9,47.3,2129,11.8,0.0,33.0
SR-000931,ASM-03,2026-09-23T18:00:00,1.67,48.9,2112,11.5,0.0,34.5
SR-000932,ASM-03,2026-09-23T19:00:00,1.76,47.5,2128,10.9,0.0,34.3
SR-000933,ASM-03,2026-09-23T20:00:00,1.81,46.4,2108,12.4,0.0,35.0
SR-000934,ASM-03,2026-09-23T21:00:00,1.82,46.3,2053,12.0,0.0,33.8
SR-000935,ASM-03,2026-09-23T22:00:00,1.65,46.2,2082,11.7,0.0,33.7
SR-000936,ASM-03,2026-09-23T23:00:00,1.74,45.5,2074,12.0,0.0,33.1
SR-000937,ASM-03,2026-09-24T00:00:00,1.94,47.0,2104,11.4,0.0,34.7
SR-000938,ASM-03,2026-09-24T01:00:00,2.07,45.7,2105,10.8,0.0,34.8
SR-000939,ASM-03,2026-09-24T02:00:00,1.59,48.8,2090,12.4,0.0,33.9
SR-000940,ASM-03,2026-09-24T03:00:00,1.64,46.0,2133,12.5,0.0,33.4
SR-000941,ASM-03,2026-09-24T04:00:00,1.73,47.3,2063,12.6,0.0,33.6
SR-000942,ASM-03,2026-09-24T05:00:00,1.74,47.0,2132,11.6,0.0,32.9
SR-000943,ASM-03,2026-09-24T06:00:00,1.88,48.6,2100,11.1,0.0,33.5
SR-000944,ASM-03,2026-09-24T07:00:00,1.67,48.2,2146,12.1,0.0,32.6
SR-000945,ASM-03,2026-09-24T08:00:00,1.94,48.7,2089,12.5,0.0,34.5
SR-000946,ASM-03,2026-09-24T09:00:00,1.86,48.6,2119,12.1,0.0,33.8
SR-000947,ASM-03,2026-09-24T10:00:00,1.77,48.6,2065,12.1,0.0,34.7
SR-000948,ASM-03,2026-09-24T11:00:00,2.02,48.6,2137,12.5,0.0,33.4
SR-000949,ASM-03,2026-09-24T12:00:00,1.89,48.8,2106,11.7,0.0,34.4
SR-000950,ASM-03,2026-09-24T13:00:00,1.76,47.6,2086,11.5,0.0,33.3
SR-000951,ASM-03,2026-09-24T14:00:00,1.95,50.3,2105,11.7,0.0,33.6
SR-000952,ASM-03,2026-09-24T15:00:00,1.76,48.0,2099,12.0,0.0,34.6
SR-000953,ASM-03,2026-09-24T16:00:00,1.91,49.2,2100,11.3,0.0,33.9
SR-000954,ASM-03,2026-09-24T17:00:00,1.97,47.9,2094,11.3,0.0,32.8
SR-000955,ASM-03,2026-09-24T18:00:00,1.96,48.1,2099,11.6,0.0,33.6
SR-000956,ASM-03,2026-09-24T19:00:00,1.83,48.7,2086,11.7,0.0,34.7
SR-000957,ASM-03,2026-09-24T20:00:00,1.81,47.5,2142,12.2,0.0,33.7
SR-000958,ASM-03,2026-09-24T21:00:00,1.93,46.9,2088,12.1,0.0,33.7
SR-000959,ASM-03,2026-09-24T22:00:00,1.7,46.7,2104,11.6,0.0,34.0
SR-000960,ASM-03,2026-09-24T23:00:00,1.89,46.9,2137,12.5,0.0,33.6
SR-000961,ASM-03,2026-09-25T00:00:00,1.76,46.3,2092,11.5,0.0,34.1
SR-000962,ASM-03,2026-09-25T01:00:00,1.85,46.5,2098,11.9,0.0,32.4
SR-000963,ASM-03,2026-09-25T02:00:00,1.81,46.7,2098,11.7,0.0,33.1
SR-000964,ASM-03,2026-09-25T03:00:00,1.93,46.9,2064,11.5,0.0,33.6
SR-000965,ASM-03,2026-09-25T04:00:00,1.61,47.9,2138,12.0,0.0,33.7
SR-000966,ASM-03,2026-09-25T05:00:00,2.03,47.9,2076,11.4,0.0,34.3
SR-000967,ASM-03,2026-09-25T06:00:00,1.95,47.4,2036,12.5,0.0,34.3
SR-000968,ASM-03,2026-09-25T07:00:00,1.79,46.7,2082,11.8,0.0,33.9
SR-000969,ASM-03,2026-09-25T08:00:00,1.86,48.5,2117,11.8,0.0,36.7
SR-000970,ASM-03,2026-09-25T09:00:00,1.86,48.2,2096,12.2,0.0,33.7
SR-000971,ASM-03,2026-09-25T10:00:00,1.67,48.9,2139,11.5,0.0,34.5
SR-000972,ASM-03,2026-09-25T11:00:00,1.76,50.2,1996,12.8,0.0,34.0
SR-000973,ASM-03,2026-09-25T12:00:00,1.85,49.0,2048,12.0,0.0,33.4
SR-000974,ASM-03,2026-09-25T13:00:00,1.87,49.8,2070,11.3,0.0,33.2
SR-000975,ASM-03,2026-09-25T14:00:00,1.78,48.6,2090,13.1,0.0,33.8
SR-000976,ASM-03,2026-09-25T15:00:00,1.86,47.7,2076,11.4,0.0,32.1
SR-000977,ASM-03,2026-09-25T16:00:00,1.94,47.8,2086,12.1,0.0,34.0
SR-000978,ASM-03,2026-09-25T17:00:00,1.85,48.6,2114,11.8,0.0,34.1
SR-000979,ASM-03,2026-09-25T18:00:00,1.84,47.2,2104,12.2,0.0,33.5
SR-000980,ASM-03,2026-09-25T19:00:00,1.56,47.1,2128,12.6,0.0,34.2
SR-000981,ASM-03,2026-09-25T20:00:00,1.73,46.6,2080,11.5,0.0,34.9
SR-000982,ASM-03,2026-09-25T21:00:00,1.64,48.0,2057,12.1,0.0,35.4
SR-000983,ASM-03,2026-09-25T22:00:00,1.68,47.3,2110,11.5,0.0,34.6
SR-000984,ASM-03,2026-09-25T23:00:00,1.63,48.0,2103,12.0,0.0,33.4
SR-000985,ASM-03,2026-09-26T00:00:00,1.85,46.9,2092,11.9,0.0,33.7
SR-000986,ASM-03,2026-09-26T01:00:00,2.03,47.8,2062,12.5,0.0,33.4
SR-000987,ASM-03,2026-09-26T02:00:00,1.82,47.7,2127,12.0,0.0,33.9
SR-000988,ASM-03,2026-09-26T03:00:00,1.72,47.8,2085,11.8,0.0,34.2
SR-000989,ASM-03,2026-09-26T04:00:00,1.96,46.1,2149,11.6,0.0,35.0
SR-000990,ASM-03,2026-09-26T05:00:00,1.47,49.4,2079,12.3,0.0,32.2
SR-000991,ASM-03,2026-09-26T06:00:00,1.9,47.9,2036,11.8,0.0,32.4
SR-000992,ASM-03,2026-09-26T07:00:00,1.88,47.3,2026,12.8,0.0,33.8
SR-000993,ASM-03,2026-09-26T08:00:00,1.82,49.6,2086,12.2,0.0,33.1
SR-000994,ASM-03,2026-09-26T09:00:00,1.94,48.3,2103,12.0,0.0,35.2
SR-000995,ASM-03,2026-09-26T10:00:00,1.8,48.5,2080,12.8,0.0,34.6
SR-000996,ASM-03,2026-09-26T11:00:00,1.71,48.5,2057,11.8,0.0,33.4
SR-000997,ASM-03,2026-09-26T12:00:00,1.85,50.4,2153,13.1,0.0,33.9
SR-000998,ASM-03,2026-09-26T13:00:00,1.84,48.9,2107,12.1,0.0,33.7
SR-000999,ASM-03,2026-09-26T14:00:00,1.86,47.5,2140,13.0,0.0,34.8
SR-001000,ASM-03,2026-09-26T15:00:00,1.74,48.2,2103,11.6,0.0,34.2
SR-001001,ASM-03,2026-09-26T16:00:00,1.86,47.1,2044,12.3,0.0,33.9
SR-001002,ASM-03,2026-09-26T17:00:00,1.86,49.2,2091,12.2,0.0,34.4
SR-001003,ASM-03,2026-09-26T18:00:00,1.7,47.3,2126,12.2,0.0,33.7
SR-001004,ASM-03,2026-09-26T19:00:00,2.05,47.5,2086,11.8,0.0,33.5
SR-001005,ASM-03,2026-09-26T20:00:00,1.71,48.9,2059,11.4,0.0,33.5
SR-001006,ASM-03,2026-09-26T21:00:00,1.74,47.2,2096,12.0,0.0,34.0
SR-001007,ASM-03,2026-09-26T22:00:00,1.99,48.5,2085,12.4,0.0,34.1
SR-001008,ASM-03,2026-09-26T23:00:00,1.71,46.9,2103,12.6,0.0,33.2
SR-001009,ASM-03,2026-09-27T00:00:00,2.05,47.5,2137,12.6,0.0,33.9
SR-001010,ASM-03,2026-09-27T01:00:00,1.67,44.8,2097,11.8,0.0,34.5
SR-001011,ASM-03,2026-09-27T02:00:00,1.57,47.3,2082,11.8,0.0,33.9
SR-001012,ASM-03,2026-09-27T03:00:00,1.68,47.1,2055,12.5,0.0,33.9
SR-001013,ASM-03,2026-09-27T04:00:00,1.76,48.8,2130,12.0,0.0,33.9
SR-001014,ASM-03,2026-09-27T05:00:00,1.86,47.9,2107,12.3,0.0,33.6
SR-001015,ASM-03,2026-09-27T06:00:00,1.7,47.9,2071,10.8,0.0,34.7
SR-001016,ASM-03,2026-09-27T07:00:00,1.95,48.1,2106,11.2,0.0,32.6
SR-001017,ASM-03,2026-09-27T08:00:00,1.79,49.9,2096,12.3,0.0,32.7
SR-001018,ASM-03,2026-09-27T09:00:00,1.7,48.8,2050,11.4,0.0,33.3
SR-001019,ASM-03,2026-09-27T10:00:00,1.73,48.3,2104,11.7,0.0,34.1
SR-001020,ASM-03,2026-09-27T11:00:00,1.86,50.2,2108,11.9,0.0,33.9
SR-001021,ASM-03,2026-09-27T12:00:00,1.73,49.4,2137,11.4,0.0,34.4
SR-001022,ASM-03,2026-09-27T13:00:00,1.92,49.3,2140,11.8,0.0,34.5
SR-001023,ASM-03,2026-09-27T14:00:00,1.83,48.5,2096,12.0,0.0,33.3
SR-001024,ASM-03,2026-09-27T15:00:00,1.86,48.8,2092,11.7,0.0,33.3
SR-001025,ASM-03,2026-09-27T16:00:00,1.82,50.5,2108,11.7,0.0,33.1
SR-001026,ASM-03,2026-09-27T17:00:00,1.75,48.4,2083,13.0,0.0,33.0
SR-001027,ASM-03,2026-09-27T18:00:00,1.97,49.5,2099,12.3,0.0,32.8
SR-001028,ASM-03,2026-09-27T19:00:00,1.73,47.6,2104,12.0,0.0,35.0
SR-001029,ASM-03,2026-09-27T20:00:00,1.82,48.0,2112,12.2,0.0,33.8
SR-001030,ASM-03,2026-09-27T21:00:00,2.1,47.9,2067,12.6,0.0,34.1
SR-001031,ASM-03,2026-09-27T22:00:00,1.9,46.0,2108,11.7,0.0,34.0
SR-001032,ASM-03,2026-09-27T23:00:00,1.79,45.4,2038,11.6,0.0,34.5
SR-001033,ASM-03,2026-09-28T00:00:00,1.77,47.1,2132,12.0,0.0,35.3
SR-001034,ASM-03,2026-09-28T01:00:00,1.88,45.3,2056,11.8,0.0,34.4
SR-001035,ASM-03,2026-09-28T02:00:00,1.72,46.9,2135,12.2,0.0,34.1
SR-001036,ASM-03,2026-09-28T03:00:00,1.87,45.9,2159,12.3,0.0,33.4
SR-001037,ASM-03,2026-09-28T04:00:00,1.91,47.6,2114,12.3,0.0,33.9
SR-001038,ASM-03,2026-09-28T05:00:00,1.81,47.0,2137,12.7,0.0,34.4
SR-001039,ASM-03,2026-09-28T06:00:00,1.78,48.0,2111,12.0,0.0,33.8
SR-001040,ASM-03,2026-09-28T07:00:00,1.88,48.7,2085,12.6,0.0,33.8
SR-001041,ASM-03,2026-09-28T08:00:00,1.7,48.8,2070,11.8,0.0,33.7
SR-001042,ASM-03,2026-09-28T09:00:00,1.62,47.8,2076,12.4,0.0,34.5
SR-001043,ASM-03,2026-09-28T10:00:00,1.82,48.0,2130,11.7,0.0,34.0
SR-001044,ASM-03,2026-09-28T11:00:00,2.07,49.0,2138,11.7,0.0,33.4
SR-001045,ASM-03,2026-09-28T12:00:00,1.9,48.6,2126,11.3,0.0,34.6
SR-001046,ASM-03,2026-09-28T13:00:00,1.71,50.2,2103,12.5,0.0,33.7
SR-001047,ASM-03,2026-09-28T14:00:00,1.99,49.1,2082,11.6,0.0,33.7
SR-001048,ASM-03,2026-09-28T15:00:00,1.94,48.0,2158,11.7,0.0,33.6
SR-001049,ASM-03,2026-09-28T16:00:00,1.77,48.5,2059,11.9,0.0,33.2
SR-001050,ASM-03,2026-09-28T17:00:00,1.71,49.3,2093,12.7,0.0,35.1
SR-001051,ASM-03,2026-09-28T18:00:00,1.86,49.0,2157,11.7,0.0,33.7
SR-001052,ASM-03,2026-09-28T19:00:00,1.99,47.0,2124,13.3,0.0,34.0
SR-001053,ASM-03,2026-09-28T20:00:00,1.76,47.8,2088,11.7,0.0,35.0
SR-001054,ASM-03,2026-09-28T21:00:00,1.75,48.1,2073,12.2,0.0,34.3
SR-001055,ASM-03,2026-09-28T22:00:00,1.96,48.3,2090,11.7,0.0,33.3
SR-001056,ASM-03,2026-09-28T23:00:00,1.91,46.7,2078,12.2,0.0,34.2
SR-001057,ASM-03,2026-09-29T00:00:00,1.76,47.1,2145,11.7,0.0,34.2
SR-001058,ASM-03,2026-09-29T01:00:00,1.96,47.4,2140,12.3,0.0,34.4
SR-001059,ASM-03,2026-09-29T02:00:00,1.83,46.7,2080,12.7,0.0,33.6
SR-001060,ASM-03,2026-09-29T03:00:00,2.15,46.3,2048,11.2,0.0,33.8
SR-001061,ASM-03,2026-09-29T04:00:00,1.9,48.5,2105,12.2,0.0,34.1
SR-001062,ASM-03,2026-09-29T05:00:00,1.8,47.7,2113,12.5,0.0,34.6
SR-001063,ASM-03,2026-09-29T06:00:00,1.9,49.2,2098,11.9,0.0,33.9
SR-001064,ASM-03,2026-09-29T07:00:00,1.75,47.8,2128,10.3,0.0,34.8
SR-001065,ASM-03,2026-09-29T08:00:00,1.73,48.6,2095,12.0,0.0,34.5
SR-001066,ASM-03,2026-09-29T09:00:00,1.68,48.9,2056,12.3,0.0,34.5
SR-001067,ASM-03,2026-09-29T10:00:00,1.76,49.4,2025,12.0,0.0,34.8
SR-001068,ASM-03,2026-09-29T11:00:00,1.85,48.9,2084,12.8,0.0,34.5
SR-001069,ASM-03,2026-09-29T12:00:00,1.95,47.8,2110,12.2,0.0,34.5
SR-001070,ASM-03,2026-09-29T13:00:00,1.83,49.3,2103,12.3,0.0,32.4
SR-001071,ASM-03,2026-09-29T14:00:00,1.77,49.3,2066,12.4,0.0,33.7
SR-001072,ASM-03,2026-09-29T15:00:00,1.96,49.3,2100,10.8,0.0,34.7
SR-001073,ASM-03,2026-09-29T16:00:00,1.97,47.8,2135,11.8,0.0,32.3
SR-001074,ASM-03,2026-09-29T17:00:00,2.03,49.2,2073,11.8,0.0,33.7
SR-001075,ASM-03,2026-09-29T18:00:00,1.91,48.7,2086,12.6,0.0,34.0
SR-001076,ASM-03,2026-09-29T19:00:00,1.92,47.1,2136,11.7,0.0,33.9
SR-001077,ASM-03,2026-09-29T20:00:00,1.73,47.1,2103,11.7,0.0,33.5
SR-001078,ASM-03,2026-09-29T21:00:00,1.65,47.7,2060,12.0,0.0,33.1
SR-001079,ASM-03,2026-09-29T22:00:00,1.67,48.1,2094,12.3,0.0,34.0
SR-001080,ASM-03,2026-09-29T23:00:00,1.62,46.3,2116,11.3,0.0,32.3
SR-001081,ASM-03,2026-09-30T00:00:00,1.76,48.1,2078,11.8,0.0,33.2
SR-001082,ASM-03,2026-09-30T01:00:00,1.71,46.7,2100,12.9,0.0,33.4
SR-001083,ASM-03,2026-09-30T02:00:00,1.48,48.4,2073,11.3,0.0,34.0
SR-001084,ASM-03,2026-09-30T03:00:00,1.95,46.7,2121,11.1,0.0,33.8
SR-001085,ASM-03,2026-09-30T04:00:00,1.84,46.1,2101,12.3,0.0,33.7
SR-001086,ASM-03,2026-09-30T05:00:00,1.79,46.8,2112,11.5,0.0,32.5
SR-001087,ASM-03,2026-09-30T06:00:00,1.85,47.6,2077,12.4,0.0,33.7
SR-001088,ASM-03,2026-09-30T07:00:00,1.54,47.6,2078,12.4,0.0,33.5
SR-001089,ASM-03,2026-09-30T08:00:00,1.79,49.3,2067,12.6,0.0,32.7
SR-001090,ASM-03,2026-09-30T09:00:00,1.81,49.2,2119,12.1,0.0,34.6
SR-001091,ASM-03,2026-09-30T10:00:00,1.72,50.0,2117,11.4,0.0,35.1
SR-001092,ASM-03,2026-09-30T11:00:00,1.87,49.3,2054,11.8,0.0,34.2
SR-001093,ASM-03,2026-09-30T12:00:00,1.86,47.7,2131,10.9,0.0,34.3
SR-001094,ASM-03,2026-09-30T13:00:00,1.9,48.7,2120,12.1,0.0,34.2
SR-001095,ASM-03,2026-09-30T14:00:00,1.88,48.6,2113,12.2,0.0,33.9
SR-001096,ASM-03,2026-09-30T15:00:00,1.69,49.1,2131,12.3,0.0,33.5
SR-001097,ASM-03,2026-09-30T16:00:00,1.86,49.0,2072,12.4,0.0,34.7
SR-001098,ASM-03,2026-09-30T17:00:00,1.66,48.0,2153,11.8,0.0,33.2
SR-001099,ASM-03,2026-09-30T18:00:00,1.62,49.0,2129,11.9,0.0,34.8
SR-001100,ASM-03,2026-09-30T19:00:00,1.67,48.0,2093,13.0,0.0,33.5
SR-001101,ASM-03,2026-09-30T20:00:00,1.76,47.2,2069,12.5,0.0,32.7
SR-001102,ASM-03,2026-09-30T21:00:00,1.89,46.5,2063,11.9,0.0,33.4
SR-001103,ASM-03,2026-09-30T22:00:00,1.82,47.9,2141,11.5,0.0,34.9
SR-001104,ASM-03,2026-09-30T23:00:00,1.62,48.2,2095,12.7,0.0,35.3
SR-001105,ASM-03,2026-10-01T00:00:00,1.94,45.4,2189,11.7,0.0,34.8
SR-001106,ASM-03,2026-10-01T01:00:00,1.95,48.7,2024,11.4,0.0,34.2
SR-001107,ASM-03,2026-10-01T02:00:00,1.77,48.3,2059,12.4,0.0,35.0
SR-001108,ASM-03,2026-10-01T03:00:00,1.92,45.9,2110,12.9,0.0,34.5
SR-001109,ASM-03,2026-10-01T04:00:00,1.84,48.1,2086,12.1,0.0,34.6
SR-001110,ASM-03,2026-10-01T05:00:00,1.92,47.1,2083,11.0,0.0,33.8
SR-001111,ASM-03,2026-10-01T06:00:00,1.95,48.0,2121,12.0,0.0,34.3
SR-001112,ASM-03,2026-10-01T07:00:00,1.79,48.5,2084,11.9,0.0,33.8
SR-001113,ASM-03,2026-10-01T08:00:00,1.69,48.5,2095,12.1,0.0,33.7
SR-001114,ASM-03,2026-10-01T09:00:00,1.76,47.3,2163,12.1,0.0,34.9
SR-001115,ASM-03,2026-10-01T10:00:00,1.86,49.4,2088,10.9,0.0,33.1
SR-001116,ASM-03,2026-10-01T11:00:00,1.86,50.1,2062,11.5,0.0,33.7
SR-001117,ASM-03,2026-10-01T12:00:00,1.84,49.1,2029,12.2,0.0,34.0
SR-001118,ASM-03,2026-10-01T13:00:00,1.78,50.1,2094,12.0,0.0,33.6
SR-001119,ASM-03,2026-10-01T14:00:00,1.83,48.3,2128,11.5,0.0,33.8
SR-001120,ASM-03,2026-10-01T15:00:00,1.84,47.7,2136,12.1,0.0,35.2
SR-001121,ASM-03,2026-10-01T16:00:00,1.84,47.9,2080,11.1,0.0,33.8
SR-001122,ASM-03,2026-10-01T17:00:00,1.79,48.3,2108,11.5,0.0,32.9
SR-001123,ASM-03,2026-10-01T18:00:00,1.73,47.7,2149,12.6,0.0,34.4
SR-001124,ASM-03,2026-10-01T19:00:00,1.79,47.3,2078,12.3,0.0,33.8
SR-001125,ASM-03,2026-10-01T20:00:00,1.99,48.2,2140,11.5,0.0,34.9
SR-001126,ASM-03,2026-10-01T21:00:00,1.83,47.8,2043,12.4,0.0,33.5
SR-001127,ASM-03,2026-10-01T22:00:00,1.79,48.5,2085,12.4,0.0,34.3
SR-001128,ASM-03,2026-10-01T23:00:00,1.78,46.9,2021,12.4,0.0,33.4
SR-001129,ASM-03,2026-10-02T00:00:00,1.75,48.0,2052,12.2,0.0,33.3
SR-001130,ASM-03,2026-10-02T01:00:00,1.77,46.8,2085,12.6,0.0,34.4
SR-001131,ASM-03,2026-10-02T02:00:00,1.86,46.8,2117,12.7,0.0,33.8
SR-001132,ASM-03,2026-10-02T03:00:00,1.81,47.4,2050,12.1,0.0,34.5
SR-001133,ASM-03,2026-10-02T04:00:00,2.05,48.0,2092,11.4,0.0,33.6
SR-001134,ASM-03,2026-10-02T05:00:00,1.79,48.1,2113,12.4,0.0,34.4
SR-001135,ASM-03,2026-10-02T06:00:00,1.65,47.6,2130,12.6,0.0,33.4
SR-001136,ASM-03,2026-10-02T07:00:00,1.79,47.0,2094,12.0,0.0,33.9
SR-001137,ASM-03,2026-10-02T08:00:00,2.01,47.8,2082,12.1,0.0,33.9
SR-001138,ASM-03,2026-10-02T09:00:00,1.66,48.2,2085,11.8,0.0,34.4
SR-001139,ASM-03,2026-10-02T10:00:00,1.73,48.1,2078,12.6,0.0,34.4
SR-001140,ASM-03,2026-10-02T11:00:00,1.83,48.4,2098,11.4,0.0,34.1
SR-001141,ASM-03,2026-10-02T12:00:00,1.87,48.9,2137,11.9,0.0,33.5
SR-001142,ASM-03,2026-10-02T13:00:00,1.85,49.6,2094,11.9,0.0,33.1
SR-001143,ASM-03,2026-10-02T14:00:00,1.76,47.3,2140,11.5,0.0,33.1
SR-001144,ASM-03,2026-10-02T15:00:00,1.89,50.4,2046,12.5,0.0,35.3
SR-001145,ASM-03,2026-10-02T16:00:00,2.05,48.3,2150,11.8,0.0,33.5
SR-001146,ASM-03,2026-10-02T17:00:00,1.8,47.9,2090,11.9,0.0,35.6
SR-001147,ASM-03,2026-10-02T18:00:00,1.73,48.2,2111,12.2,0.0,35.3
SR-001148,ASM-03,2026-10-02T19:00:00,1.94,47.0,2128,12.1,0.0,34.0
SR-001149,ASM-03,2026-10-02T20:00:00,1.72,47.7,2134,11.1,0.0,34.5
SR-001150,ASM-03,2026-10-02T21:00:00,1.98,47.1,2113,12.4,0.0,33.5
SR-001151,ASM-03,2026-10-02T22:00:00,1.66,47.3,2092,11.4,0.0,35.0
SR-001152,ASM-03,2026-10-02T23:00:00,1.92,47.5,2119,11.9,0.0,34.2
SR-001153,ASM-04,2026-09-17T00:00:00,1.69,45.6,2149,11.7,0.0,34.0
SR-001154,ASM-04,2026-09-17T01:00:00,1.72,47.9,2086,11.4,0.0,33.8
SR-001155,ASM-04,2026-09-17T02:00:00,1.53,47.5,2114,11.5,0.0,33.8
SR-001156,ASM-04,2026-09-17T03:00:00,1.71,46.4,2077,11.4,0.0,33.9
SR-001157,ASM-04,2026-09-17T04:00:00,1.97,46.9,2151,12.2,0.0,33.8
SR-001158,ASM-04,2026-09-17T05:00:00,1.75,47.8,2166,12.3,0.0,33.4
SR-001159,ASM-04,2026-09-17T06:00:00,1.74,49.6,2106,12.2,0.0,34.7
SR-001160,ASM-04,2026-09-17T07:00:00,1.67,48.4,2110,12.4,0.0,34.2
SR-001161,ASM-04,2026-09-17T08:00:00,1.71,48.3,2092,11.8,0.0,34.7
SR-001162,ASM-04,2026-09-17T09:00:00,1.92,49.4,2099,11.5,0.0,33.7
SR-001163,ASM-04,2026-09-17T10:00:00,1.96,47.1,2096,11.9,0.0,33.9
SR-001164,ASM-04,2026-09-17T11:00:00,1.7,50.0,2103,12.5,0.0,34.0
SR-001165,ASM-04,2026-09-17T12:00:00,1.89,48.4,2068,12.7,0.0,34.3
SR-001166,ASM-04,2026-09-17T13:00:00,1.68,50.4,2141,12.2,0.0,34.2
SR-001167,ASM-04,2026-09-17T14:00:00,1.99,48.7,2107,12.3,0.0,35.4
SR-001168,ASM-04,2026-09-17T15:00:00,1.82,48.0,2064,12.0,0.0,33.8
SR-001169,ASM-04,2026-09-17T16:00:00,1.58,47.2,2130,11.5,0.0,34.0
SR-001170,ASM-04,2026-09-17T17:00:00,1.96,49.4,2062,12.3,0.0,34.0
SR-001171,ASM-04,2026-09-17T18:00:00,1.72,47.9,2062,12.0,0.0,33.3
SR-001172,ASM-04,2026-09-17T19:00:00,1.9,48.5,2071,12.1,0.0,33.6
SR-001173,ASM-04,2026-09-17T20:00:00,1.89,47.5,2078,12.4,0.0,34.1
SR-001174,ASM-04,2026-09-17T21:00:00,1.79,48.6,2135,11.7,0.0,32.7
SR-001175,ASM-04,2026-09-17T22:00:00,1.83,47.5,2095,12.4,0.0,34.1
SR-001176,ASM-04,2026-09-17T23:00:00,2.03,47.9,2089,11.9,0.0,34.2
SR-001177,ASM-04,2026-09-18T00:00:00,1.7,47.5,2111,11.3,0.0,34.3
SR-001178,ASM-04,2026-09-18T01:00:00,1.86,47.5,2135,11.4,0.0,34.2
SR-001179,ASM-04,2026-09-18T02:00:00,1.88,47.3,2111,12.5,0.0,34.3
SR-001180,ASM-04,2026-09-18T03:00:00,2.08,47.5,2036,11.5,0.0,33.5
SR-001181,ASM-04,2026-09-18T04:00:00,1.93,46.9,2076,12.3,0.0,34.4
SR-001182,ASM-04,2026-09-18T05:00:00,1.84,47.3,2130,12.1,0.0,34.5
SR-001183,ASM-04,2026-09-18T06:00:00,2.0,47.6,2136,12.0,0.0,33.4
SR-001184,ASM-04,2026-09-18T07:00:00,1.78,48.4,2140,11.8,0.0,33.2
SR-001185,ASM-04,2026-09-18T08:00:00,1.75,49.6,2118,12.4,0.0,35.3
SR-001186,ASM-04,2026-09-18T09:00:00,1.89,49.2,2081,11.8,0.0,34.5
SR-001187,ASM-04,2026-09-18T10:00:00,1.69,48.4,2115,12.6,0.0,34.9
SR-001188,ASM-04,2026-09-18T11:00:00,1.96,46.7,2084,12.1,0.0,35.0
SR-001189,ASM-04,2026-09-18T12:00:00,1.7,48.0,2052,11.4,0.0,34.5
SR-001190,ASM-04,2026-09-18T13:00:00,1.92,46.5,2096,12.5,0.0,35.1
SR-001191,ASM-04,2026-09-18T14:00:00,1.82,48.1,2098,11.6,0.0,34.3
SR-001192,ASM-04,2026-09-18T15:00:00,1.72,48.2,2093,12.8,0.0,32.3
SR-001193,ASM-04,2026-09-18T16:00:00,1.8,46.9,2118,11.2,0.0,35.9
SR-001194,ASM-04,2026-09-18T17:00:00,2.11,47.8,2119,12.4,0.0,33.6
SR-001195,ASM-04,2026-09-18T18:00:00,1.79,47.4,2121,11.9,0.0,34.3
SR-001196,ASM-04,2026-09-18T19:00:00,1.94,47.4,2100,11.3,0.0,35.2
SR-001197,ASM-04,2026-09-18T20:00:00,1.76,46.1,2080,11.6,0.0,34.0
SR-001198,ASM-04,2026-09-18T21:00:00,1.78,46.3,2119,12.3,0.0,33.5
SR-001199,ASM-04,2026-09-18T22:00:00,1.91,45.3,2044,13.0,0.0,34.0
SR-001200,ASM-04,2026-09-18T23:00:00,1.73,48.2,2084,12.6,0.0,34.2
SR-001201,ASM-04,2026-09-19T00:00:00,1.72,48.5,2059,12.8,0.0,33.2
SR-001202,ASM-04,2026-09-19T01:00:00,1.91,46.1,2095,12.3,0.0,34.3
SR-001203,ASM-04,2026-09-19T02:00:00,1.84,47.2,2137,11.7,0.0,34.9
SR-001204,ASM-04,2026-09-19T03:00:00,1.89,46.5,2123,11.7,0.0,34.2
SR-001205,ASM-04,2026-09-19T04:00:00,1.71,48.0,2094,12.5,0.0,32.8
SR-001206,ASM-04,2026-09-19T05:00:00,1.66,47.7,2105,11.7,0.0,34.1
SR-001207,ASM-04,2026-09-19T06:00:00,1.74,48.1,2140,12.1,0.0,34.8
SR-001208,ASM-04,2026-09-19T07:00:00,1.86,48.3,2104,12.3,0.0,34.6
SR-001209,ASM-04,2026-09-19T08:00:00,1.73,49.0,2079,11.2,0.0,34.7
SR-001210,ASM-04,2026-09-19T09:00:00,1.98,49.8,2105,11.3,0.0,32.8
SR-001211,ASM-04,2026-09-19T10:00:00,1.71,49.9,2057,11.7,0.0,34.0
SR-001212,ASM-04,2026-09-19T11:00:00,1.77,50.2,2099,12.3,0.0,33.8
SR-001213,ASM-04,2026-09-19T12:00:00,1.79,49.6,2106,11.7,0.0,34.6
SR-001214,ASM-04,2026-09-19T13:00:00,1.94,49.2,2133,12.6,0.0,34.6
SR-001215,ASM-04,2026-09-19T14:00:00,2.04,49.7,2145,12.1,0.0,34.2
SR-001216,ASM-04,2026-09-19T15:00:00,1.83,49.1,2078,12.4,0.0,33.7
SR-001217,ASM-04,2026-09-19T16:00:00,1.99,48.5,2139,12.3,0.0,32.9
SR-001218,ASM-04,2026-09-19T17:00:00,1.79,46.1,2101,11.7,0.0,33.8
SR-001219,ASM-04,2026-09-19T18:00:00,1.58,47.5,2102,11.8,0.0,33.9
SR-001220,ASM-04,2026-09-19T19:00:00,1.8,46.7,2090,11.9,0.0,33.7
SR-001221,ASM-04,2026-09-19T20:00:00,1.63,47.5,2077,12.5,0.0,32.9
SR-001222,ASM-04,2026-09-19T21:00:00,1.9,47.3,2056,11.7,0.0,35.0
SR-001223,ASM-04,2026-09-19T22:00:00,1.86,46.8,2106,12.6,0.0,34.1
SR-001224,ASM-04,2026-09-19T23:00:00,1.93,47.4,2088,13.1,0.0,33.2
SR-001225,ASM-04,2026-09-20T00:00:00,1.89,48.5,2083,12.2,0.0,33.9
SR-001226,ASM-04,2026-09-20T01:00:00,1.6,48.7,2128,11.0,0.0,33.7
SR-001227,ASM-04,2026-09-20T02:00:00,1.75,48.3,2081,11.7,0.0,34.8
SR-001228,ASM-04,2026-09-20T03:00:00,1.96,46.6,2134,11.3,0.0,33.3
SR-001229,ASM-04,2026-09-20T04:00:00,1.82,46.3,2121,11.6,0.0,34.4
SR-001230,ASM-04,2026-09-20T05:00:00,1.78,46.9,2089,11.4,0.0,34.3
SR-001231,ASM-04,2026-09-20T06:00:00,1.81,49.3,2097,12.2,0.0,33.7
SR-001232,ASM-04,2026-09-20T07:00:00,1.8,48.9,2124,12.6,0.0,33.5
SR-001233,ASM-04,2026-09-20T08:00:00,1.79,48.6,2062,11.9,0.0,33.6
SR-001234,ASM-04,2026-09-20T09:00:00,1.73,48.7,2111,11.8,0.0,34.1
SR-001235,ASM-04,2026-09-20T10:00:00,1.89,47.1,2094,11.7,0.0,34.0
SR-001236,ASM-04,2026-09-20T11:00:00,1.71,48.9,2138,11.5,0.0,34.0
SR-001237,ASM-04,2026-09-20T12:00:00,1.99,47.2,2114,12.4,0.0,33.4
SR-001238,ASM-04,2026-09-20T13:00:00,1.89,48.9,2145,12.9,0.0,34.4
SR-001239,ASM-04,2026-09-20T14:00:00,1.92,47.3,2118,12.0,0.0,34.2
SR-001240,ASM-04,2026-09-20T15:00:00,1.86,47.8,2112,12.5,0.0,33.5
SR-001241,ASM-04,2026-09-20T16:00:00,1.9,49.2,2193,12.1,0.0,33.6
SR-001242,ASM-04,2026-09-20T17:00:00,1.78,47.8,2135,13.0,0.0,33.8
SR-001243,ASM-04,2026-09-20T18:00:00,1.81,48.2,2167,11.9,0.0,34.4
SR-001244,ASM-04,2026-09-20T19:00:00,1.75,48.5,2102,12.5,0.0,34.4
SR-001245,ASM-04,2026-09-20T20:00:00,1.63,47.1,2070,11.8,0.0,33.3
SR-001246,ASM-04,2026-09-20T21:00:00,1.77,46.5,2082,11.8,0.0,35.4
SR-001247,ASM-04,2026-09-20T22:00:00,1.92,47.9,2039,11.3,0.0,33.7
SR-001248,ASM-04,2026-09-20T23:00:00,1.84,47.8,2101,11.6,0.0,33.6
SR-001249,ASM-04,2026-09-21T00:00:00,1.75,46.6,2097,11.2,0.0,33.4
SR-001250,ASM-04,2026-09-21T01:00:00,1.79,47.0,2108,12.3,0.0,33.7
SR-001251,ASM-04,2026-09-21T02:00:00,1.68,46.7,2127,12.5,0.0,32.6
SR-001252,ASM-04,2026-09-21T03:00:00,1.95,47.3,2087,12.3,0.0,32.1
SR-001253,ASM-04,2026-09-21T04:00:00,1.88,47.4,2096,11.0,0.0,33.4
SR-001254,ASM-04,2026-09-21T05:00:00,1.61,47.0,2098,11.9,0.0,33.2
SR-001255,ASM-04,2026-09-21T06:00:00,1.79,47.6,2119,11.8,0.0,34.5
SR-001256,ASM-04,2026-09-21T07:00:00,1.87,47.1,2120,12.6,0.0,32.9
SR-001257,ASM-04,2026-09-21T08:00:00,1.73,48.5,2087,12.2,0.0,32.9
SR-001258,ASM-04,2026-09-21T09:00:00,1.76,47.7,2064,12.4,0.0,35.0
SR-001259,ASM-04,2026-09-21T10:00:00,1.85,47.9,2069,12.4,0.0,35.3
SR-001260,ASM-04,2026-09-21T11:00:00,1.91,48.7,2086,10.8,0.0,34.1
SR-001261,ASM-04,2026-09-21T12:00:00,1.7,48.6,2131,11.7,0.0,33.8
SR-001262,ASM-04,2026-09-21T13:00:00,1.91,49.1,2095,12.6,0.0,33.1
SR-001263,ASM-04,2026-09-21T14:00:00,1.88,48.8,2072,11.4,0.0,33.2
SR-001264,ASM-04,2026-09-21T15:00:00,1.88,49.5,2123,12.2,0.0,34.0
SR-001265,ASM-04,2026-09-21T16:00:00,1.79,48.8,2079,12.4,0.0,33.4
SR-001266,ASM-04,2026-09-21T17:00:00,1.81,47.3,2072,12.5,0.0,33.4
SR-001267,ASM-04,2026-09-21T18:00:00,2.05,47.1,2106,11.5,0.0,34.5
SR-001268,ASM-04,2026-09-21T19:00:00,1.88,47.9,2116,11.9,0.0,34.2
SR-001269,ASM-04,2026-09-21T20:00:00,1.92,47.1,2106,12.3,0.0,34.4
SR-001270,ASM-04,2026-09-21T21:00:00,1.76,47.8,2157,12.5,0.0,34.2
SR-001271,ASM-04,2026-09-21T22:00:00,1.67,46.5,2084,11.9,0.0,35.1
SR-001272,ASM-04,2026-09-21T23:00:00,1.72,46.2,2158,12.2,0.0,35.2
SR-001273,ASM-04,2026-09-22T00:00:00,1.97,46.6,2121,12.8,0.0,34.0
SR-001274,ASM-04,2026-09-22T01:00:00,1.73,49.4,2054,11.6,0.0,33.9
SR-001275,ASM-04,2026-09-22T02:00:00,1.85,47.2,2038,12.3,0.0,33.4
SR-001276,ASM-04,2026-09-22T03:00:00,1.88,49.7,2077,11.9,0.0,34.5
SR-001277,ASM-04,2026-09-22T04:00:00,2.03,46.8,2147,11.3,0.0,34.0
SR-001278,ASM-04,2026-09-22T05:00:00,1.7,48.6,2069,12.3,0.0,34.6
SR-001279,ASM-04,2026-09-22T06:00:00,1.95,47.0,2115,11.9,0.0,32.0
SR-001280,ASM-04,2026-09-22T07:00:00,1.63,49.2,2118,12.3,0.0,34.7
SR-001281,ASM-04,2026-09-22T08:00:00,1.6,49.4,2121,12.3,0.0,33.9
SR-001282,ASM-04,2026-09-22T09:00:00,1.87,48.5,2104,12.3,0.0,33.8
SR-001283,ASM-04,2026-09-22T10:00:00,1.88,49.9,2087,11.9,0.0,34.9
SR-001284,ASM-04,2026-09-22T11:00:00,1.88,48.1,2128,11.8,0.0,33.9
SR-001285,ASM-04,2026-09-22T12:00:00,1.84,48.2,2050,12.0,0.0,33.3
SR-001286,ASM-04,2026-09-22T13:00:00,1.83,46.1,2083,12.4,0.0,33.0
SR-001287,ASM-04,2026-09-22T14:00:00,1.73,49.4,2091,12.7,0.0,33.5
SR-001288,ASM-04,2026-09-22T15:00:00,1.67,49.3,2102,12.2,0.0,34.1
SR-001289,ASM-04,2026-09-22T16:00:00,1.66,48.9,2154,12.4,0.0,34.2
SR-001290,ASM-04,2026-09-22T17:00:00,1.96,48.6,2061,11.5,0.0,34.0
SR-001291,ASM-04,2026-09-22T18:00:00,1.87,49.1,2075,12.1,0.0,33.6
SR-001292,ASM-04,2026-09-22T19:00:00,1.89,45.9,2083,11.3,0.0,34.9
SR-001293,ASM-04,2026-09-22T20:00:00,1.64,48.5,2134,11.6,0.0,34.6
SR-001294,ASM-04,2026-09-22T21:00:00,1.64,46.9,2146,12.8,0.0,34.3
SR-001295,ASM-04,2026-09-22T22:00:00,1.87,48.2,2080,12.1,0.0,33.5
SR-001296,ASM-04,2026-09-22T23:00:00,1.99,46.2,2063,12.7,0.0,35.1
SR-001297,ASM-04,2026-09-23T00:00:00,1.65,48.0,2050,11.8,0.0,33.4
SR-001298,ASM-04,2026-09-23T01:00:00,2.03,46.1,2111,12.3,0.0,35.3
SR-001299,ASM-04,2026-09-23T02:00:00,1.54,48.1,2118,12.2,0.0,34.7
SR-001300,ASM-04,2026-09-23T03:00:00,1.61,47.2,2045,12.8,0.0,32.7
SR-001301,ASM-04,2026-09-23T04:00:00,1.79,47.5,2070,11.1,0.0,33.7
SR-001302,ASM-04,2026-09-23T05:00:00,1.87,47.5,2084,12.0,0.0,34.7
SR-001303,ASM-04,2026-09-23T06:00:00,1.79,49.0,2103,12.7,0.0,34.0
SR-001304,ASM-04,2026-09-23T07:00:00,1.8,46.7,2134,11.5,0.0,34.5
SR-001305,ASM-04,2026-09-23T08:00:00,1.82,48.8,2127,11.8,0.0,34.2
SR-001306,ASM-04,2026-09-23T09:00:00,1.73,49.6,2105,11.2,0.0,33.0
SR-001307,ASM-04,2026-09-23T10:00:00,1.94,48.1,2098,12.7,0.0,34.9
SR-001308,ASM-04,2026-09-23T11:00:00,1.83,48.8,2115,11.9,0.0,32.8
SR-001309,ASM-04,2026-09-23T12:00:00,1.88,49.1,2069,11.7,0.0,34.4
SR-001310,ASM-04,2026-09-23T13:00:00,1.76,49.0,2113,12.2,0.0,33.8
SR-001311,ASM-04,2026-09-23T14:00:00,1.63,48.4,2111,11.3,0.0,34.1
SR-001312,ASM-04,2026-09-23T15:00:00,1.83,50.5,2061,12.4,0.0,34.8
SR-001313,ASM-04,2026-09-23T16:00:00,1.74,48.3,2074,12.1,0.0,33.7
SR-001314,ASM-04,2026-09-23T17:00:00,1.63,50.3,2128,11.6,0.0,34.3
SR-001315,ASM-04,2026-09-23T18:00:00,1.84,48.0,2070,12.7,0.0,34.2
SR-001316,ASM-04,2026-09-23T19:00:00,1.81,47.6,2101,11.5,0.0,33.6
SR-001317,ASM-04,2026-09-23T20:00:00,1.88,46.8,2104,11.9,0.0,33.1
SR-001318,ASM-04,2026-09-23T21:00:00,1.87,47.9,2102,11.7,0.0,33.7
SR-001319,ASM-04,2026-09-23T22:00:00,1.88,47.0,2147,12.2,0.0,33.4
SR-001320,ASM-04,2026-09-23T23:00:00,2.04,47.8,2122,12.0,0.0,34.5
SR-001321,ASM-04,2026-09-24T00:00:00,1.7,47.2,2135,11.9,0.0,33.7
SR-001322,ASM-04,2026-09-24T01:00:00,1.7,47.1,2091,12.0,0.0,33.6
SR-001323,ASM-04,2026-09-24T02:00:00,1.87,48.4,2122,11.8,0.0,33.8
SR-001324,ASM-04,2026-09-24T03:00:00,1.68,47.5,2113,12.2,0.0,34.4
SR-001325,ASM-04,2026-09-24T04:00:00,1.67,48.2,2108,11.3,0.0,34.2
SR-001326,ASM-04,2026-09-24T05:00:00,1.86,47.5,2092,11.6,0.0,33.6
SR-001327,ASM-04,2026-09-24T06:00:00,2.0,47.4,2093,11.7,0.0,32.8
SR-001328,ASM-04,2026-09-24T07:00:00,1.69,48.6,2120,11.9,0.0,35.5
SR-001329,ASM-04,2026-09-24T08:00:00,1.86,47.5,2093,11.8,0.0,34.4
SR-001330,ASM-04,2026-09-24T09:00:00,1.75,48.6,2120,12.2,0.0,35.1
SR-001331,ASM-04,2026-09-24T10:00:00,1.83,48.3,2115,11.6,0.0,33.8
SR-001332,ASM-04,2026-09-24T11:00:00,1.62,48.9,2070,12.5,0.0,34.7
SR-001333,ASM-04,2026-09-24T12:00:00,1.91,49.6,2091,12.8,0.0,35.9
SR-001334,ASM-04,2026-09-24T13:00:00,1.95,48.2,2129,11.7,0.0,34.5
SR-001335,ASM-04,2026-09-24T14:00:00,1.73,49.1,2082,11.2,0.0,33.3
SR-001336,ASM-04,2026-09-24T15:00:00,1.8,48.2,2081,11.7,0.0,33.6
SR-001337,ASM-04,2026-09-24T16:00:00,1.87,49.2,2107,11.9,0.0,32.7
SR-001338,ASM-04,2026-09-24T17:00:00,1.94,49.0,2050,11.7,0.0,33.4
SR-001339,ASM-04,2026-09-24T18:00:00,1.64,47.7,2116,11.6,0.0,34.1
SR-001340,ASM-04,2026-09-24T19:00:00,1.79,47.9,2120,12.1,0.0,34.8
SR-001341,ASM-04,2026-09-24T20:00:00,1.83,47.0,2097,13.2,0.0,33.2
SR-001342,ASM-04,2026-09-24T21:00:00,1.99,47.2,2077,11.8,0.0,33.1
SR-001343,ASM-04,2026-09-24T22:00:00,1.8,45.6,2103,10.8,0.0,32.6
SR-001344,ASM-04,2026-09-24T23:00:00,1.86,48.6,2124,12.6,0.0,33.5
SR-001345,ASM-04,2026-09-25T00:00:00,1.99,47.4,2104,11.7,0.0,34.9
SR-001346,ASM-04,2026-09-25T01:00:00,1.67,47.5,2125,11.6,0.0,32.5
SR-001347,ASM-04,2026-09-25T02:00:00,1.71,47.6,2106,12.1,0.0,33.6
SR-001348,ASM-04,2026-09-25T03:00:00,1.75,48.0,2079,12.2,0.0,33.5
SR-001349,ASM-04,2026-09-25T04:00:00,1.82,47.8,2102,11.1,0.0,33.3
SR-001350,ASM-04,2026-09-25T05:00:00,1.78,48.0,2162,11.8,0.0,34.0
SR-001351,ASM-04,2026-09-25T06:00:00,1.94,48.6,2120,11.2,0.0,33.8
SR-001352,ASM-04,2026-09-25T07:00:00,1.89,48.9,2054,11.7,0.0,33.3
SR-001353,ASM-04,2026-09-25T08:00:00,1.78,48.5,2057,12.3,0.0,33.1
SR-001354,ASM-04,2026-09-25T09:00:00,1.92,49.1,2121,12.6,0.0,35.0
SR-001355,ASM-04,2026-09-25T10:00:00,1.89,49.9,2133,11.8,0.0,34.4
SR-001356,ASM-04,2026-09-25T11:00:00,1.75,48.9,2095,12.3,0.0,34.7
SR-001357,ASM-04,2026-09-25T12:00:00,1.94,48.8,2091,12.6,0.0,34.4
SR-001358,ASM-04,2026-09-25T13:00:00,1.8,50.2,2095,12.4,0.0,33.9
SR-001359,ASM-04,2026-09-25T14:00:00,1.79,47.9,2131,12.2,0.0,33.4
SR-001360,ASM-04,2026-09-25T15:00:00,1.9,49.2,2069,12.4,0.0,34.2
SR-001361,ASM-04,2026-09-25T16:00:00,1.85,49.6,2113,12.7,0.0,33.2
SR-001362,ASM-04,2026-09-25T17:00:00,1.93,49.0,2111,13.0,0.0,34.3
SR-001363,ASM-04,2026-09-25T18:00:00,1.57,48.0,2080,11.6,0.0,34.5
SR-001364,ASM-04,2026-09-25T19:00:00,1.79,49.2,2111,11.8,0.0,33.3
SR-001365,ASM-04,2026-09-25T20:00:00,1.74,47.7,2093,11.1,0.0,33.9
SR-001366,ASM-04,2026-09-25T21:00:00,1.82,46.7,2112,12.1,0.0,33.7
SR-001367,ASM-04,2026-09-25T22:00:00,1.66,46.6,2105,12.3,0.0,33.1
SR-001368,ASM-04,2026-09-25T23:00:00,1.65,47.8,2109,12.6,0.0,33.4
SR-001369,ASM-04,2026-09-26T00:00:00,1.86,47.6,2089,12.8,0.0,33.3
SR-001370,ASM-04,2026-09-26T01:00:00,1.71,46.2,2076,11.7,0.0,33.4
SR-001371,ASM-04,2026-09-26T02:00:00,1.74,46.1,2050,11.2,0.0,34.9
SR-001372,ASM-04,2026-09-26T03:00:00,2.15,48.0,2120,11.5,0.0,33.9
SR-001373,ASM-04,2026-09-26T04:00:00,1.57,47.0,2106,12.0,0.0,33.8
SR-001374,ASM-04,2026-09-26T05:00:00,1.85,48.5,2144,11.5,0.0,33.5
SR-001375,ASM-04,2026-09-26T06:00:00,1.86,48.6,2096,12.7,0.0,34.1
SR-001376,ASM-04,2026-09-26T07:00:00,1.95,49.4,2046,12.8,0.0,34.8
SR-001377,ASM-04,2026-09-26T08:00:00,1.73,49.0,2123,12.2,0.0,34.1
SR-001378,ASM-04,2026-09-26T09:00:00,1.73,47.8,2078,12.6,0.0,33.5
SR-001379,ASM-04,2026-09-26T10:00:00,1.78,48.2,2115,11.6,0.0,34.6
SR-001380,ASM-04,2026-09-26T11:00:00,1.93,48.9,2059,11.6,0.0,33.1
SR-001381,ASM-04,2026-09-26T12:00:00,1.57,49.0,2101,12.5,0.0,32.8
SR-001382,ASM-04,2026-09-26T13:00:00,1.9,48.1,2054,12.2,0.0,34.6
SR-001383,ASM-04,2026-09-26T14:00:00,1.9,49.6,2076,11.9,0.0,34.1
SR-001384,ASM-04,2026-09-26T15:00:00,1.59,49.3,2094,12.4,0.0,34.2
SR-001385,ASM-04,2026-09-26T16:00:00,1.75,48.4,2079,12.4,0.0,34.0
SR-001386,ASM-04,2026-09-26T17:00:00,2.08,47.2,2070,11.8,0.0,33.8
SR-001387,ASM-04,2026-09-26T18:00:00,1.6,47.8,2059,12.1,0.0,33.2
SR-001388,ASM-04,2026-09-26T19:00:00,1.73,46.7,2056,12.0,0.0,34.5
SR-001389,ASM-04,2026-09-26T20:00:00,1.76,47.8,2125,11.2,0.0,34.5
SR-001390,ASM-04,2026-09-26T21:00:00,1.93,47.2,2096,12.7,0.0,34.9
SR-001391,ASM-04,2026-09-26T22:00:00,1.86,46.6,2128,11.7,0.0,32.9
SR-001392,ASM-04,2026-09-26T23:00:00,1.68,48.2,2046,11.3,0.0,35.7
SR-001393,ASM-04,2026-09-27T00:00:00,1.79,47.0,2107,11.3,0.0,33.0
SR-001394,ASM-04,2026-09-27T01:00:00,1.63,46.4,2117,11.7,0.0,33.9
SR-001395,ASM-04,2026-09-27T02:00:00,1.98,46.8,2165,11.6,0.0,34.1
SR-001396,ASM-04,2026-09-27T03:00:00,1.72,47.0,2101,12.5,0.0,34.3
SR-001397,ASM-04,2026-09-27T04:00:00,1.91,47.9,2086,11.2,0.0,32.8
SR-001398,ASM-04,2026-09-27T05:00:00,1.73,46.3,2108,11.8,0.0,33.2
SR-001399,ASM-04,2026-09-27T06:00:00,1.75,48.0,2073,12.0,0.0,34.9
SR-001400,ASM-04,2026-09-27T07:00:00,1.85,47.8,2120,13.7,0.0,33.9
SR-001401,ASM-04,2026-09-27T08:00:00,1.62,47.7,2124,12.0,0.0,33.7
SR-001402,ASM-04,2026-09-27T09:00:00,2.12,48.1,2077,11.7,0.0,35.1
SR-001403,ASM-04,2026-09-27T10:00:00,2.06,49.4,2041,12.0,0.0,34.6
SR-001404,ASM-04,2026-09-27T11:00:00,1.83,49.5,2090,12.0,0.0,34.2
SR-001405,ASM-04,2026-09-27T12:00:00,1.64,49.5,2095,12.1,0.0,34.2
SR-001406,ASM-04,2026-09-27T13:00:00,1.83,47.6,2109,11.3,0.0,33.7
SR-001407,ASM-04,2026-09-27T14:00:00,1.53,48.0,2063,12.1,0.0,33.3
SR-001408,ASM-04,2026-09-27T15:00:00,1.8,48.3,2109,11.5,0.0,34.4
SR-001409,ASM-04,2026-09-27T16:00:00,1.64,48.5,2145,11.2,0.0,33.8
SR-001410,ASM-04,2026-09-27T17:00:00,1.65,49.5,2102,12.4,0.0,34.1
SR-001411,ASM-04,2026-09-27T18:00:00,1.89,49.5,2125,11.4,0.0,34.3
SR-001412,ASM-04,2026-09-27T19:00:00,2.08,47.4,2060,11.8,0.0,31.3
SR-001413,ASM-04,2026-09-27T20:00:00,1.65,48.8,2138,13.0,0.0,33.8
SR-001414,ASM-04,2026-09-27T21:00:00,1.63,47.9,2061,11.4,0.0,34.3
SR-001415,ASM-04,2026-09-27T22:00:00,1.93,47.5,2112,11.5,0.0,34.9
SR-001416,ASM-04,2026-09-27T23:00:00,1.78,46.6,2055,11.9,0.0,33.7
SR-001417,ASM-04,2026-09-28T00:00:00,1.67,47.9,2103,12.2,0.0,32.7
SR-001418,ASM-04,2026-09-28T01:00:00,1.83,47.1,2081,11.4,0.0,33.7
SR-001419,ASM-04,2026-09-28T02:00:00,1.77,46.6,2130,12.0,0.0,32.9
SR-001420,ASM-04,2026-09-28T03:00:00,1.72,48.2,2126,12.2,0.0,33.7
SR-001421,ASM-04,2026-09-28T04:00:00,1.84,48.0,2131,12.1,0.0,33.8
SR-001422,ASM-04,2026-09-28T05:00:00,1.91,47.8,2076,11.4,0.0,34.8
SR-001423,ASM-04,2026-09-28T06:00:00,1.87,47.8,2165,11.9,0.0,34.1
SR-001424,ASM-04,2026-09-28T07:00:00,1.92,50.2,2102,12.3,0.0,33.6
SR-001425,ASM-04,2026-09-28T08:00:00,1.71,47.3,2048,11.4,0.0,35.0
SR-001426,ASM-04,2026-09-28T09:00:00,1.86,49.5,2020,12.6,0.0,34.6
SR-001427,ASM-04,2026-09-28T10:00:00,1.93,48.9,2062,11.8,0.0,34.4
SR-001428,ASM-04,2026-09-28T11:00:00,1.96,49.5,2103,12.4,0.0,33.9
SR-001429,ASM-04,2026-09-28T12:00:00,1.94,47.9,2117,11.4,0.0,34.6
SR-001430,ASM-04,2026-09-28T13:00:00,1.69,49.9,2081,12.1,0.0,34.0
SR-001431,ASM-04,2026-09-28T14:00:00,1.65,49.7,2147,11.6,0.0,34.0
SR-001432,ASM-04,2026-09-28T15:00:00,1.74,48.0,2057,11.7,0.0,34.2
SR-001433,ASM-04,2026-09-28T16:00:00,1.8,48.2,2080,12.1,0.0,33.9
SR-001434,ASM-04,2026-09-28T17:00:00,1.69,49.2,2081,11.7,0.0,34.4
SR-001435,ASM-04,2026-09-28T18:00:00,1.79,48.7,2093,12.3,0.0,34.8
SR-001436,ASM-04,2026-09-28T19:00:00,1.72,48.9,2146,12.1,0.0,34.9
SR-001437,ASM-04,2026-09-28T20:00:00,1.82,47.8,2111,12.1,0.0,33.9
SR-001438,ASM-04,2026-09-28T21:00:00,1.85,47.7,2065,11.8,0.0,34.2
SR-001439,ASM-04,2026-09-28T22:00:00,1.74,49.3,2102,12.2,0.0,33.6
SR-001440,ASM-04,2026-09-28T23:00:00,1.52,47.4,2098,11.0,0.0,34.1
SR-001441,ASM-04,2026-09-29T00:00:00,1.86,47.4,2090,12.6,0.0,34.7
SR-001442,ASM-04,2026-09-29T01:00:00,1.81,47.2,2123,12.6,0.0,34.5
SR-001443,ASM-04,2026-09-29T02:00:00,2.04,48.4,2094,11.9,0.0,34.1
SR-001444,ASM-04,2026-09-29T03:00:00,1.7,48.1,2108,12.4,0.0,33.6
SR-001445,ASM-04,2026-09-29T04:00:00,1.88,47.0,2098,12.5,0.0,34.0
SR-001446,ASM-04,2026-09-29T05:00:00,1.89,47.3,2118,12.3,0.0,32.8
SR-001447,ASM-04,2026-09-29T06:00:00,1.88,47.3,2121,12.8,0.0,33.7
SR-001448,ASM-04,2026-09-29T07:00:00,1.82,47.8,2094,10.8,0.0,33.8
SR-001449,ASM-04,2026-09-29T08:00:00,1.87,48.0,2075,12.2,0.0,34.6
SR-001450,ASM-04,2026-09-29T09:00:00,1.9,49.1,2114,12.2,0.0,33.5
SR-001451,ASM-04,2026-09-29T10:00:00,1.95,49.7,2147,11.8,0.0,33.1
SR-001452,ASM-04,2026-09-29T11:00:00,2.03,48.9,2133,11.6,0.0,34.4
SR-001453,ASM-04,2026-09-29T12:00:00,1.88,47.9,2065,12.0,0.0,33.2
SR-001454,ASM-04,2026-09-29T13:00:00,1.58,48.9,2022,11.8,0.0,35.7
SR-001455,ASM-04,2026-09-29T14:00:00,1.91,48.8,2170,11.8,0.0,33.6
SR-001456,ASM-04,2026-09-29T15:00:00,1.8,47.7,2173,11.3,0.0,34.6
SR-001457,ASM-04,2026-09-29T16:00:00,1.87,48.1,2087,11.8,0.0,34.7
SR-001458,ASM-04,2026-09-29T17:00:00,1.74,48.9,2098,11.4,0.0,34.1
SR-001459,ASM-04,2026-09-29T18:00:00,1.9,48.1,2122,10.9,0.0,35.1
SR-001460,ASM-04,2026-09-29T19:00:00,1.77,47.7,2076,12.1,0.0,33.9
SR-001461,ASM-04,2026-09-29T20:00:00,1.81,48.1,2058,12.3,0.0,32.7
SR-001462,ASM-04,2026-09-29T21:00:00,1.89,47.0,2136,12.5,0.0,34.8
SR-001463,ASM-04,2026-09-29T22:00:00,1.89,47.0,2063,10.9,0.0,33.7
SR-001464,ASM-04,2026-09-29T23:00:00,1.68,47.4,2112,12.0,0.0,34.3
SR-001465,ASM-04,2026-09-30T00:00:00,1.73,47.9,2069,12.8,0.0,34.7
SR-001466,ASM-04,2026-09-30T01:00:00,1.71,47.9,2066,12.0,0.0,34.9
SR-001467,ASM-04,2026-09-30T02:00:00,1.72,46.8,2075,11.5,0.0,34.0
SR-001468,ASM-04,2026-09-30T03:00:00,1.7,46.7,2100,12.0,0.0,34.4
SR-001469,ASM-04,2026-09-30T04:00:00,1.75,46.9,2124,12.5,0.0,33.6
SR-001470,ASM-04,2026-09-30T05:00:00,1.9,46.4,2061,12.1,0.0,34.1
SR-001471,ASM-04,2026-09-30T06:00:00,1.88,46.8,2106,12.1,0.0,34.5
SR-001472,ASM-04,2026-09-30T07:00:00,1.91,49.2,2135,11.9,0.0,34.1
SR-001473,ASM-04,2026-09-30T08:00:00,2.0,48.3,2032,12.1,0.0,34.0
SR-001474,ASM-04,2026-09-30T09:00:00,1.84,48.9,2059,12.1,0.0,33.4
SR-001475,ASM-04,2026-09-30T10:00:00,1.72,48.2,2069,12.1,0.0,33.1
SR-001476,ASM-04,2026-09-30T11:00:00,1.78,47.5,2128,11.9,0.0,34.4
SR-001477,ASM-04,2026-09-30T12:00:00,1.92,46.7,2083,11.4,0.0,33.8
SR-001478,ASM-04,2026-09-30T13:00:00,1.95,49.2,2069,12.0,0.0,34.8
SR-001479,ASM-04,2026-09-30T14:00:00,2.04,50.0,2108,11.6,0.0,35.5
SR-001480,ASM-04,2026-09-30T15:00:00,1.94,49.3,2090,12.2,0.0,34.0
SR-001481,ASM-04,2026-09-30T16:00:00,1.72,48.1,2164,11.4,0.0,32.5
SR-001482,ASM-04,2026-09-30T17:00:00,1.75,47.3,2101,11.9,0.0,35.0
SR-001483,ASM-04,2026-09-30T18:00:00,1.97,47.3,2037,11.8,0.0,33.6
SR-001484,ASM-04,2026-09-30T19:00:00,1.89,48.3,2119,11.7,0.0,35.6
SR-001485,ASM-04,2026-09-30T20:00:00,1.76,46.5,2122,11.6,0.0,33.0
SR-001486,ASM-04,2026-09-30T21:00:00,1.81,47.4,2149,11.8,0.0,33.6
SR-001487,ASM-04,2026-09-30T22:00:00,1.84,47.2,2108,12.5,0.0,33.1
SR-001488,ASM-04,2026-09-30T23:00:00,1.62,46.6,2097,12.1,0.0,34.5
SR-001489,ASM-04,2026-10-01T00:00:00,1.84,47.0,2101,11.5,0.0,35.1
SR-001490,ASM-04,2026-10-01T01:00:00,1.81,45.3,2154,11.4,0.0,33.9
SR-001491,ASM-04,2026-10-01T02:00:00,2.01,48.3,2099,12.3,0.0,34.0
SR-001492,ASM-04,2026-10-01T03:00:00,1.76,46.8,2147,12.2,0.0,33.7
SR-001493,ASM-04,2026-10-01T04:00:00,1.88,49.3,2048,12.2,0.0,33.0
SR-001494,ASM-04,2026-10-01T05:00:00,1.66,47.6,2153,11.4,0.0,34.7
SR-001495,ASM-04,2026-10-01T06:00:00,1.74,49.1,2110,11.5,0.0,33.9
SR-001496,ASM-04,2026-10-01T07:00:00,1.85,47.7,2098,11.8,0.0,33.4
SR-001497,ASM-04,2026-10-01T08:00:00,1.58,49.0,2087,12.3,0.0,32.3
SR-001498,ASM-04,2026-10-01T09:00:00,1.53,48.4,2133,12.2,0.0,34.8
SR-001499,ASM-04,2026-10-01T10:00:00,1.65,48.6,2143,11.1,0.0,33.1
SR-001500,ASM-04,2026-10-01T11:00:00,1.68,48.6,2147,12.3,0.0,33.6
SR-001501,ASM-04,2026-10-01T12:00:00,1.83,49.1,2110,12.4,0.0,33.1
SR-001502,ASM-04,2026-10-01T13:00:00,1.77,48.8,2096,12.8,0.0,34.9
SR-001503,ASM-04,2026-10-01T14:00:00,1.81,48.9,2069,11.9,0.0,34.0
SR-001504,ASM-04,2026-10-01T15:00:00,1.9,48.2,2091,11.8,0.0,34.2
SR-001505,ASM-04,2026-10-01T16:00:00,1.87,48.2,2081,11.7,0.0,33.6
SR-001506,ASM-04,2026-10-01T17:00:00,1.89,47.9,2042,11.9,0.0,35.4
SR-001507,ASM-04,2026-10-01T18:00:00,1.8,48.8,2098,12.8,0.0,33.7
SR-001508,ASM-04,2026-10-01T19:00:00,1.81,46.9,2075,11.2,0.0,34.2
SR-001509,ASM-04,2026-10-01T20:00:00,2.01,49.1,2110,11.7,0.0,33.7
SR-001510,ASM-04,2026-10-01T21:00:00,1.63,46.8,2078,12.2,0.0,34.3
SR-001511,ASM-04,2026-10-01T22:00:00,1.63,48.2,2109,12.0,0.0,33.6
SR-001512,ASM-04,2026-10-01T23:00:00,1.7,47.1,2057,11.9,0.0,34.4
SR-001513,ASM-04,2026-10-02T00:00:00,1.9,47.0,2045,12.3,0.0,34.3
SR-001514,ASM-04,2026-10-02T01:00:00,2.2,47.2,2114,12.3,0.0,34.3
SR-001515,ASM-04,2026-10-02T02:00:00,1.97,47.0,2126,11.3,0.0,33.4
SR-001516,ASM-04,2026-10-02T03:00:00,1.62,47.6,2132,12.3,0.0,33.1
SR-001517,ASM-04,2026-10-02T04:00:00,1.8,48.2,2065,11.8,0.0,34.1
SR-001518,ASM-04,2026-10-02T05:00:00,1.73,47.5,2081,11.2,0.0,33.7
SR-001519,ASM-04,2026-10-02T06:00:00,1.59,47.1,2084,11.0,0.0,33.6
SR-001520,ASM-04,2026-10-02T07:00:00,1.8,47.6,2095,12.4,0.0,34.4
SR-001521,ASM-04,2026-10-02T08:00:00,1.95,47.8,2109,12.0,0.0,33.3
SR-001522,ASM-04,2026-10-02T09:00:00,1.92,48.3,2068,11.4,0.0,34.5
SR-001523,ASM-04,2026-10-02T10:00:00,1.85,49.0,2153,12.4,0.0,35.8
SR-001524,ASM-04,2026-10-02T11:00:00,1.88,49.8,2131,12.1,0.0,34.2
SR-001525,ASM-04,2026-10-02T12:00:00,1.89,49.6,2124,11.3,0.0,35.1
SR-001526,ASM-04,2026-10-02T13:00:00,1.86,48.6,2049,12.3,0.0,35.2
SR-001527,ASM-04,2026-10-02T14:00:00,1.87,48.8,2098,11.6,0.0,33.7
SR-001528,ASM-04,2026-10-02T15:00:00,2.02,49.2,2136,12.1,0.0,33.0
SR-001529,ASM-04,2026-10-02T16:00:00,1.79,50.1,2069,12.3,0.0,33.0
SR-001530,ASM-04,2026-10-02T17:00:00,1.64,48.6,2094,12.2,0.0,34.8
SR-001531,ASM-04,2026-10-02T18:00:00,1.61,47.8,2082,12.0,0.0,33.8
SR-001532,ASM-04,2026-10-02T19:00:00,1.69,45.7,2050,11.9,0.0,34.1
SR-001533,ASM-04,2026-10-02T20:00:00,1.46,48.4,2087,11.8,0.0,33.4
SR-001534,ASM-04,2026-10-02T21:00:00,1.96,46.9,2070,12.2,0.0,33.9
SR-001535,ASM-04,2026-10-02T22:00:00,1.95,47.6,2062,11.8,0.0,34.4
SR-001536,ASM-04,2026-10-02T23:00:00,1.67,47.6,2123,11.9,0.0,34.5
SR-001537,ASM-05,2026-09-17T00:00:00,2.02,48.0,2080,12.3,0.0,33.5
SR-001538,ASM-05,2026-09-17T01:00:00,1.69,47.9,2076,11.3,0.0,34.3
SR-001539,ASM-05,2026-09-17T02:00:00,1.87,48.0,2060,12.6,0.0,34.1
SR-001540,ASM-05,2026-09-17T03:00:00,1.81,47.6,2119,11.6,0.0,33.3
SR-001541,ASM-05,2026-09-17T04:00:00,1.83,47.8,2075,12.0,0.0,34.2
SR-001542,ASM-05,2026-09-17T05:00:00,1.86,49.4,2127,12.4,0.0,34.2
SR-001543,ASM-05,2026-09-17T06:00:00,1.66,48.3,2100,11.9,0.0,33.9
SR-001544,ASM-05,2026-09-17T07:00:00,1.84,48.8,2070,12.2,0.0,34.1
SR-001545,ASM-05,2026-09-17T08:00:00,1.69,49.7,2117,12.3,0.0,34.7
SR-001546,ASM-05,2026-09-17T09:00:00,1.84,49.1,2067,12.4,0.0,32.4
SR-001547,ASM-05,2026-09-17T10:00:00,1.78,50.2,2110,12.0,0.0,33.7
SR-001548,ASM-05,2026-09-17T11:00:00,1.92,48.1,2074,12.1,0.0,34.6
SR-001549,ASM-05,2026-09-17T12:00:00,1.71,49.4,2081,12.2,0.0,33.9
SR-001550,ASM-05,2026-09-17T13:00:00,2.04,49.1,2058,11.6,0.0,33.4
SR-001551,ASM-05,2026-09-17T14:00:00,1.83,48.3,2013,12.2,0.0,33.0
SR-001552,ASM-05,2026-09-17T15:00:00,1.95,49.2,2061,13.1,0.0,33.0
SR-001553,ASM-05,2026-09-17T16:00:00,1.65,49.6,2073,12.0,0.0,34.3
SR-001554,ASM-05,2026-09-17T17:00:00,1.57,47.4,2145,12.2,0.0,34.2
SR-001555,ASM-05,2026-09-17T18:00:00,1.71,47.4,2085,11.5,0.0,33.2
SR-001556,ASM-05,2026-09-17T19:00:00,1.98,49.0,2080,11.8,0.0,33.3
SR-001557,ASM-05,2026-09-17T20:00:00,1.83,48.3,2139,11.6,0.0,33.4
SR-001558,ASM-05,2026-09-17T21:00:00,1.64,46.4,2053,13.3,0.0,34.4
SR-001559,ASM-05,2026-09-17T22:00:00,1.89,46.7,2066,11.8,0.0,34.2
SR-001560,ASM-05,2026-09-17T23:00:00,2.02,48.1,2105,11.8,0.0,33.7
SR-001561,ASM-05,2026-09-18T00:00:00,1.83,47.4,2126,11.9,0.0,35.5
SR-001562,ASM-05,2026-09-18T01:00:00,1.78,46.5,2108,11.2,0.0,33.7
SR-001563,ASM-05,2026-09-18T02:00:00,1.67,47.5,2093,12.0,0.0,32.6
SR-001564,ASM-05,2026-09-18T03:00:00,1.9,48.0,2096,11.6,0.0,34.8
SR-001565,ASM-05,2026-09-18T04:00:00,1.75,48.2,2088,11.9,0.0,33.9
SR-001566,ASM-05,2026-09-18T05:00:00,1.87,46.7,2144,12.3,0.0,33.8
SR-001567,ASM-05,2026-09-18T06:00:00,1.62,47.7,2104,12.1,0.0,34.6
SR-001568,ASM-05,2026-09-18T07:00:00,1.75,49.3,2147,11.4,0.0,34.3
SR-001569,ASM-05,2026-09-18T08:00:00,1.8,47.6,2113,11.9,0.0,33.3
SR-001570,ASM-05,2026-09-18T09:00:00,1.69,48.1,2095,12.2,0.0,34.6
SR-001571,ASM-05,2026-09-18T10:00:00,1.81,48.8,2145,12.3,0.0,35.2
SR-001572,ASM-05,2026-09-18T11:00:00,1.77,49.8,2138,12.1,0.0,34.8
SR-001573,ASM-05,2026-09-18T12:00:00,2.01,47.0,2082,11.3,0.0,34.1
SR-001574,ASM-05,2026-09-18T13:00:00,1.73,49.9,2115,11.7,0.0,34.2
SR-001575,ASM-05,2026-09-18T14:00:00,2.07,50.0,2098,11.5,0.0,33.6
SR-001576,ASM-05,2026-09-18T15:00:00,1.82,49.0,2125,11.5,0.0,35.2
SR-001577,ASM-05,2026-09-18T16:00:00,1.85,48.4,2155,11.7,0.0,33.4
SR-001578,ASM-05,2026-09-18T17:00:00,1.8,48.2,2140,12.8,0.0,35.3
SR-001579,ASM-05,2026-09-18T18:00:00,1.71,48.4,2110,11.9,0.0,34.3
SR-001580,ASM-05,2026-09-18T19:00:00,1.73,47.2,2061,11.5,0.0,34.2
SR-001581,ASM-05,2026-09-18T20:00:00,1.75,46.5,2129,12.1,0.0,34.4
SR-001582,ASM-05,2026-09-18T21:00:00,1.61,48.2,2140,11.1,0.0,33.4
SR-001583,ASM-05,2026-09-18T22:00:00,1.97,48.7,2063,11.4,0.0,33.6
SR-001584,ASM-05,2026-09-18T23:00:00,1.75,47.9,2136,13.1,0.0,34.4
SR-001585,ASM-05,2026-09-19T00:00:00,1.7,48.2,2021,12.1,0.0,33.6
SR-001586,ASM-05,2026-09-19T01:00:00,1.77,47.0,2153,11.7,0.0,34.3
SR-001587,ASM-05,2026-09-19T02:00:00,1.71,48.2,2095,11.8,0.0,34.4
SR-001588,ASM-05,2026-09-19T03:00:00,1.72,46.8,2145,12.0,0.0,34.0
SR-001589,ASM-05,2026-09-19T04:00:00,1.84,48.0,2072,12.0,0.0,34.3
SR-001590,ASM-05,2026-09-19T05:00:00,1.77,48.9,2090,12.3,0.0,34.3
SR-001591,ASM-05,2026-09-19T06:00:00,1.59,47.1,2056,12.2,0.0,33.7
SR-001592,ASM-05,2026-09-19T07:00:00,1.96,48.5,2079,11.7,0.0,34.4
SR-001593,ASM-05,2026-09-19T08:00:00,1.92,48.4,2107,11.9,0.0,34.3
SR-001594,ASM-05,2026-09-19T09:00:00,1.52,47.3,2111,12.9,0.0,34.1
SR-001595,ASM-05,2026-09-19T10:00:00,1.63,47.8,2097,11.2,0.0,34.6
SR-001596,ASM-05,2026-09-19T11:00:00,1.86,49.4,2159,12.1,0.0,34.7
SR-001597,ASM-05,2026-09-19T12:00:00,1.81,49.2,2119,12.3,0.0,33.5
SR-001598,ASM-05,2026-09-19T13:00:00,1.82,49.4,2096,11.2,0.0,34.1
SR-001599,ASM-05,2026-09-19T14:00:00,1.76,48.2,2078,12.0,0.0,34.6
SR-001600,ASM-05,2026-09-19T15:00:00,1.98,49.8,2005,12.3,0.0,33.2
SR-001601,ASM-05,2026-09-19T16:00:00,1.77,49.4,2099,11.8,0.0,33.4
SR-001602,ASM-05,2026-09-19T17:00:00,1.84,47.5,2127,12.7,0.0,33.6
SR-001603,ASM-05,2026-09-19T18:00:00,2.01,46.2,2080,12.9,0.0,35.3
SR-001604,ASM-05,2026-09-19T19:00:00,1.68,46.8,2073,11.8,0.0,32.6
SR-001605,ASM-05,2026-09-19T20:00:00,1.8,47.7,2071,11.7,0.0,34.2
SR-001606,ASM-05,2026-09-19T21:00:00,2.01,47.0,2103,12.7,0.0,33.9
SR-001607,ASM-05,2026-09-19T22:00:00,1.77,48.2,2122,11.6,0.0,34.6
SR-001608,ASM-05,2026-09-19T23:00:00,1.72,47.0,2094,12.7,0.0,32.9
SR-001609,ASM-05,2026-09-20T00:00:00,1.7,46.0,2099,12.1,0.0,34.1
SR-001610,ASM-05,2026-09-20T01:00:00,1.65,48.8,2104,12.6,0.0,32.6
SR-001611,ASM-05,2026-09-20T02:00:00,1.75,45.6,2093,11.8,0.0,33.6
SR-001612,ASM-05,2026-09-20T03:00:00,1.83,47.7,2120,12.4,0.0,34.0
SR-001613,ASM-05,2026-09-20T04:00:00,1.82,47.9,2123,11.1,0.0,33.6
SR-001614,ASM-05,2026-09-20T05:00:00,1.93,48.4,2111,12.2,0.0,34.1
SR-001615,ASM-05,2026-09-20T06:00:00,1.98,47.0,2083,12.0,0.0,34.3
SR-001616,ASM-05,2026-09-20T07:00:00,1.73,48.9,2109,11.7,0.0,34.6
SR-001617,ASM-05,2026-09-20T08:00:00,1.69,48.0,2124,11.8,0.0,33.8
SR-001618,ASM-05,2026-09-20T09:00:00,1.59,49.5,2072,12.1,0.0,33.8
SR-001619,ASM-05,2026-09-20T10:00:00,1.71,48.8,2014,12.8,0.0,34.9
SR-001620,ASM-05,2026-09-20T11:00:00,1.89,48.5,2044,11.2,0.0,33.1
SR-001621,ASM-05,2026-09-20T12:00:00,1.68,48.5,2107,11.9,0.0,33.9
SR-001622,ASM-05,2026-09-20T13:00:00,1.79,47.6,2092,11.8,0.0,33.3
SR-001623,ASM-05,2026-09-20T14:00:00,1.92,48.9,2097,11.8,0.0,33.2
SR-001624,ASM-05,2026-09-20T15:00:00,1.66,49.2,2117,12.0,0.0,33.4
SR-001625,ASM-05,2026-09-20T16:00:00,1.75,49.1,2110,11.6,0.0,34.4
SR-001626,ASM-05,2026-09-20T17:00:00,1.79,48.5,2137,11.4,0.0,35.1
SR-001627,ASM-05,2026-09-20T18:00:00,1.77,47.9,2170,12.1,0.0,33.6
SR-001628,ASM-05,2026-09-20T19:00:00,1.87,48.2,2042,11.1,0.0,33.9
SR-001629,ASM-05,2026-09-20T20:00:00,1.67,47.3,2077,11.2,0.0,34.2
SR-001630,ASM-05,2026-09-20T21:00:00,1.83,47.2,2053,12.9,0.0,33.6
SR-001631,ASM-05,2026-09-20T22:00:00,1.91,47.8,2097,11.7,0.0,34.7
SR-001632,ASM-05,2026-09-20T23:00:00,1.73,47.8,2050,12.4,0.0,34.2
SR-001633,ASM-05,2026-09-21T00:00:00,1.62,48.4,2070,12.8,0.0,34.2
SR-001634,ASM-05,2026-09-21T01:00:00,1.99,48.1,2070,12.1,0.0,33.6
SR-001635,ASM-05,2026-09-21T02:00:00,1.82,46.4,2096,11.3,0.0,34.5
SR-001636,ASM-05,2026-09-21T03:00:00,1.59,46.6,2127,12.0,0.0,33.9
SR-001637,ASM-05,2026-09-21T04:00:00,1.68,47.4,2134,11.8,0.0,33.8
SR-001638,ASM-05,2026-09-21T05:00:00,1.96,47.7,2121,12.0,0.0,33.9
SR-001639,ASM-05,2026-09-21T06:00:00,2.04,49.8,2073,11.8,0.0,33.4
SR-001640,ASM-05,2026-09-21T07:00:00,1.78,47.6,2116,11.7,0.0,34.0
SR-001641,ASM-05,2026-09-21T08:00:00,1.71,48.8,2135,11.9,0.0,33.0
SR-001642,ASM-05,2026-09-21T09:00:00,1.67,47.1,2053,12.3,0.0,34.3
SR-001643,ASM-05,2026-09-21T10:00:00,1.59,48.7,2113,12.0,0.0,33.8
SR-001644,ASM-05,2026-09-21T11:00:00,1.89,48.7,2061,12.2,0.0,34.4
SR-001645,ASM-05,2026-09-21T12:00:00,1.67,51.2,2085,12.5,0.0,34.1
SR-001646,ASM-05,2026-09-21T13:00:00,1.83,49.3,2066,11.5,0.0,34.4
SR-001647,ASM-05,2026-09-21T14:00:00,1.67,48.2,2117,12.4,0.0,35.1
SR-001648,ASM-05,2026-09-21T15:00:00,1.72,48.1,2144,11.7,0.0,34.0
SR-001649,ASM-05,2026-09-21T16:00:00,1.64,48.8,2088,11.6,0.0,34.2
SR-001650,ASM-05,2026-09-21T17:00:00,1.87,48.5,2108,11.4,0.0,33.8
SR-001651,ASM-05,2026-09-21T18:00:00,1.67,48.7,2131,12.5,0.0,34.4
SR-001652,ASM-05,2026-09-21T19:00:00,1.98,48.0,2075,11.9,0.0,33.0
SR-001653,ASM-05,2026-09-21T20:00:00,1.88,48.2,2113,10.8,0.0,34.7
SR-001654,ASM-05,2026-09-21T21:00:00,2.04,48.2,2096,11.6,0.0,34.6
SR-001655,ASM-05,2026-09-21T22:00:00,1.63,47.0,2084,11.7,0.0,34.1
SR-001656,ASM-05,2026-09-21T23:00:00,1.76,47.3,2090,11.3,0.0,34.5
SR-001657,ASM-05,2026-09-22T00:00:00,1.7,47.2,2100,11.4,0.0,33.9
SR-001658,ASM-05,2026-09-22T01:00:00,1.8,47.5,2129,11.3,0.0,34.1
SR-001659,ASM-05,2026-09-22T02:00:00,1.78,48.6,2038,11.1,0.0,34.0
SR-001660,ASM-05,2026-09-22T03:00:00,1.7,48.0,2166,12.2,0.0,34.2
SR-001661,ASM-05,2026-09-22T04:00:00,1.77,48.4,2079,12.6,0.0,33.3
SR-001662,ASM-05,2026-09-22T05:00:00,1.68,47.7,2057,11.0,0.0,34.6
SR-001663,ASM-05,2026-09-22T06:00:00,1.75,48.9,2089,12.2,0.0,33.5
SR-001664,ASM-05,2026-09-22T07:00:00,1.72,48.7,2121,11.8,0.0,34.1
SR-001665,ASM-05,2026-09-22T08:00:00,1.97,49.2,2122,12.1,0.0,34.2
SR-001666,ASM-05,2026-09-22T09:00:00,1.8,49.4,2099,11.4,0.0,34.5
SR-001667,ASM-05,2026-09-22T10:00:00,1.8,49.5,2069,12.2,0.0,33.1
SR-001668,ASM-05,2026-09-22T11:00:00,1.98,48.9,2050,12.3,0.0,33.7
SR-001669,ASM-05,2026-09-22T12:00:00,1.72,47.6,2080,12.7,0.0,35.1
SR-001670,ASM-05,2026-09-22T13:00:00,2.04,48.8,2147,11.5,0.0,34.2
SR-001671,ASM-05,2026-09-22T14:00:00,1.89,49.1,2082,12.2,0.0,33.3
SR-001672,ASM-05,2026-09-22T15:00:00,2.07,48.9,2089,11.8,0.0,34.4
SR-001673,ASM-05,2026-09-22T16:00:00,1.82,47.0,2086,11.7,0.0,35.2
SR-001674,ASM-05,2026-09-22T17:00:00,1.81,48.8,2101,12.6,0.0,34.2
SR-001675,ASM-05,2026-09-22T18:00:00,1.74,47.7,2142,12.0,0.0,32.8
SR-001676,ASM-05,2026-09-22T19:00:00,1.75,45.3,2103,12.0,0.0,34.2
SR-001677,ASM-05,2026-09-22T20:00:00,1.63,46.2,2130,12.4,0.0,34.1
SR-001678,ASM-05,2026-09-22T21:00:00,1.86,47.3,2112,12.5,0.0,35.7
SR-001679,ASM-05,2026-09-22T22:00:00,1.55,47.4,2121,11.8,0.0,33.5
SR-001680,ASM-05,2026-09-22T23:00:00,1.74,45.4,2110,11.2,0.0,34.4
SR-001681,ASM-05,2026-09-23T00:00:00,1.82,46.8,2118,12.5,0.0,35.3
SR-001682,ASM-05,2026-09-23T01:00:00,1.82,46.7,2117,12.6,0.0,34.0
SR-001683,ASM-05,2026-09-23T02:00:00,1.68,48.6,2110,11.7,0.0,33.5
SR-001684,ASM-05,2026-09-23T03:00:00,1.81,46.4,2084,11.8,0.0,35.3
SR-001685,ASM-05,2026-09-23T04:00:00,1.95,46.8,2057,12.6,0.0,32.8
SR-001686,ASM-05,2026-09-23T05:00:00,1.99,47.6,2124,12.3,0.0,33.3
SR-001687,ASM-05,2026-09-23T06:00:00,1.64,47.8,2140,11.7,0.0,32.2
SR-001688,ASM-05,2026-09-23T07:00:00,1.85,48.5,2156,11.1,0.0,34.6
SR-001689,ASM-05,2026-09-23T08:00:00,1.91,47.4,2057,11.1,0.0,34.3
SR-001690,ASM-05,2026-09-23T09:00:00,1.76,49.2,2025,11.7,0.0,35.2
SR-001691,ASM-05,2026-09-23T10:00:00,1.79,49.7,2127,11.5,0.0,33.6
SR-001692,ASM-05,2026-09-23T11:00:00,1.95,47.6,2126,12.4,0.0,34.5
SR-001693,ASM-05,2026-09-23T12:00:00,1.82,49.1,2061,11.5,0.0,34.0
SR-001694,ASM-05,2026-09-23T13:00:00,1.73,48.8,2113,11.9,0.0,33.8
SR-001695,ASM-05,2026-09-23T14:00:00,1.92,49.7,2108,11.6,0.0,33.7
SR-001696,ASM-05,2026-09-23T15:00:00,1.82,48.5,2075,11.3,0.0,34.2
SR-001697,ASM-05,2026-09-23T16:00:00,1.69,49.3,2146,12.6,0.0,34.2
SR-001698,ASM-05,2026-09-23T17:00:00,1.74,47.8,2060,12.1,0.0,36.2
SR-001699,ASM-05,2026-09-23T18:00:00,1.78,46.9,2088,11.8,0.0,33.4
SR-001700,ASM-05,2026-09-23T19:00:00,1.8,48.8,2131,12.4,0.0,34.6
SR-001701,ASM-05,2026-09-23T20:00:00,1.51,48.5,2113,12.1,0.0,33.7
SR-001702,ASM-05,2026-09-23T21:00:00,1.83,48.4,2050,11.3,0.0,33.5
SR-001703,ASM-05,2026-09-23T22:00:00,1.93,46.9,2129,11.7,0.0,34.2
SR-001704,ASM-05,2026-09-23T23:00:00,2.01,48.0,2091,12.9,0.0,34.3
SR-001705,ASM-05,2026-09-24T00:00:00,1.77,48.0,2057,12.0,0.0,34.2
SR-001706,ASM-05,2026-09-24T01:00:00,1.77,47.2,2123,11.5,0.0,34.0
SR-001707,ASM-05,2026-09-24T02:00:00,1.81,47.9,2119,12.5,0.0,33.8
SR-001708,ASM-05,2026-09-24T03:00:00,1.9,48.6,2128,11.8,0.0,33.2
SR-001709,ASM-05,2026-09-24T04:00:00,1.75,47.8,2047,11.6,0.0,34.1
SR-001710,ASM-05,2026-09-24T05:00:00,1.8,45.4,2132,12.5,0.0,32.4
SR-001711,ASM-05,2026-09-24T06:00:00,1.96,50.0,2087,11.8,0.0,33.6
SR-001712,ASM-05,2026-09-24T07:00:00,1.74,48.3,2101,12.4,0.0,33.7
SR-001713,ASM-05,2026-09-24T08:00:00,1.68,49.9,2069,12.4,0.0,34.4
SR-001714,ASM-05,2026-09-24T09:00:00,1.86,47.9,2115,12.3,0.0,33.9
SR-001715,ASM-05,2026-09-24T10:00:00,1.82,48.1,2098,12.4,0.0,33.2
SR-001716,ASM-05,2026-09-24T11:00:00,1.83,47.1,2074,12.1,0.0,34.2
SR-001717,ASM-05,2026-09-24T12:00:00,2.05,49.8,2068,11.2,0.0,34.9
SR-001718,ASM-05,2026-09-24T13:00:00,1.85,47.9,2132,12.3,0.0,33.6
SR-001719,ASM-05,2026-09-24T14:00:00,1.71,48.2,2101,12.1,0.0,35.3
SR-001720,ASM-05,2026-09-24T15:00:00,1.82,50.2,2128,12.0,0.0,33.8
SR-001721,ASM-05,2026-09-24T16:00:00,1.68,49.1,2120,11.9,0.0,34.1
SR-001722,ASM-05,2026-09-24T17:00:00,1.78,48.8,2127,11.6,0.0,33.7
SR-001723,ASM-05,2026-09-24T18:00:00,1.99,48.5,2066,12.0,0.0,34.4
SR-001724,ASM-05,2026-09-24T19:00:00,1.87,47.9,2044,11.1,0.0,34.3
SR-001725,ASM-05,2026-09-24T20:00:00,1.76,48.0,2080,12.7,0.0,34.4
SR-001726,ASM-05,2026-09-24T21:00:00,1.78,46.6,2176,11.6,0.0,34.3
SR-001727,ASM-05,2026-09-24T22:00:00,1.9,45.6,2075,12.6,0.0,34.5
SR-001728,ASM-05,2026-09-24T23:00:00,1.77,48.0,2099,11.7,0.0,33.4
SR-001729,ASM-05,2026-09-25T00:00:00,1.68,46.5,2103,11.8,0.0,33.1
SR-001730,ASM-05,2026-09-25T01:00:00,1.79,45.6,2072,12.2,0.0,34.2
SR-001731,ASM-05,2026-09-25T02:00:00,1.73,47.2,2087,11.8,0.0,33.8
SR-001732,ASM-05,2026-09-25T03:00:00,1.53,48.0,2067,12.2,0.0,33.6
SR-001733,ASM-05,2026-09-25T04:00:00,1.99,47.7,2072,12.4,0.0,32.9
SR-001734,ASM-05,2026-09-25T05:00:00,1.84,47.7,2135,11.8,0.0,34.0
SR-001735,ASM-05,2026-09-25T06:00:00,1.9,47.8,2116,12.3,0.0,32.9
SR-001736,ASM-05,2026-09-25T07:00:00,1.81,46.8,2033,11.5,0.0,34.4
SR-001737,ASM-05,2026-09-25T08:00:00,1.88,48.9,2082,12.4,0.0,34.8
SR-001738,ASM-05,2026-09-25T09:00:00,2.0,48.1,2133,12.1,0.0,33.5
SR-001739,ASM-05,2026-09-25T10:00:00,1.9,47.0,2101,11.2,0.0,33.9
SR-001740,ASM-05,2026-09-25T11:00:00,1.85,48.0,2096,11.8,0.0,33.0
SR-001741,ASM-05,2026-09-25T12:00:00,1.79,47.8,2119,12.1,0.0,35.8
SR-001742,ASM-05,2026-09-25T13:00:00,1.79,50.6,2102,11.8,0.0,35.0
SR-001743,ASM-05,2026-09-25T14:00:00,1.94,48.3,2100,11.3,0.0,33.2
SR-001744,ASM-05,2026-09-25T15:00:00,1.93,48.9,2131,12.4,0.0,33.5
SR-001745,ASM-05,2026-09-25T16:00:00,1.87,48.0,2154,11.6,0.0,33.7
SR-001746,ASM-05,2026-09-25T17:00:00,1.86,47.8,2102,12.8,0.0,34.1
SR-001747,ASM-05,2026-09-25T18:00:00,1.8,48.3,2094,11.9,0.0,33.7
SR-001748,ASM-05,2026-09-25T19:00:00,1.87,48.6,2125,11.8,0.0,34.5
SR-001749,ASM-05,2026-09-25T20:00:00,1.76,47.5,2096,11.8,0.0,34.5
SR-001750,ASM-05,2026-09-25T21:00:00,1.75,47.8,2096,11.7,0.0,33.4
SR-001751,ASM-05,2026-09-25T22:00:00,1.64,46.8,2082,12.1,0.0,33.3
SR-001752,ASM-05,2026-09-25T23:00:00,1.69,48.1,2064,11.3,0.0,33.9
SR-001753,ASM-05,2026-09-26T00:00:00,1.92,45.9,2082,11.5,0.0,33.9
SR-001754,ASM-05,2026-09-26T01:00:00,1.65,47.6,2074,12.0,0.0,33.8
SR-001755,ASM-05,2026-09-26T02:00:00,1.78,47.2,2119,12.4,0.0,34.7
SR-001756,ASM-05,2026-09-26T03:00:00,1.59,47.7,2109,12.1,0.0,33.7
SR-001757,ASM-05,2026-09-26T04:00:00,1.69,48.5,2094,12.9,0.0,33.7
SR-001758,ASM-05,2026-09-26T05:00:00,2.03,47.0,2113,12.0,0.0,34.6
SR-001759,ASM-05,2026-09-26T06:00:00,1.82,49.0,2087,11.5,0.0,33.2
SR-001760,ASM-05,2026-09-26T07:00:00,2.02,48.3,2076,11.8,0.0,32.9
SR-001761,ASM-05,2026-09-26T08:00:00,1.8,48.9,2092,12.3,0.0,35.3
SR-001762,ASM-05,2026-09-26T09:00:00,1.6,49.5,2093,11.8,0.0,33.8
SR-001763,ASM-05,2026-09-26T10:00:00,1.86,49.1,2073,12.3,0.0,34.6
SR-001764,ASM-05,2026-09-26T11:00:00,1.99,50.3,2086,12.0,0.0,33.5
SR-001765,ASM-05,2026-09-26T12:00:00,1.92,48.1,2071,11.9,0.0,33.7
SR-001766,ASM-05,2026-09-26T13:00:00,2.01,48.5,2138,12.7,0.0,34.4
SR-001767,ASM-05,2026-09-26T14:00:00,1.66,47.9,2140,12.3,0.0,35.0
SR-001768,ASM-05,2026-09-26T15:00:00,1.79,48.6,2086,11.9,0.0,34.8
SR-001769,ASM-05,2026-09-26T16:00:00,2.16,48.7,2096,12.6,0.0,34.1
SR-001770,ASM-05,2026-09-26T17:00:00,1.92,47.3,2081,11.9,0.0,33.7
SR-001771,ASM-05,2026-09-26T18:00:00,1.92,48.3,2056,12.1,0.0,33.1
SR-001772,ASM-05,2026-09-26T19:00:00,1.55,48.2,2161,11.3,0.0,34.9
SR-001773,ASM-05,2026-09-26T20:00:00,1.63,46.3,2091,11.5,0.0,34.0
SR-001774,ASM-05,2026-09-26T21:00:00,1.98,47.8,2071,11.3,0.0,34.8
SR-001775,ASM-05,2026-09-26T22:00:00,1.96,48.5,2122,12.8,0.0,33.4
SR-001776,ASM-05,2026-09-26T23:00:00,1.8,47.5,2131,12.1,0.0,33.4
SR-001777,ASM-05,2026-09-27T00:00:00,1.73,47.2,2128,12.4,0.0,32.9
SR-001778,ASM-05,2026-09-27T01:00:00,1.85,47.7,2080,12.1,0.0,34.9
SR-001779,ASM-05,2026-09-27T02:00:00,1.99,46.4,2127,11.8,0.0,33.5
SR-001780,ASM-05,2026-09-27T03:00:00,1.75,47.6,2135,12.0,0.0,33.2
SR-001781,ASM-05,2026-09-27T04:00:00,1.86,47.3,2029,12.1,0.0,34.2
SR-001782,ASM-05,2026-09-27T05:00:00,1.7,48.8,2130,11.9,0.0,34.5
SR-001783,ASM-05,2026-09-27T06:00:00,1.91,48.3,2078,11.9,0.0,34.8
SR-001784,ASM-05,2026-09-27T07:00:00,1.88,47.1,2120,11.5,0.0,33.6
SR-001785,ASM-05,2026-09-27T08:00:00,1.71,47.5,2195,12.1,0.0,34.3
SR-001786,ASM-05,2026-09-27T09:00:00,1.77,48.7,2022,11.0,0.0,34.3
SR-001787,ASM-05,2026-09-27T10:00:00,1.79,48.6,2084,11.7,0.0,34.4
SR-001788,ASM-05,2026-09-27T11:00:00,1.94,49.0,2123,12.7,0.0,33.8
SR-001789,ASM-05,2026-09-27T12:00:00,1.91,49.2,2151,12.9,0.0,34.9
SR-001790,ASM-05,2026-09-27T13:00:00,1.73,48.8,2131,12.8,0.0,35.5
SR-001791,ASM-05,2026-09-27T14:00:00,1.64,49.2,2119,11.9,0.0,34.7
SR-001792,ASM-05,2026-09-27T15:00:00,1.82,48.8,2102,12.1,0.0,33.8
SR-001793,ASM-05,2026-09-27T16:00:00,1.74,49.1,2079,11.5,0.0,32.8
SR-001794,ASM-05,2026-09-27T17:00:00,1.96,47.9,2079,12.4,0.0,33.7
SR-001795,ASM-05,2026-09-27T18:00:00,1.7,47.6,2115,11.8,0.0,34.1
SR-001796,ASM-05,2026-09-27T19:00:00,1.97,47.5,2074,11.7,0.0,34.5
SR-001797,ASM-05,2026-09-27T20:00:00,1.63,47.5,2039,12.1,0.0,35.1
SR-001798,ASM-05,2026-09-27T21:00:00,1.88,47.5,2088,12.4,0.0,34.8
SR-001799,ASM-05,2026-09-27T22:00:00,1.8,47.6,2117,12.1,0.0,33.6
SR-001800,ASM-05,2026-09-27T23:00:00,1.88,47.3,2073,12.7,0.0,33.7
SR-001801,ASM-05,2026-09-28T00:00:00,1.5,47.5,2142,11.8,0.0,33.5
SR-001802,ASM-05,2026-09-28T01:00:00,1.94,46.7,2115,12.3,0.0,35.0
SR-001803,ASM-05,2026-09-28T02:00:00,2.04,46.9,2137,12.1,0.0,33.9
SR-001804,ASM-05,2026-09-28T03:00:00,1.91,47.7,2136,11.9,0.0,34.6
SR-001805,ASM-05,2026-09-28T04:00:00,1.8,47.7,2086,11.4,0.0,34.9
SR-001806,ASM-05,2026-09-28T05:00:00,1.95,47.0,2079,13.3,0.0,33.2
SR-001807,ASM-05,2026-09-28T06:00:00,1.77,47.7,2092,12.2,0.0,34.4
SR-001808,ASM-05,2026-09-28T07:00:00,1.75,48.7,2096,11.6,0.0,33.9
SR-001809,ASM-05,2026-09-28T08:00:00,1.79,49.2,2132,12.0,0.0,32.5
SR-001810,ASM-05,2026-09-28T09:00:00,1.91,49.3,2120,11.7,0.0,34.9
SR-001811,ASM-05,2026-09-28T10:00:00,1.67,47.4,2108,12.6,0.0,33.4
SR-001812,ASM-05,2026-09-28T11:00:00,1.71,49.5,2079,12.1,0.0,34.7
SR-001813,ASM-05,2026-09-28T12:00:00,1.61,48.1,2116,11.9,0.0,35.2
SR-001814,ASM-05,2026-09-28T13:00:00,1.87,47.9,2163,12.0,0.0,34.3
SR-001815,ASM-05,2026-09-28T14:00:00,1.9,46.8,2123,12.5,0.0,34.5
SR-001816,ASM-05,2026-09-28T15:00:00,1.83,47.5,2136,11.9,0.0,35.2
SR-001817,ASM-05,2026-09-28T16:00:00,1.94,49.0,2061,12.5,0.0,34.3
SR-001818,ASM-05,2026-09-28T17:00:00,1.89,48.4,2081,11.7,0.0,34.6
SR-001819,ASM-05,2026-09-28T18:00:00,1.81,47.6,2111,11.7,0.0,33.5
SR-001820,ASM-05,2026-09-28T19:00:00,1.86,49.3,2076,12.4,0.0,34.2
SR-001821,ASM-05,2026-09-28T20:00:00,1.74,47.6,2059,12.0,0.0,34.7
SR-001822,ASM-05,2026-09-28T21:00:00,1.88,49.3,2104,11.0,0.0,34.1
SR-001823,ASM-05,2026-09-28T22:00:00,2.02,46.5,2121,12.6,0.0,33.9
SR-001824,ASM-05,2026-09-28T23:00:00,1.88,46.5,2118,11.3,0.0,34.3
SR-001825,ASM-05,2026-09-29T00:00:00,1.86,46.2,2122,12.2,0.0,33.7
SR-001826,ASM-05,2026-09-29T01:00:00,1.64,47.4,2101,11.9,0.0,33.7
SR-001827,ASM-05,2026-09-29T02:00:00,1.63,46.4,2132,11.4,0.0,33.6
SR-001828,ASM-05,2026-09-29T03:00:00,1.82,49.1,2139,12.0,0.0,32.7
SR-001829,ASM-05,2026-09-29T04:00:00,1.75,48.4,2070,13.1,0.0,34.7
SR-001830,ASM-05,2026-09-29T05:00:00,1.69,48.1,2032,12.4,0.0,34.6
SR-001831,ASM-05,2026-09-29T06:00:00,1.77,48.1,2128,11.8,0.0,33.7
SR-001832,ASM-05,2026-09-29T07:00:00,1.91,48.4,2132,12.9,0.0,33.5
SR-001833,ASM-05,2026-09-29T08:00:00,1.56,49.3,2170,12.3,0.0,33.6
SR-001834,ASM-05,2026-09-29T09:00:00,1.73,48.8,2073,12.6,0.0,34.4
SR-001835,ASM-05,2026-09-29T10:00:00,1.85,48.2,2075,12.4,0.0,33.4
SR-001836,ASM-05,2026-09-29T11:00:00,1.87,49.7,2107,11.5,0.0,33.0
SR-001837,ASM-05,2026-09-29T12:00:00,1.72,48.1,2147,11.8,0.0,34.4
SR-001838,ASM-05,2026-09-29T13:00:00,1.84,48.4,2108,12.2,0.0,34.2
SR-001839,ASM-05,2026-09-29T14:00:00,1.85,48.4,2072,12.4,0.0,35.3
SR-001840,ASM-05,2026-09-29T15:00:00,1.87,49.9,2090,10.8,0.0,33.6
SR-001841,ASM-05,2026-09-29T16:00:00,1.83,47.7,2099,11.9,0.0,33.2
SR-001842,ASM-05,2026-09-29T17:00:00,1.77,48.0,2060,11.9,0.0,33.2
SR-001843,ASM-05,2026-09-29T18:00:00,1.96,47.6,2103,12.2,0.0,34.2
SR-001844,ASM-05,2026-09-29T19:00:00,1.75,49.5,2126,11.8,0.0,33.8
SR-001845,ASM-05,2026-09-29T20:00:00,1.77,47.8,2065,11.8,0.0,34.0
SR-001846,ASM-05,2026-09-29T21:00:00,1.71,47.9,2158,12.1,0.0,33.6
SR-001847,ASM-05,2026-09-29T22:00:00,1.83,46.6,2095,11.6,0.0,33.2
SR-001848,ASM-05,2026-09-29T23:00:00,1.82,47.4,2126,12.2,0.0,33.5
SR-001849,ASM-05,2026-09-30T00:00:00,1.66,47.4,2103,12.2,0.0,34.2
SR-001850,ASM-05,2026-09-30T01:00:00,1.85,48.2,2097,11.4,0.0,35.1
SR-001851,ASM-05,2026-09-30T02:00:00,1.91,46.8,2118,12.4,0.0,33.8
SR-001852,ASM-05,2026-09-30T03:00:00,1.75,46.7,2098,11.9,0.0,33.5
SR-001853,ASM-05,2026-09-30T04:00:00,1.79,47.3,2084,11.9,0.0,34.0
SR-001854,ASM-05,2026-09-30T05:00:00,1.77,47.8,2152,11.9,0.0,34.1
SR-001855,ASM-05,2026-09-30T06:00:00,1.53,48.3,2117,11.9,0.0,33.3
SR-001856,ASM-05,2026-09-30T07:00:00,1.74,48.4,2127,12.8,0.0,35.2
SR-001857,ASM-05,2026-09-30T08:00:00,1.84,48.5,2057,12.1,0.0,34.8
SR-001858,ASM-05,2026-09-30T09:00:00,1.92,49.3,2088,12.3,0.0,35.2
SR-001859,ASM-05,2026-09-30T10:00:00,1.9,49.5,2083,11.5,0.0,34.6
SR-001860,ASM-05,2026-09-30T11:00:00,1.87,49.4,2095,11.8,0.0,33.3
SR-001861,ASM-05,2026-09-30T12:00:00,1.82,48.7,2074,11.9,0.0,34.8
SR-001862,ASM-05,2026-09-30T13:00:00,1.53,47.5,2143,12.4,0.0,33.4
SR-001863,ASM-05,2026-09-30T14:00:00,1.9,48.0,2141,12.9,0.0,33.4
SR-001864,ASM-05,2026-09-30T15:00:00,1.69,48.7,2077,11.9,0.0,33.2
SR-001865,ASM-05,2026-09-30T16:00:00,2.07,49.1,2195,12.2,0.0,33.7
SR-001866,ASM-05,2026-09-30T17:00:00,1.76,47.7,2072,11.7,0.0,33.4
SR-001867,ASM-05,2026-09-30T18:00:00,1.79,49.5,2150,12.1,0.0,34.2
SR-001868,ASM-05,2026-09-30T19:00:00,1.82,47.5,2185,12.1,0.0,34.7
SR-001869,ASM-05,2026-09-30T20:00:00,1.79,47.9,2086,11.5,0.0,34.3
SR-001870,ASM-05,2026-09-30T21:00:00,1.58,47.2,2114,12.1,0.0,34.7
SR-001871,ASM-05,2026-09-30T22:00:00,1.88,48.3,2139,11.8,0.0,33.9
SR-001872,ASM-05,2026-09-30T23:00:00,1.84,48.4,2123,12.4,0.0,34.5
SR-001873,ASM-05,2026-10-01T00:00:00,1.79,47.8,2106,11.6,0.0,34.7
SR-001874,ASM-05,2026-10-01T01:00:00,1.73,47.4,2132,11.8,0.0,34.4
SR-001875,ASM-05,2026-10-01T02:00:00,1.66,46.6,2067,12.2,0.0,32.8
SR-001876,ASM-05,2026-10-01T03:00:00,1.77,47.8,2159,12.7,0.0,34.0
SR-001877,ASM-05,2026-10-01T04:00:00,1.86,48.1,2087,11.5,0.0,32.8
SR-001878,ASM-05,2026-10-01T05:00:00,1.57,48.6,2140,12.1,0.0,34.7
SR-001879,ASM-05,2026-10-01T06:00:00,1.93,47.4,2103,11.6,0.0,34.6
SR-001880,ASM-05,2026-10-01T07:00:00,1.69,48.2,2115,12.3,0.0,34.5
SR-001881,ASM-05,2026-10-01T08:00:00,1.74,49.1,2114,11.9,0.0,33.3
SR-001882,ASM-05,2026-10-01T09:00:00,1.69,47.6,2090,11.7,0.0,34.1
SR-001883,ASM-05,2026-10-01T10:00:00,1.81,50.3,2101,11.8,0.0,33.1
SR-001884,ASM-05,2026-10-01T11:00:00,2.01,48.2,2068,12.3,0.0,34.6
SR-001885,ASM-05,2026-10-01T12:00:00,1.63,49.5,2133,12.2,0.0,33.0
SR-001886,ASM-05,2026-10-01T13:00:00,1.78,47.7,2146,13.1,0.0,33.2
SR-001887,ASM-05,2026-10-01T14:00:00,1.68,48.5,2130,11.6,0.0,34.7
SR-001888,ASM-05,2026-10-01T15:00:00,1.99,49.0,2098,12.4,0.0,33.8
SR-001889,ASM-05,2026-10-01T16:00:00,1.87,48.4,2152,12.3,0.0,34.2
SR-001890,ASM-05,2026-10-01T17:00:00,2.13,48.8,2069,11.8,0.0,34.2
SR-001891,ASM-05,2026-10-01T18:00:00,1.68,47.7,2095,12.2,0.0,33.8
SR-001892,ASM-05,2026-10-01T19:00:00,1.77,47.0,2078,12.2,0.0,33.8
SR-001893,ASM-05,2026-10-01T20:00:00,1.66,47.2,2139,12.0,0.0,34.6
SR-001894,ASM-05,2026-10-01T21:00:00,1.76,46.7,2028,11.9,0.0,34.3
SR-001895,ASM-05,2026-10-01T22:00:00,1.82,47.6,2039,11.9,0.0,33.9
SR-001896,ASM-05,2026-10-01T23:00:00,1.84,47.6,2065,11.4,0.0,34.1
SR-001897,ASM-05,2026-10-02T00:00:00,1.59,47.2,2146,12.0,0.0,33.9
SR-001898,ASM-05,2026-10-02T01:00:00,1.73,48.2,2135,11.9,0.0,34.6
SR-001899,ASM-05,2026-10-02T02:00:00,1.73,47.9,2090,12.5,0.0,32.4
SR-001900,ASM-05,2026-10-02T03:00:00,2.14,47.5,2080,12.4,0.0,33.7
SR-001901,ASM-05,2026-10-02T04:00:00,2.06,47.0,2074,11.8,0.0,34.5
SR-001902,ASM-05,2026-10-02T05:00:00,1.67,47.2,2119,11.9,0.0,33.3
SR-001903,ASM-05,2026-10-02T06:00:00,1.84,47.0,2089,11.7,0.0,34.1
SR-001904,ASM-05,2026-10-02T07:00:00,1.92,48.6,2094,12.4,0.0,34.3
SR-001905,ASM-05,2026-10-02T08:00:00,1.76,47.7,2141,11.2,0.0,33.7
SR-001906,ASM-05,2026-10-02T09:00:00,1.71,50.0,2082,12.7,0.0,33.5
SR-001907,ASM-05,2026-10-02T10:00:00,1.9,49.3,2089,11.9,0.0,33.5
SR-001908,ASM-05,2026-10-02T11:00:00,1.9,49.5,2097,11.7,0.0,32.9
SR-001909,ASM-05,2026-10-02T12:00:00,1.69,48.3,2124,12.5,0.0,34.7
SR-001910,ASM-05,2026-10-02T13:00:00,1.69,51.2,2082,11.9,0.0,33.9
SR-001911,ASM-05,2026-10-02T14:00:00,1.7,49.7,2074,11.7,0.0,32.4
SR-001912,ASM-05,2026-10-02T15:00:00,1.82,48.8,2116,11.1,0.0,34.2
SR-001913,ASM-05,2026-10-02T16:00:00,1.86,49.4,2114,11.5,0.0,33.4
SR-001914,ASM-05,2026-10-02T17:00:00,1.83,47.6,2101,12.0,0.0,35.1
SR-001915,ASM-05,2026-10-02T18:00:00,1.91,47.0,2159,11.9,0.0,32.8
SR-001916,ASM-05,2026-10-02T19:00:00,1.74,47.9,2096,11.3,0.0,34.4
SR-001917,ASM-05,2026-10-02T20:00:00,1.71,47.7,2059,12.7,0.0,34.4
SR-001918,ASM-05,2026-10-02T21:00:00,1.83,47.1,2085,12.3,0.0,34.8
SR-001919,ASM-05,2026-10-02T22:00:00,1.77,45.7,2139,11.9,0.0,34.7
SR-001920,ASM-05,2026-10-02T23:00:00,1.81,45.8,2061,12.2,0.0,33.8
SR-001921,CNC-01,2026-09-17T00:00:00,2.16,61.9,8458,21.7,6.07,119.4
SR-001922,CNC-01,2026-09-17T01:00:00,2.19,60.7,8488,20.5,6.25,119.3
SR-001923,CNC-01,2026-09-17T02:00:00,2.3,59.8,8650,21.3,6.16,116.9
SR-001924,CNC-01,2026-09-17T03:00:00,2.47,60.1,8534,22.6,6.37,121.9
SR-001925,CNC-01,2026-09-17T04:00:00,2.47,61.9,8643,22.0,6.22,114.6
SR-001926,CNC-01,2026-09-17T05:00:00,2.28,60.7,8735,21.5,6.29,118.9
SR-001927,CNC-01,2026-09-17T06:00:00,2.53,61.0,8563,21.0,6.21,118.0
SR-001928,CNC-01,2026-09-17T07:00:00,2.41,64.1,8369,21.9,6.11,119.3
SR-001929,CNC-01,2026-09-17T08:00:00,2.44,61.1,8661,21.5,6.33,118.1
SR-001930,CNC-01,2026-09-17T09:00:00,2.35,61.4,8594,20.6,6.17,116.5
SR-001931,CNC-01,2026-09-17T10:00:00,2.29,63.1,8394,21.5,6.44,118.2
SR-001932,CNC-01,2026-09-17T11:00:00,2.27,63.8,8666,20.3,6.25,119.6
SR-001933,CNC-01,2026-09-17T12:00:00,2.25,62.4,8621,24.2,6.23,115.3
SR-001934,CNC-01,2026-09-17T13:00:00,2.37,62.7,8651,21.9,6.09,117.5
SR-001935,CNC-01,2026-09-17T14:00:00,2.48,61.5,8540,22.5,6.21,120.4
SR-001936,CNC-01,2026-09-17T15:00:00,2.28,62.5,8611,23.8,6.5,121.9
SR-001937,CNC-01,2026-09-17T16:00:00,2.39,60.7,8493,21.8,6.1,118.5
SR-001938,CNC-01,2026-09-17T17:00:00,2.36,61.7,8666,19.7,6.26,116.0
SR-001939,CNC-01,2026-09-17T18:00:00,2.53,61.7,8619,22.3,6.09,119.5
SR-001940,CNC-01,2026-09-17T19:00:00,2.49,61.1,8483,23.3,6.15,122.1
SR-001941,CNC-01,2026-09-17T20:00:00,2.53,60.8,8500,20.2,6.15,121.3
SR-001942,CNC-01,2026-09-17T21:00:00,2.39,62.1,8593,23.8,6.1,115.9
SR-001943,CNC-01,2026-09-17T22:00:00,2.34,62.7,8548,21.8,6.05,119.9
SR-001944,CNC-01,2026-09-17T23:00:00,2.37,60.4,8703,24.1,6.38,116.6
SR-001945,CNC-01,2026-09-18T00:00:00,2.54,60.6,8531,22.3,5.98,114.9
SR-001946,CNC-01,2026-09-18T01:00:00,2.2,61.5,8589,21.9,6.14,114.1
SR-001947,CNC-01,2026-09-18T02:00:00,2.32,60.0,8579,21.6,6.18,112.5
SR-001948,CNC-01,2026-09-18T03:00:00,2.27,60.4,8471,21.7,6.38,120.1
SR-001949,CNC-01,2026-09-18T04:00:00,2.54,61.3,8256,21.8,6.08,120.8
SR-001950,CNC-01,2026-09-18T05:00:00,2.42,60.3,8577,22.7,6.24,118.8
SR-001951,CNC-01,2026-09-18T06:00:00,2.41,61.4,8386,22.6,6.33,115.5
SR-001952,CNC-01,2026-09-18T07:00:00,2.27,62.8,8652,21.9,6.16,113.7
SR-001953,CNC-01,2026-09-18T08:00:00,2.3,63.3,8542,22.8,6.07,113.5
SR-001954,CNC-01,2026-09-18T09:00:00,2.63,62.9,8323,23.9,6.18,117.4
SR-001955,CNC-01,2026-09-18T10:00:00,2.42,62.4,8344,23.2,6.11,117.1
SR-001956,CNC-01,2026-09-18T11:00:00,2.41,62.0,8671,23.5,6.2,120.0
SR-001957,CNC-01,2026-09-18T12:00:00,2.56,63.8,8582,23.1,6.27,116.7
SR-001958,CNC-01,2026-09-18T13:00:00,2.33,62.7,8636,22.5,6.08,118.4
SR-001959,CNC-01,2026-09-18T14:00:00,2.26,62.4,8509,21.3,6.13,116.0
SR-001960,CNC-01,2026-09-18T15:00:00,2.42,63.3,8420,21.4,6.34,115.9
SR-001961,CNC-01,2026-09-18T16:00:00,2.36,62.2,8422,22.2,5.96,115.3
SR-001962,CNC-01,2026-09-18T17:00:00,2.33,62.4,8421,22.3,6.43,116.6
SR-001963,CNC-01,2026-09-18T18:00:00,2.38,61.8,8381,21.8,6.24,117.0
SR-001964,CNC-01,2026-09-18T19:00:00,2.55,63.2,8430,22.0,6.2,121.5
SR-001965,CNC-01,2026-09-18T20:00:00,2.5,60.9,8625,20.7,6.51,118.3
SR-001966,CNC-01,2026-09-18T21:00:00,2.62,61.3,8361,20.8,6.15,117.9
SR-001967,CNC-01,2026-09-18T22:00:00,2.44,61.1,8494,22.0,6.27,119.3
SR-001968,CNC-01,2026-09-18T23:00:00,2.45,61.6,8740,22.4,6.32,116.2
SR-001969,CNC-01,2026-09-19T00:00:00,2.13,60.6,8245,22.6,6.32,118.5
SR-001970,CNC-01,2026-09-19T01:00:00,2.44,60.9,8786,20.8,6.16,116.2
SR-001971,CNC-01,2026-09-19T02:00:00,2.29,61.2,8339,21.7,6.23,121.8
SR-001972,CNC-01,2026-09-19T03:00:00,2.42,61.4,8557,22.9,6.05,120.7
SR-001973,CNC-01,2026-09-19T04:00:00,2.58,63.0,8793,21.5,6.38,118.1
SR-001974,CNC-01,2026-09-19T05:00:00,2.35,61.2,8532,22.3,6.15,121.4
SR-001975,CNC-01,2026-09-19T06:00:00,2.34,62.3,8470,21.3,6.32,119.0
SR-001976,CNC-01,2026-09-19T07:00:00,2.12,62.6,8703,21.9,6.09,118.3
SR-001977,CNC-01,2026-09-19T08:00:00,2.28,60.8,8406,22.7,6.28,118.5
SR-001978,CNC-01,2026-09-19T09:00:00,2.56,61.7,8540,21.3,6.35,120.2
SR-001979,CNC-01,2026-09-19T10:00:00,2.18,62.8,8223,22.1,5.87,116.9
SR-001980,CNC-01,2026-09-19T11:00:00,2.34,63.1,8779,20.5,6.23,118.5
SR-001981,CNC-01,2026-09-19T12:00:00,2.32,64.6,8678,22.7,6.2,120.3
SR-001982,CNC-01,2026-09-19T13:00:00,2.38,64.1,8413,23.3,6.24,120.2
SR-001983,CNC-01,2026-09-19T14:00:00,2.46,63.7,8520,20.6,5.99,117.9
SR-001984,CNC-01,2026-09-19T15:00:00,2.34,62.9,8563,23.4,5.87,116.6
SR-001985,CNC-01,2026-09-19T16:00:00,2.38,62.5,8520,22.0,6.34,117.4
SR-001986,CNC-01,2026-09-19T17:00:00,2.36,61.8,8589,22.6,6.22,116.0
SR-001987,CNC-01,2026-09-19T18:00:00,2.37,62.9,8534,22.3,6.25,117.0
SR-001988,CNC-01,2026-09-19T19:00:00,2.63,62.0,8167,20.0,6.24,117.6
SR-001989,CNC-01,2026-09-19T20:00:00,2.57,61.4,8453,23.5,6.13,118.4
SR-001990,CNC-01,2026-09-19T21:00:00,2.48,61.6,8274,21.5,6.24,116.1
SR-001991,CNC-01,2026-09-19T22:00:00,2.43,61.2,8599,22.3,6.03,116.4
SR-001992,CNC-01,2026-09-19T23:00:00,2.44,60.3,8485,21.6,6.36,114.2
SR-001993,CNC-01,2026-09-20T00:00:00,2.56,59.5,8390,21.3,6.11,121.6
SR-001994,CNC-01,2026-09-20T01:00:00,2.36,61.4,8379,23.6,6.16,114.4
SR-001995,CNC-01,2026-09-20T02:00:00,2.32,61.0,8515,20.9,6.33,120.8
SR-001996,CNC-01,2026-09-20T03:00:00,2.4,61.8,8456,23.2,6.31,118.9
SR-001997,CNC-01,2026-09-20T04:00:00,2.45,62.0,8281,21.8,6.1,114.4
SR-001998,CNC-01,2026-09-20T05:00:00,2.51,62.3,8639,20.6,6.41,117.4
SR-001999,CNC-01,2026-09-20T06:00:00,2.41,60.5,8502,21.4,6.15,117.6
SR-002000,CNC-01,2026-09-20T07:00:00,2.18,61.5,8466,22.7,6.1,114.9
SR-002001,CNC-01,2026-09-20T08:00:00,2.3,63.7,8742,22.0,6.19,123.0
SR-002002,CNC-01,2026-09-20T09:00:00,2.38,62.9,8176,22.0,6.2,119.0
SR-002003,CNC-01,2026-09-20T10:00:00,2.29,62.8,8499,23.1,6.39,118.0
SR-002004,CNC-01,2026-09-20T11:00:00,2.7,62.1,8367,23.3,6.14,121.5
SR-002005,CNC-01,2026-09-20T12:00:00,2.43,62.4,8386,23.0,6.24,118.6
SR-002006,CNC-01,2026-09-20T13:00:00,2.42,62.6,8574,21.7,6.21,118.7
SR-002007,CNC-01,2026-09-20T14:00:00,2.32,62.8,8507,21.4,6.11,118.8
SR-002008,CNC-01,2026-09-20T15:00:00,2.43,61.9,8640,22.3,6.24,118.1
SR-002009,CNC-01,2026-09-20T16:00:00,2.52,62.2,8623,20.4,6.37,120.5
SR-002010,CNC-01,2026-09-20T17:00:00,2.4,60.9,8708,21.7,6.15,115.6
SR-002011,CNC-01,2026-09-20T18:00:00,2.31,63.4,8354,22.3,6.21,117.1
SR-002012,CNC-01,2026-09-20T19:00:00,2.22,61.3,8541,23.4,6.18,120.6
SR-002013,CNC-01,2026-09-20T20:00:00,2.29,60.8,8782,22.4,6.26,117.0
SR-002014,CNC-01,2026-09-20T21:00:00,2.46,61.7,8448,22.0,6.4,123.2
SR-002015,CNC-01,2026-09-20T22:00:00,2.4,62.8,8698,21.8,6.26,120.8
SR-002016,CNC-01,2026-09-20T23:00:00,2.34,61.5,8703,21.4,6.1,118.9
SR-002017,CNC-01,2026-09-21T00:00:00,2.36,61.9,8468,20.1,6.28,118.7
SR-002018,CNC-01,2026-09-21T01:00:00,2.27,60.4,8414,23.5,6.28,116.9
SR-002019,CNC-01,2026-09-21T02:00:00,2.34,61.9,8535,22.0,6.18,117.6
SR-002020,CNC-01,2026-09-21T03:00:00,2.39,62.4,8580,22.3,6.2,117.2
SR-002021,CNC-01,2026-09-21T04:00:00,2.21,61.6,8337,20.8,6.27,111.6
SR-002022,CNC-01,2026-09-21T05:00:00,2.48,62.4,8480,21.4,6.2,118.4
SR-002023,CNC-01,2026-09-21T06:00:00,2.34,63.0,8496,21.8,6.39,118.4
SR-002024,CNC-01,2026-09-21T07:00:00,2.36,62.5,8305,22.0,6.25,117.4
SR-002025,CNC-01,2026-09-21T08:00:00,2.33,62.4,8244,24.5,6.21,118.0
SR-002026,CNC-01,2026-09-21T09:00:00,2.25,62.9,8658,22.9,6.34,117.7
SR-002027,CNC-01,2026-09-21T10:00:00,2.2,64.1,8595,21.7,6.24,120.0
SR-002028,CNC-01,2026-09-21T11:00:00,2.26,62.1,8578,22.1,6.04,120.0
SR-002029,CNC-01,2026-09-21T12:00:00,2.38,63.1,8553,21.9,6.02,116.3
SR-002030,CNC-01,2026-09-21T13:00:00,2.2,63.1,8820,23.6,6.13,116.0
SR-002031,CNC-01,2026-09-21T14:00:00,2.31,62.5,8788,21.9,6.37,115.1
SR-002032,CNC-01,2026-09-21T15:00:00,2.46,62.0,8427,21.0,6.08,117.9
SR-002033,CNC-01,2026-09-21T16:00:00,2.41,62.6,8360,21.5,6.08,117.1
SR-002034,CNC-01,2026-09-21T17:00:00,2.32,62.3,8479,20.8,6.2,122.4
SR-002035,CNC-01,2026-09-21T18:00:00,2.4,60.7,8649,20.2,6.25,115.3
SR-002036,CNC-01,2026-09-21T19:00:00,2.29,62.2,8558,23.7,6.02,115.6
SR-002037,CNC-01,2026-09-21T20:00:00,2.45,62.9,8385,22.5,6.14,116.2
SR-002038,CNC-01,2026-09-21T21:00:00,2.17,61.0,8459,23.1,6.07,120.2
SR-002039,CNC-01,2026-09-21T22:00:00,2.36,63.2,8536,21.3,6.09,118.9
SR-002040,CNC-01,2026-09-21T23:00:00,2.36,61.3,8578,21.7,5.93,115.9
SR-002041,CNC-01,2026-09-22T00:00:00,2.26,61.3,8360,21.0,6.25,114.1
SR-002042,CNC-01,2026-09-22T01:00:00,2.5,60.5,8442,22.6,6.3,117.3
SR-002043,CNC-01,2026-09-22T02:00:00,2.29,59.9,8470,22.0,6.28,115.1
SR-002044,CNC-01,2026-09-22T03:00:00,2.47,62.0,8354,22.7,6.27,120.3
SR-002045,CNC-01,2026-09-22T04:00:00,2.33,62.0,8583,21.8,6.29,117.2
SR-002046,CNC-01,2026-09-22T05:00:00,2.55,61.5,8313,22.1,6.36,116.0
SR-002047,CNC-01,2026-09-22T06:00:00,2.37,62.2,8290,24.0,6.27,119.2
SR-002048,CNC-01,2026-09-22T07:00:00,2.61,62.4,8285,21.7,6.37,120.0
SR-002049,CNC-01,2026-09-22T08:00:00,2.47,63.3,8476,23.1,6.39,120.8
SR-002050,CNC-01,2026-09-22T09:00:00,2.42,61.7,8405,22.5,6.15,118.5
SR-002051,CNC-01,2026-09-22T10:00:00,2.54,62.5,8611,22.2,6.16,118.4
SR-002052,CNC-01,2026-09-22T11:00:00,2.47,62.8,8547,21.3,6.22,117.7
SR-002053,CNC-01,2026-09-22T12:00:00,2.32,63.7,8330,22.4,6.34,120.3
SR-002054,CNC-01,2026-09-22T13:00:00,2.37,63.2,8396,23.2,6.07,122.6
SR-002055,CNC-01,2026-09-22T14:00:00,2.48,65.0,8570,22.1,6.26,118.5
SR-002056,CNC-01,2026-09-22T15:00:00,2.43,62.8,8490,21.9,6.16,120.6
SR-002057,CNC-01,2026-09-22T16:00:00,2.38,63.6,8319,22.0,6.36,116.3
SR-002058,CNC-01,2026-09-22T17:00:00,2.61,61.4,8257,23.5,6.31,119.8
SR-002059,CNC-01,2026-09-22T18:00:00,2.44,62.5,8546,21.3,6.15,119.9
SR-002060,CNC-01,2026-09-22T19:00:00,2.24,63.0,8592,21.5,6.26,116.4
SR-002061,CNC-01,2026-09-22T20:00:00,2.63,62.5,8342,22.4,6.41,121.6
SR-002062,CNC-01,2026-09-22T21:00:00,2.33,61.7,8593,22.6,6.26,118.8
SR-002063,CNC-01,2026-09-22T22:00:00,2.27,61.7,8449,22.8,6.3,117.7
SR-002064,CNC-01,2026-09-22T23:00:00,2.16,60.4,8565,22.2,6.14,115.4
SR-002065,CNC-01,2026-09-23T00:00:00,2.48,60.3,8220,21.7,6.2,118.0
SR-002066,CNC-01,2026-09-23T01:00:00,2.32,61.0,8398,21.6,6.24,117.5
SR-002067,CNC-01,2026-09-23T02:00:00,2.44,61.9,8533,21.8,6.49,117.1
SR-002068,CNC-01,2026-09-23T03:00:00,2.19,61.3,8513,21.4,6.19,118.4
SR-002069,CNC-01,2026-09-23T04:00:00,2.56,62.5,8417,22.7,6.22,119.5
SR-002070,CNC-01,2026-09-23T05:00:00,2.24,63.4,8616,22.3,6.37,117.6
SR-002071,CNC-01,2026-09-23T06:00:00,2.51,62.5,8258,23.3,6.31,123.0
SR-002072,CNC-01,2026-09-23T07:00:00,2.44,61.5,8398,21.8,6.41,115.8
SR-002073,CNC-01,2026-09-23T08:00:00,2.33,61.9,8319,22.4,6.18,117.5
SR-002074,CNC-01,2026-09-23T09:00:00,2.44,63.4,8487,21.6,6.27,116.3
SR-002075,CNC-01,2026-09-23T10:00:00,2.37,62.7,8504,21.6,6.34,115.5
SR-002076,CNC-01,2026-09-23T11:00:00,2.47,63.4,8315,22.8,6.27,118.7
SR-002077,CNC-01,2026-09-23T12:00:00,2.28,62.2,8321,22.2,6.25,116.3
SR-002078,CNC-01,2026-09-23T13:00:00,2.41,63.0,8484,21.2,6.1,119.0
SR-002079,CNC-01,2026-09-23T14:00:00,2.63,64.9,8496,21.6,6.4,116.5
SR-002080,CNC-01,2026-09-23T15:00:00,2.62,61.5,8378,22.0,6.22,120.3
SR-002081,CNC-01,2026-09-23T16:00:00,2.18,61.5,8507,22.6,5.99,117.8
SR-002082,CNC-01,2026-09-23T17:00:00,2.32,61.3,8663,21.9,6.12,116.0
SR-002083,CNC-01,2026-09-23T18:00:00,2.37,60.9,8589,23.2,5.94,116.2
SR-002084,CNC-01,2026-09-23T19:00:00,2.49,61.8,8399,21.4,6.38,113.8
SR-002085,CNC-01,2026-09-23T20:00:00,2.49,61.9,8280,22.2,6.21,117.2
SR-002086,CNC-01,2026-09-23T21:00:00,2.48,59.8,8637,22.5,6.06,117.5
SR-002087,CNC-01,2026-09-23T22:00:00,2.43,61.4,8360,19.9,6.05,117.6
SR-002088,CNC-01,2026-09-23T23:00:00,2.48,62.9,8327,21.9,5.99,113.9
SR-002089,CNC-01,2026-09-24T00:00:00,2.52,59.4,8873,21.1,6.34,120.4
SR-002090,CNC-01,2026-09-24T01:00:00,2.27,61.1,8361,23.0,6.21,113.7
SR-002091,CNC-01,2026-09-24T02:00:00,2.42,62.4,8413,22.0,6.38,115.9
SR-002092,CNC-01,2026-09-24T03:00:00,2.59,60.6,8673,21.4,6.2,119.8
SR-002093,CNC-01,2026-09-24T04:00:00,2.52,61.7,8600,22.4,6.24,118.9
SR-002094,CNC-01,2026-09-24T05:00:00,2.54,62.4,8477,22.3,5.97,118.8
SR-002095,CNC-01,2026-09-24T06:00:00,2.42,61.8,8439,21.2,6.2,117.8
SR-002096,CNC-01,2026-09-24T07:00:00,2.63,61.9,8525,22.7,6.26,115.7
SR-002097,CNC-01,2026-09-24T08:00:00,2.46,61.7,8441,23.5,6.31,116.1
SR-002098,CNC-01,2026-09-24T09:00:00,2.38,63.1,8438,22.4,6.05,116.4
SR-002099,CNC-01,2026-09-24T10:00:00,2.36,62.3,8754,22.3,6.06,120.0
SR-002100,CNC-01,2026-09-24T11:00:00,2.42,63.0,8517,21.3,6.18,117.2
SR-002101,CNC-01,2026-09-24T12:00:00,2.17,62.1,8568,21.0,6.13,120.2
SR-002102,CNC-01,2026-09-24T13:00:00,2.53,63.4,8444,21.8,6.07,113.3
SR-002103,CNC-01,2026-09-24T14:00:00,2.37,61.8,8522,22.6,6.01,121.1
SR-002104,CNC-01,2026-09-24T15:00:00,2.51,63.5,8364,21.5,6.33,116.2
SR-002105,CNC-01,2026-09-24T16:00:00,2.29,61.6,8531,22.9,6.17,117.1
SR-002106,CNC-01,2026-09-24T17:00:00,2.22,63.0,8411,22.1,6.24,119.5
SR-002107,CNC-01,2026-09-24T18:00:00,2.55,61.2,8490,20.6,6.33,119.5
SR-002108,CNC-01,2026-09-24T19:00:00,2.46,62.0,8737,20.6,6.04,114.1
SR-002109,CNC-01,2026-09-24T20:00:00,2.47,61.4,8605,21.4,6.11,119.7
SR-002110,CNC-01,2026-09-24T21:00:00,2.4,60.3,8551,20.8,6.26,119.3
SR-002111,CNC-01,2026-09-24T22:00:00,2.49,61.3,8812,21.0,6.2,119.3
SR-002112,CNC-01,2026-09-24T23:00:00,2.33,60.4,8590,21.9,6.22,116.1
SR-002113,CNC-01,2026-09-25T00:00:00,2.51,60.2,8452,22.4,6.19,120.2
SR-002114,CNC-01,2026-09-25T01:00:00,2.42,63.4,8555,20.5,6.09,118.0
SR-002115,CNC-01,2026-09-25T02:00:00,2.36,61.8,8292,23.8,6.35,115.7
SR-002116,CNC-01,2026-09-25T03:00:00,2.45,61.9,8881,23.0,6.06,118.1
SR-002117,CNC-01,2026-09-25T04:00:00,2.41,60.4,8593,23.8,6.04,114.1
SR-002118,CNC-01,2026-09-25T05:00:00,2.54,61.3,8527,22.2,6.28,117.2
SR-002119,CNC-01,2026-09-25T06:00:00,2.14,61.7,8563,21.3,6.21,118.1
SR-002120,CNC-01,2026-09-25T07:00:00,2.28,62.3,8533,21.0,6.12,117.6
SR-002121,CNC-01,2026-09-25T08:00:00,2.39,62.4,8402,23.4,6.16,118.4
SR-002122,CNC-01,2026-09-25T09:00:00,2.44,62.2,8209,21.9,6.06,118.5
SR-002123,CNC-01,2026-09-25T10:00:00,2.52,61.0,8594,23.1,6.23,115.2
SR-002124,CNC-01,2026-09-25T11:00:00,2.52,63.7,8363,23.6,6.29,120.3
SR-002125,CNC-01,2026-09-25T12:00:00,2.39,62.4,8532,20.9,6.21,118.8
SR-002126,CNC-01,2026-09-25T13:00:00,2.38,64.0,8603,23.8,6.25,117.3
SR-002127,CNC-01,2026-09-25T14:00:00,2.56,63.4,8261,20.6,6.2,120.9
SR-002128,CNC-01,2026-09-25T15:00:00,2.45,62.9,8546,21.2,6.0,113.0
SR-002129,CNC-01,2026-09-25T16:00:00,2.35,61.7,8468,22.5,6.1,120.7
SR-002130,CNC-01,2026-09-25T17:00:00,2.24,62.6,8572,21.0,6.16,119.0
SR-002131,CNC-01,2026-09-25T18:00:00,2.35,62.5,8462,22.2,6.29,117.9
SR-002132,CNC-01,2026-09-25T19:00:00,2.28,62.3,8418,23.5,6.01,118.3
SR-002133,CNC-01,2026-09-25T20:00:00,2.22,61.3,8283,22.4,6.15,119.0
SR-002134,CNC-01,2026-09-25T21:00:00,2.23,60.4,8573,20.7,6.16,117.0
SR-002135,CNC-01,2026-09-25T22:00:00,2.34,60.9,8624,23.1,6.24,116.0
SR-002136,CNC-01,2026-09-25T23:00:00,2.44,61.3,8271,22.6,6.23,119.7
SR-002137,CNC-01,2026-09-26T00:00:00,2.29,60.9,8418,21.3,6.33,116.5
SR-002138,CNC-01,2026-09-26T01:00:00,2.4,60.8,8378,22.0,6.19,118.2
SR-002139,CNC-01,2026-09-26T02:00:00,2.42,62.2,8845,20.4,6.17,115.4
SR-002140,CNC-01,2026-09-26T03:00:00,2.34,60.9,8412,22.0,6.09,116.4
SR-002141,CNC-01,2026-09-26T04:00:00,2.27,61.1,8461,21.9,6.22,118.5
SR-002142,CNC-01,2026-09-26T05:00:00,2.45,61.1,8457,21.8,6.26,119.3
SR-002143,CNC-01,2026-09-26T06:00:00,2.53,62.1,8378,21.6,6.25,116.6
SR-002144,CNC-01,2026-09-26T07:00:00,2.45,62.4,8473,21.7,6.17,119.4
SR-002145,CNC-01,2026-09-26T08:00:00,2.41,63.3,8547,22.4,6.13,115.2
SR-002146,CNC-01,2026-09-26T09:00:00,2.43,61.4,8507,20.9,6.41,113.8
SR-002147,CNC-01,2026-09-26T10:00:00,2.6,62.7,8530,23.0,6.15,119.2
SR-002148,CNC-01,2026-09-26T11:00:00,2.07,63.1,8469,22.9,6.28,117.9
SR-002149,CNC-01,2026-09-26T12:00:00,2.41,61.6,8355,22.3,6.26,115.5
SR-002150,CNC-01,2026-09-26T13:00:00,2.58,62.7,8337,21.4,6.32,118.1
SR-002151,CNC-01,2026-09-26T14:00:00,2.52,65.3,8419,21.4,6.15,113.9
SR-002152,CNC-01,2026-09-26T15:00:00,2.39,63.5,8612,22.7,6.22,117.5
SR-002153,CNC-01,2026-09-26T16:00:00,2.3,60.8,8402,20.7,6.29,114.3
SR-002154,CNC-01,2026-09-26T17:00:00,2.47,61.6,8382,22.9,6.25,114.5
SR-002155,CNC-01,2026-09-26T18:00:00,2.52,62.7,8724,22.3,6.3,118.3
SR-002156,CNC-01,2026-09-26T19:00:00,2.5,62.9,8495,21.5,6.31,114.7
SR-002157,CNC-01,2026-09-26T20:00:00,2.64,61.9,8398,22.3,6.09,118.3
SR-002158,CNC-01,2026-09-26T21:00:00,2.3,60.4,8513,22.2,6.22,116.9
SR-002159,CNC-01,2026-09-26T22:00:00,2.53,61.8,8376,21.9,6.21,120.1
SR-002160,CNC-01,2026-09-26T23:00:00,2.26,60.5,8694,20.6,6.04,124.4
SR-002161,CNC-01,2026-09-27T00:00:00,2.45,62.2,8560,22.1,6.2,117.4
SR-002162,CNC-01,2026-09-27T01:00:00,2.32,60.3,8477,22.2,6.19,116.1
SR-002163,CNC-01,2026-09-27T02:00:00,2.39,60.7,8314,22.4,6.13,117.0
SR-002164,CNC-01,2026-09-27T03:00:00,2.24,62.7,8152,22.1,6.08,119.3
SR-002165,CNC-01,2026-09-27T04:00:00,2.32,60.8,8515,22.7,6.26,119.4
SR-002166,CNC-01,2026-09-27T05:00:00,2.5,62.3,8195,22.4,5.99,121.4
SR-002167,CNC-01,2026-09-27T06:00:00,2.27,61.3,8586,22.8,6.31,118.2
SR-002168,CNC-01,2026-09-27T07:00:00,2.53,62.7,8767,23.6,6.36,121.0
SR-002169,CNC-01,2026-09-27T08:00:00,2.59,62.2,8491,22.6,6.03,117.1
SR-002170,CNC-01,2026-09-27T09:00:00,2.21,62.4,8424,21.4,6.23,121.3
SR-002171,CNC-01,2026-09-27T10:00:00,2.42,62.2,8626,22.4,6.22,116.4
SR-002172,CNC-01,2026-09-27T11:00:00,2.49,63.2,8564,22.3,6.2,119.5
SR-002173,CNC-01,2026-09-27T12:00:00,2.31,63.4,8279,23.1,6.19,115.6
SR-002174,CNC-01,2026-09-27T13:00:00,2.36,62.9,8431,23.0,6.02,118.2
SR-002175,CNC-01,2026-09-27T14:00:00,2.29,63.0,8496,23.6,6.12,115.7
SR-002176,CNC-01,2026-09-27T15:00:00,2.37,62.4,8472,21.7,6.11,117.9
SR-002177,CNC-01,2026-09-27T16:00:00,2.43,62.5,8373,21.1,6.28,113.4
SR-002178,CNC-01,2026-09-27T17:00:00,2.42,63.5,8538,21.9,6.16,121.2
SR-002179,CNC-01,2026-09-27T18:00:00,2.53,62.1,8510,22.2,6.22,118.1
SR-002180,CNC-01,2026-09-27T19:00:00,2.47,61.5,8381,22.4,6.24,118.1
SR-002181,CNC-01,2026-09-27T20:00:00,2.41,60.3,8398,22.3,6.16,119.3
SR-002182,CNC-01,2026-09-27T21:00:00,2.3,60.2,8574,21.5,6.03,117.0
SR-002183,CNC-01,2026-09-27T22:00:00,2.29,60.8,8456,20.8,6.17,119.7
SR-002184,CNC-01,2026-09-27T23:00:00,2.42,60.9,8472,23.1,6.22,115.9
SR-002185,CNC-01,2026-09-28T00:00:00,2.43,60.9,8595,21.6,6.32,123.2
SR-002186,CNC-01,2026-09-28T01:00:00,2.38,60.6,8457,22.0,6.27,117.7
SR-002187,CNC-01,2026-09-28T02:00:00,2.42,59.4,8157,22.4,6.29,118.7
SR-002188,CNC-01,2026-09-28T03:00:00,2.3,60.8,8494,22.6,6.25,118.6
SR-002189,CNC-01,2026-09-28T04:00:00,2.44,62.4,8687,22.0,6.08,120.3
SR-002190,CNC-01,2026-09-28T05:00:00,2.29,62.4,8547,23.5,6.21,119.0
SR-002191,CNC-01,2026-09-28T06:00:00,2.5,61.8,8642,23.1,6.09,124.5
SR-002192,CNC-01,2026-09-28T07:00:00,2.38,63.0,8452,20.3,6.16,116.9
SR-002193,CNC-01,2026-09-28T08:00:00,2.36,63.4,8434,22.6,6.13,116.2
SR-002194,CNC-01,2026-09-28T09:00:00,2.38,62.8,8577,21.8,6.21,114.2
SR-002195,CNC-01,2026-09-28T10:00:00,2.45,63.2,8442,21.9,6.07,116.5
SR-002196,CNC-01,2026-09-28T11:00:00,2.39,64.0,8442,21.1,6.16,119.9
SR-002197,CNC-01,2026-09-28T12:00:00,2.62,62.2,8652,23.9,6.05,122.6
SR-002198,CNC-01,2026-09-28T13:00:00,2.28,62.0,8302,22.2,6.13,117.1
SR-002199,CNC-01,2026-09-28T14:00:00,2.47,62.6,8532,22.2,6.22,118.9
SR-002200,CNC-01,2026-09-28T15:00:00,2.1,61.5,8373,22.3,6.03,116.7
SR-002201,CNC-01,2026-09-28T16:00:00,2.47,62.0,8597,22.1,6.27,115.8
SR-002202,CNC-01,2026-09-28T17:00:00,2.48,62.9,8551,24.5,6.23,116.9
SR-002203,CNC-01,2026-09-28T18:00:00,2.58,61.9,8472,21.5,6.19,124.5
SR-002204,CNC-01,2026-09-28T19:00:00,2.35,61.9,8435,23.6,6.15,121.4
SR-002205,CNC-01,2026-09-28T20:00:00,2.42,60.9,8486,22.0,6.0,120.6
SR-002206,CNC-01,2026-09-28T21:00:00,2.44,61.4,8461,21.9,6.17,117.0
SR-002207,CNC-01,2026-09-28T22:00:00,2.44,62.1,8616,23.4,6.0,117.7
SR-002208,CNC-01,2026-09-28T23:00:00,2.28,61.6,8636,23.3,6.22,119.0
SR-002209,CNC-01,2026-09-29T00:00:00,2.6,62.2,8536,21.9,6.17,114.3
SR-002210,CNC-01,2026-09-29T01:00:00,2.5,61.5,8568,23.3,6.31,118.4
SR-002211,CNC-01,2026-09-29T02:00:00,2.57,61.5,8661,22.3,6.11,116.5
SR-002212,CNC-01,2026-09-29T03:00:00,2.63,61.7,8549,22.5,6.2,117.9
SR-002213,CNC-01,2026-09-29T04:00:00,2.41,61.0,8392,22.2,6.07,116.4
SR-002214,CNC-01,2026-09-29T05:00:00,2.28,62.7,8673,22.6,6.03,117.6
SR-002215,CNC-01,2026-09-29T06:00:00,2.48,63.6,8517,19.6,6.02,121.2
SR-002216,CNC-01,2026-09-29T07:00:00,2.39,62.9,8572,21.7,6.14,118.9
SR-002217,CNC-01,2026-09-29T08:00:00,2.45,61.9,8513,22.0,6.32,116.1
SR-002218,CNC-01,2026-09-29T09:00:00,2.39,62.1,8580,22.7,6.18,120.0
SR-002219,CNC-01,2026-09-29T10:00:00,2.27,62.8,8384,21.2,6.18,119.3
SR-002220,CNC-01,2026-09-29T11:00:00,2.25,61.8,8584,22.5,6.09,118.3
SR-002221,CNC-01,2026-09-29T12:00:00,2.44,63.0,8470,23.2,6.13,119.1
SR-002222,CNC-01,2026-09-29T13:00:00,2.47,63.3,8507,21.0,6.33,115.3
SR-002223,CNC-01,2026-09-29T14:00:00,2.31,63.4,8472,21.5,6.35,116.7
SR-002224,CNC-01,2026-09-29T15:00:00,2.37,61.0,8375,20.7,6.22,117.7
SR-002225,CNC-01,2026-09-29T16:00:00,2.52,62.8,8505,21.7,6.36,116.2
SR-002226,CNC-01,2026-09-29T17:00:00,2.35,62.5,8361,22.8,6.17,120.9
SR-002227,CNC-01,2026-09-29T18:00:00,2.39,62.5,8129,22.1,6.15,120.5
SR-002228,CNC-01,2026-09-29T19:00:00,2.39,60.3,8395,22.1,6.02,123.2
SR-002229,CNC-01,2026-09-29T20:00:00,2.33,62.8,8360,22.5,6.34,120.3
SR-002230,CNC-01,2026-09-29T21:00:00,2.39,60.0,8356,21.5,6.2,119.7
SR-002231,CNC-01,2026-09-29T22:00:00,2.33,59.8,8469,21.8,6.14,119.8
SR-002232,CNC-01,2026-09-29T23:00:00,2.52,62.1,8389,23.0,6.44,119.6
SR-002233,CNC-01,2026-09-30T00:00:00,2.25,60.8,8335,22.9,6.13,118.7
SR-002234,CNC-01,2026-09-30T01:00:00,2.53,61.9,8118,21.2,6.12,121.1
SR-002235,CNC-01,2026-09-30T02:00:00,2.41,62.9,8352,20.1,6.38,117.9
SR-002236,CNC-01,2026-09-30T03:00:00,2.36,61.5,8587,22.5,6.14,118.4
SR-002237,CNC-01,2026-09-30T04:00:00,2.49,63.4,8472,22.3,6.2,117.1
SR-002238,CNC-01,2026-09-30T05:00:00,2.47,62.3,8388,23.4,6.3,118.2
SR-002239,CNC-01,2026-09-30T06:00:00,2.11,61.4,8678,21.9,6.1,119.9
SR-002240,CNC-01,2026-09-30T07:00:00,2.58,61.2,8565,23.7,6.37,115.6
SR-002241,CNC-01,2026-09-30T08:00:00,2.53,62.0,8571,21.6,6.26,115.5
SR-002242,CNC-01,2026-09-30T09:00:00,2.39,62.8,8493,21.6,6.28,118.6
SR-002243,CNC-01,2026-09-30T10:00:00,2.56,63.0,8333,21.0,6.35,118.0
SR-002244,CNC-01,2026-09-30T11:00:00,2.39,63.8,8363,22.9,6.28,116.3
SR-002245,CNC-01,2026-09-30T12:00:00,2.51,63.7,8379,23.1,6.04,116.5
SR-002246,CNC-01,2026-09-30T13:00:00,2.37,62.9,8845,23.3,6.28,114.6
SR-002247,CNC-01,2026-09-30T14:00:00,2.58,62.0,8369,22.2,6.27,119.8
SR-002248,CNC-01,2026-09-30T15:00:00,2.46,64.0,8467,21.8,6.19,116.7
SR-002249,CNC-01,2026-09-30T16:00:00,2.49,62.9,8479,21.5,6.06,118.1
SR-002250,CNC-01,2026-09-30T17:00:00,2.45,60.3,8342,23.9,6.27,119.1
SR-002251,CNC-01,2026-09-30T18:00:00,2.42,61.3,8432,23.4,6.28,120.0
SR-002252,CNC-01,2026-09-30T19:00:00,2.26,60.9,8372,21.9,6.12,118.2
SR-002253,CNC-01,2026-09-30T20:00:00,2.46,63.2,8740,21.7,6.38,121.4
SR-002254,CNC-01,2026-09-30T21:00:00,2.27,60.1,8370,22.3,6.06,120.6
SR-002255,CNC-01,2026-09-30T22:00:00,2.58,62.9,8287,22.5,6.34,117.5
SR-002256,CNC-01,2026-09-30T23:00:00,2.64,61.2,8466,22.9,6.17,117.0
SR-002257,CNC-01,2026-10-01T00:00:00,2.53,61.2,8335,22.4,6.25,113.3
SR-002258,CNC-01,2026-10-01T01:00:00,2.25,60.7,8613,22.5,6.25,118.0
SR-002259,CNC-01,2026-10-01T02:00:00,2.54,61.7,8602,22.2,6.19,117.9
SR-002260,CNC-01,2026-10-01T03:00:00,2.42,60.6,8447,21.1,6.06,115.5
SR-002261,CNC-01,2026-10-01T04:00:00,2.25,62.0,8397,23.9,6.27,121.0
SR-002262,CNC-01,2026-10-01T05:00:00,2.54,62.3,8582,21.6,6.21,121.9
SR-002263,CNC-01,2026-10-01T06:00:00,2.42,63.3,8461,22.5,6.11,121.4
SR-002264,CNC-01,2026-10-01T07:00:00,2.51,62.1,8485,21.8,6.08,118.1
SR-002265,CNC-01,2026-10-01T08:00:00,2.28,62.9,8422,22.3,6.19,116.4
SR-002266,CNC-01,2026-10-01T09:00:00,2.22,62.4,8609,20.9,6.22,118.1
SR-002267,CNC-01,2026-10-01T10:00:00,2.42,61.2,8625,21.0,6.12,117.9
SR-002268,CNC-01,2026-10-01T11:00:00,2.48,62.8,8485,21.9,6.26,118.9
SR-002269,CNC-01,2026-10-01T12:00:00,2.57,63.9,8637,22.9,6.03,113.5
SR-002270,CNC-01,2026-10-01T13:00:00,2.39,61.7,8361,22.5,6.23,115.2
SR-002271,CNC-01,2026-10-01T14:00:00,2.49,63.7,8277,20.8,6.27,117.7
SR-002272,CNC-01,2026-10-01T15:00:00,2.41,62.5,8286,23.0,6.27,121.2
SR-002273,CNC-01,2026-10-01T16:00:00,2.4,62.0,8451,22.0,6.12,116.6
SR-002274,CNC-01,2026-10-01T17:00:00,2.49,64.2,8539,22.2,6.0,116.7
SR-002275,CNC-01,2026-10-01T18:00:00,2.5,61.4,8451,21.7,6.0,118.7
SR-002276,CNC-01,2026-10-01T19:00:00,2.39,61.5,8509,21.2,6.22,120.5
SR-002277,CNC-01,2026-10-01T20:00:00,2.43,62.3,8431,22.0,6.44,121.0
SR-002278,CNC-01,2026-10-01T21:00:00,2.23,61.0,8549,22.8,6.1,120.0
SR-002279,CNC-01,2026-10-01T22:00:00,2.57,60.6,8621,20.5,6.14,116.3
SR-002280,CNC-01,2026-10-01T23:00:00,2.55,60.7,8195,21.7,6.19,119.1
SR-002281,CNC-01,2026-10-02T00:00:00,2.43,61.3,8433,23.0,6.29,116.8
SR-002282,CNC-01,2026-10-02T01:00:00,2.55,61.7,8178,23.2,6.12,117.7
SR-002283,CNC-01,2026-10-02T02:00:00,2.44,60.6,8556,22.0,6.3,118.5
SR-002284,CNC-01,2026-10-02T03:00:00,2.45,61.0,8386,22.2,6.35,118.9
SR-002285,CNC-01,2026-10-02T04:00:00,2.33,62.3,8546,20.2,5.98,114.1
SR-002286,CNC-01,2026-10-02T05:00:00,2.48,60.2,8573,20.5,6.2,117.5
SR-002287,CNC-01,2026-10-02T06:00:00,2.26,62.1,8636,21.0,6.3,115.5
SR-002288,CNC-01,2026-10-02T07:00:00,2.42,62.7,8545,22.2,6.14,118.9
SR-002289,CNC-01,2026-10-02T08:00:00,2.61,63.2,8383,21.4,6.14,114.8
SR-002290,CNC-01,2026-10-02T09:00:00,2.32,62.0,8466,21.0,6.22,117.3
SR-002291,CNC-01,2026-10-02T10:00:00,2.3,63.1,8453,22.2,6.27,116.3
SR-002292,CNC-01,2026-10-02T11:00:00,2.34,63.0,8462,22.6,6.28,117.7
SR-002293,CNC-01,2026-10-02T12:00:00,2.22,62.5,8524,22.2,5.93,116.8
SR-002294,CNC-01,2026-10-02T13:00:00,2.19,62.4,8429,21.8,6.19,115.1
SR-002295,CNC-01,2026-10-02T14:00:00,2.34,64.5,8351,21.7,6.13,115.7
SR-002296,CNC-01,2026-10-02T15:00:00,2.29,63.2,8617,22.7,5.97,116.2
SR-002297,CNC-01,2026-10-02T16:00:00,2.41,61.4,8483,22.6,6.13,115.9
SR-002298,CNC-01,2026-10-02T17:00:00,2.32,63.6,8457,21.9,6.35,115.9
SR-002299,CNC-01,2026-10-02T18:00:00,2.47,61.2,8387,21.3,6.19,115.8
SR-002300,CNC-01,2026-10-02T19:00:00,2.55,61.8,8371,21.2,6.26,116.0
SR-002301,CNC-01,2026-10-02T20:00:00,2.41,62.4,8558,22.9,6.14,116.5
SR-002302,CNC-01,2026-10-02T21:00:00,2.33,60.1,8519,21.4,6.18,119.2
SR-002303,CNC-01,2026-10-02T22:00:00,2.6,63.1,8487,22.1,6.07,117.9
SR-002304,CNC-01,2026-10-02T23:00:00,2.58,61.3,8498,23.1,6.22,119.9
SR-002305,CNC-02,2026-09-17T00:00:00,2.34,62.4,8564,22.3,6.27,120.1
SR-002306,CNC-02,2026-09-17T01:00:00,2.31,60.7,8626,22.0,6.26,115.5
SR-002307,CNC-02,2026-09-17T02:00:00,2.34,59.1,8584,23.2,6.2,115.2
SR-002308,CNC-02,2026-09-17T03:00:00,2.43,61.6,8256,22.8,6.32,116.1
SR-002309,CNC-02,2026-09-17T04:00:00,2.45,61.1,8436,22.2,6.16,116.9
SR-002310,CNC-02,2026-09-17T05:00:00,2.42,62.0,8395,22.4,6.12,120.1
SR-002311,CNC-02,2026-09-17T06:00:00,2.37,61.9,8312,21.4,6.22,117.3
SR-002312,CNC-02,2026-09-17T07:00:00,2.61,60.9,8469,20.6,6.23,113.9
SR-002313,CNC-02,2026-09-17T08:00:00,2.37,62.6,8558,23.8,6.23,115.3
SR-002314,CNC-02,2026-09-17T09:00:00,2.23,61.1,8459,20.8,6.23,118.8
SR-002315,CNC-02,2026-09-17T10:00:00,2.58,64.0,8192,22.8,6.17,120.3
SR-002316,CNC-02,2026-09-17T11:00:00,2.35,61.7,8458,22.9,6.15,121.9
SR-002317,CNC-02,2026-09-17T12:00:00,2.53,61.1,8429,22.2,6.3,118.6
SR-002318,CNC-02,2026-09-17T13:00:00,2.35,62.6,8686,23.0,6.18,120.6
SR-002319,CNC-02,2026-09-17T14:00:00,2.09,62.8,8318,21.1,6.23,117.7
SR-002320,CNC-02,2026-09-17T15:00:00,2.4,61.3,8388,22.2,5.91,119.3
SR-002321,CNC-02,2026-09-17T16:00:00,2.32,63.1,8398,21.8,6.19,114.2
SR-002322,CNC-02,2026-09-17T17:00:00,2.34,63.2,8507,22.4,6.43,114.9
SR-002323,CNC-02,2026-09-17T18:00:00,2.46,62.7,8542,23.4,6.24,126.6
SR-002324,CNC-02,2026-09-17T19:00:00,2.51,62.0,8883,23.3,6.24,122.8
SR-002325,CNC-02,2026-09-17T20:00:00,2.22,61.6,8564,22.5,6.29,121.3
SR-002326,CNC-02,2026-09-17T21:00:00,2.35,61.8,8506,21.6,6.38,119.7
SR-002327,CNC-02,2026-09-17T22:00:00,2.34,60.0,8452,22.5,6.37,118.8
SR-002328,CNC-02,2026-09-17T23:00:00,2.41,60.0,8388,22.5,6.18,116.9
SR-002329,CNC-02,2026-09-18T00:00:00,2.39,61.6,8318,21.6,6.07,118.7
SR-002330,CNC-02,2026-09-18T01:00:00,2.46,61.6,8518,21.2,6.13,119.8
SR-002331,CNC-02,2026-09-18T02:00:00,2.49,60.6,8709,21.6,6.34,114.7
SR-002332,CNC-02,2026-09-18T03:00:00,2.36,59.0,8529,21.8,6.28,115.2
SR-002333,CNC-02,2026-09-18T04:00:00,2.54,61.4,8696,22.0,6.29,116.9
SR-002334,CNC-02,2026-09-18T05:00:00,2.29,61.0,8353,21.0,6.09,119.5
SR-002335,CNC-02,2026-09-18T06:00:00,2.46,62.4,8505,23.5,6.26,120.3
SR-002336,CNC-02,2026-09-18T07:00:00,2.56,62.6,8555,21.6,6.27,120.8
SR-002337,CNC-02,2026-09-18T08:00:00,2.47,62.3,8774,22.7,6.2,119.1
SR-002338,CNC-02,2026-09-18T09:00:00,2.36,62.1,8193,22.8,6.05,117.7
SR-002339,CNC-02,2026-09-18T10:00:00,2.51,63.4,8305,21.1,6.09,118.4
SR-002340,CNC-02,2026-09-18T11:00:00,2.39,63.2,8476,22.7,6.23,116.6
SR-002341,CNC-02,2026-09-18T12:00:00,2.44,61.6,8341,22.7,6.26,118.6
SR-002342,CNC-02,2026-09-18T13:00:00,2.46,62.8,8542,22.8,6.17,119.7
SR-002343,CNC-02,2026-09-18T14:00:00,2.19,61.8,8441,21.9,6.17,113.9
SR-002344,CNC-02,2026-09-18T15:00:00,2.66,62.3,8382,22.9,6.3,118.6
SR-002345,CNC-02,2026-09-18T16:00:00,2.68,61.6,8336,23.7,6.34,115.2
SR-002346,CNC-02,2026-09-18T17:00:00,2.43,62.0,8363,23.1,6.1,119.0
SR-002347,CNC-02,2026-09-18T18:00:00,2.56,61.9,8465,22.2,6.14,118.2
SR-002348,CNC-02,2026-09-18T19:00:00,2.43,62.7,8563,21.3,6.19,117.3
SR-002349,CNC-02,2026-09-18T20:00:00,2.45,60.9,8463,21.5,6.28,113.7
SR-002350,CNC-02,2026-09-18T21:00:00,2.49,61.6,8603,21.8,5.98,116.0
SR-002351,CNC-02,2026-09-18T22:00:00,2.29,60.5,8400,22.0,6.13,113.6
SR-002352,CNC-02,2026-09-18T23:00:00,2.45,61.6,8155,21.4,6.23,118.7
SR-002353,CNC-02,2026-09-19T00:00:00,2.27,61.8,8413,21.8,6.2,120.1
SR-002354,CNC-02,2026-09-19T01:00:00,2.52,60.8,8420,21.5,6.17,121.4
SR-002355,CNC-02,2026-09-19T02:00:00,2.48,60.4,8505,21.4,6.22,120.4
SR-002356,CNC-02,2026-09-19T03:00:00,2.37,61.5,8561,22.7,6.03,120.7
SR-002357,CNC-02,2026-09-19T04:00:00,2.46,61.5,8632,20.6,6.12,117.2
SR-002358,CNC-02,2026-09-19T05:00:00,2.45,61.6,8597,21.7,6.37,120.6
SR-002359,CNC-02,2026-09-19T06:00:00,2.34,62.9,8652,21.3,6.0,118.5
SR-002360,CNC-02,2026-09-19T07:00:00,2.56,64.4,8487,22.0,6.36,120.3
SR-002361,CNC-02,2026-09-19T08:00:00,2.37,62.5,8035,21.4,6.03,115.3
SR-002362,CNC-02,2026-09-19T09:00:00,2.36,61.8,8515,22.8,6.26,121.1
SR-002363,CNC-02,2026-09-19T10:00:00,2.34,62.9,8320,21.0,6.29,117.1
SR-002364,CNC-02,2026-09-19T11:00:00,2.48,63.0,8638,21.7,6.06,115.5
SR-002365,CNC-02,2026-09-19T12:00:00,2.31,62.6,8541,21.6,6.38,119.0
SR-002366,CNC-02,2026-09-19T13:00:00,2.53,62.3,8659,22.3,6.48,118.7
SR-002367,CNC-02,2026-09-19T14:00:00,2.48,62.0,8483,21.5,6.17,117.4
SR-002368,CNC-02,2026-09-19T15:00:00,2.55,62.0,8446,21.1,6.24,121.1
SR-002369,CNC-02,2026-09-19T16:00:00,2.54,62.1,8353,20.7,6.16,115.3
SR-002370,CNC-02,2026-09-19T17:00:00,2.49,62.2,8291,21.7,6.19,122.2
SR-002371,CNC-02,2026-09-19T18:00:00,2.29,61.2,8526,23.1,6.13,116.6
SR-002372,CNC-02,2026-09-19T19:00:00,2.48,62.6,8505,22.8,6.21,120.1
SR-002373,CNC-02,2026-09-19T20:00:00,2.35,62.3,8491,21.7,6.31,113.8
SR-002374,CNC-02,2026-09-19T21:00:00,2.42,61.8,8646,22.6,6.12,114.0
SR-002375,CNC-02,2026-09-19T22:00:00,2.32,59.9,8371,22.9,6.12,118.2
SR-002376,CNC-02,2026-09-19T23:00:00,2.21,61.8,8539,22.3,6.1,119.5
SR-002377,CNC-02,2026-09-20T00:00:00,2.17,60.7,8286,20.5,6.32,119.6
SR-002378,CNC-02,2026-09-20T01:00:00,2.21,60.7,8453,21.3,6.25,116.4
SR-002379,CNC-02,2026-09-20T02:00:00,2.25,61.3,8451,22.3,6.28,118.2
SR-002380,CNC-02,2026-09-20T03:00:00,2.53,60.3,8479,22.7,6.17,118.1
SR-002381,CNC-02,2026-09-20T04:00:00,2.49,62.4,8372,22.9,6.07,116.0
SR-002382,CNC-02,2026-09-20T05:00:00,2.43,61.8,8681,23.8,6.22,114.1
SR-002383,CNC-02,2026-09-20T06:00:00,2.28,62.6,8479,19.7,6.34,113.3
SR-002384,CNC-02,2026-09-20T07:00:00,2.34,60.9,8321,22.7,6.33,115.0
SR-002385,CNC-02,2026-09-20T08:00:00,2.57,62.9,8313,24.1,6.27,117.1
SR-002386,CNC-02,2026-09-20T09:00:00,2.39,63.0,8338,21.7,6.25,116.1
SR-002387,CNC-02,2026-09-20T10:00:00,2.46,62.1,8573,22.1,6.31,114.9
SR-002388,CNC-02,2026-09-20T11:00:00,2.46,63.7,8537,22.6,6.27,117.5
SR-002389,CNC-02,2026-09-20T12:00:00,2.44,60.9,8251,21.2,6.17,113.3
SR-002390,CNC-02,2026-09-20T13:00:00,2.46,61.8,8464,23.2,6.07,116.7
SR-002391,CNC-02,2026-09-20T14:00:00,2.47,64.2,8577,21.4,6.48,120.2
SR-002392,CNC-02,2026-09-20T15:00:00,2.58,63.3,8366,22.1,5.92,118.7
SR-002393,CNC-02,2026-09-20T16:00:00,2.47,62.5,8479,21.7,6.28,120.9
SR-002394,CNC-02,2026-09-20T17:00:00,2.26,61.6,8616,20.7,6.16,122.1
SR-002395,CNC-02,2026-09-20T18:00:00,2.52,62.3,8725,21.2,6.03,116.1
SR-002396,CNC-02,2026-09-20T19:00:00,2.68,62.1,8333,22.9,6.07,119.9
SR-002397,CNC-02,2026-09-20T20:00:00,2.53,61.3,8384,20.6,6.16,118.5
SR-002398,CNC-02,2026-09-20T21:00:00,2.39,62.1,8416,23.2,6.17,119.7
SR-002399,CNC-02,2026-09-20T22:00:00,2.52,62.6,8503,22.1,6.37,118.0
SR-002400,CNC-02,2026-09-20T23:00:00,2.34,59.7,8729,19.6,6.09,116.3
SR-002401,CNC-02,2026-09-21T00:00:00,2.54,61.4,8412,23.0,6.15,117.2
SR-002402,CNC-02,2026-09-21T01:00:00,2.66,61.6,8463,22.5,6.09,117.1
SR-002403,CNC-02,2026-09-21T02:00:00,2.44,61.5,8574,21.3,6.19,117.4
SR-002404,CNC-02,2026-09-21T03:00:00,2.51,62.2,8444,20.9,6.28,117.2
SR-002405,CNC-02,2026-09-21T04:00:00,2.66,61.0,8416,21.9,6.0,121.6
SR-002406,CNC-02,2026-09-21T05:00:00,2.53,61.9,8599,21.9,6.23,119.2
SR-002407,CNC-02,2026-09-21T06:00:00,2.27,64.1,8510,22.1,6.14,116.2
SR-002408,CNC-02,2026-09-21T07:00:00,2.48,62.5,8475,21.6,6.2,119.7
SR-002409,CNC-02,2026-09-21T08:00:00,2.22,62.9,8669,22.1,6.24,115.0
SR-002410,CNC-02,2026-09-21T09:00:00,2.47,62.7,8600,21.4,6.18,125.6
SR-002411,CNC-02,2026-09-21T10:00:00,2.4,62.1,8443,20.4,6.21,120.3
SR-002412,CNC-02,2026-09-21T11:00:00,2.54,61.5,8595,20.6,6.24,118.3
SR-002413,CNC-02,2026-09-21T12:00:00,2.34,62.4,8593,22.1,6.04,115.8
SR-002414,CNC-02,2026-09-21T13:00:00,2.27,64.5,8552,23.0,6.29,119.9
SR-002415,CNC-02,2026-09-21T14:00:00,2.43,62.0,8315,22.0,6.15,119.6
SR-002416,CNC-02,2026-09-21T15:00:00,2.3,61.4,8478,21.4,6.08,118.5
SR-002417,CNC-02,2026-09-21T16:00:00,2.43,61.0,8648,21.3,6.12,119.9
SR-002418,CNC-02,2026-09-21T17:00:00,2.39,62.5,8197,21.7,6.28,119.5
SR-002419,CNC-02,2026-09-21T18:00:00,2.54,61.7,8368,22.3,6.13,119.3
SR-002420,CNC-02,2026-09-21T19:00:00,2.53,62.5,8464,23.5,6.24,118.3
SR-002421,CNC-02,2026-09-21T20:00:00,2.15,60.4,8382,21.8,6.15,120.1
SR-002422,CNC-02,2026-09-21T21:00:00,2.37,63.2,8436,22.1,6.25,118.8
SR-002423,CNC-02,2026-09-21T22:00:00,2.21,61.1,8720,23.3,6.2,117.2
SR-002424,CNC-02,2026-09-21T23:00:00,2.15,60.4,8572,23.4,6.21,118.3
SR-002425,CNC-02,2026-09-22T00:00:00,2.5,61.9,8522,22.5,5.85,116.1
SR-002426,CNC-02,2026-09-22T01:00:00,2.47,61.0,8509,20.9,6.21,122.1
SR-002427,CNC-02,2026-09-22T02:00:00,2.39,62.2,8452,21.0,6.35,123.2
SR-002428,CNC-02,2026-09-22T03:00:00,2.57,61.6,8842,22.0,6.09,116.5
SR-002429,CNC-02,2026-09-22T04:00:00,2.32,62.3,8596,22.6,6.27,113.2
SR-002430,CNC-02,2026-09-22T05:00:00,2.29,61.2,8330,22.0,6.33,114.9
SR-002431,CNC-02,2026-09-22T06:00:00,2.21,60.8,8355,22.1,6.27,121.1
SR-002432,CNC-02,2026-09-22T07:00:00,2.56,63.2,8523,22.7,6.16,117.2
SR-002433,CNC-02,2026-09-22T08:00:00,2.54,62.2,8511,23.4,6.27,115.9
SR-002434,CNC-02,2026-09-22T09:00:00,2.62,61.1,8396,22.5,6.27,116.4
SR-002435,CNC-02,2026-09-22T10:00:00,2.36,63.8,8590,23.1,5.9,119.5
SR-002436,CNC-02,2026-09-22T11:00:00,2.5,62.5,8729,22.3,6.17,122.1
SR-002437,CNC-02,2026-09-22T12:00:00,2.5,64.3,8587,21.8,6.18,118.5
SR-002438,CNC-02,2026-09-22T13:00:00,2.23,62.5,8424,23.6,6.15,116.7
SR-002439,CNC-02,2026-09-22T14:00:00,2.46,63.2,8812,21.6,6.41,119.1
SR-002440,CNC-02,2026-09-22T15:00:00,2.3,61.9,8636,22.2,6.42,116.5
SR-002441,CNC-02,2026-09-22T16:00:00,2.32,62.6,8605,21.9,6.06,119.4
SR-002442,CNC-02,2026-09-22T17:00:00,2.33,62.5,8296,21.2,6.22,120.7
SR-002443,CNC-02,2026-09-22T18:00:00,2.43,61.4,8521,21.5,6.1,116.9
SR-002444,CNC-02,2026-09-22T19:00:00,2.58,62.4,8474,21.5,6.21,111.6
SR-002445,CNC-02,2026-09-22T20:00:00,2.48,61.8,8196,19.9,6.24,118.6
SR-002446,CNC-02,2026-09-22T21:00:00,2.31,61.2,8841,20.3,6.13,114.9
SR-002447,CNC-02,2026-09-22T22:00:00,2.74,61.8,8404,21.5,6.21,118.0
SR-002448,CNC-02,2026-09-22T23:00:00,2.38,59.8,8644,20.8,6.14,111.4
SR-002449,CNC-02,2026-09-23T00:00:00,2.37,61.4,8382,22.5,6.26,115.2
SR-002450,CNC-02,2026-09-23T01:00:00,2.43,61.3,8313,22.5,5.94,120.8
SR-002451,CNC-02,2026-09-23T02:00:00,2.42,61.8,8556,21.8,6.01,118.5
SR-002452,CNC-02,2026-09-23T03:00:00,2.19,61.9,8400,21.9,6.3,119.8
SR-002453,CNC-02,2026-09-23T04:00:00,2.51,61.1,8636,22.5,6.22,115.2
SR-002454,CNC-02,2026-09-23T05:00:00,2.45,62.6,8657,21.3,6.03,118.1
SR-002455,CNC-02,2026-09-23T06:00:00,2.56,60.8,8603,22.7,6.25,121.4
SR-002456,CNC-02,2026-09-23T07:00:00,2.53,62.6,8695,22.4,6.06,115.6
SR-002457,CNC-02,2026-09-23T08:00:00,2.37,61.6,8573,20.2,6.32,119.5
SR-002458,CNC-02,2026-09-23T09:00:00,2.36,63.6,8621,22.8,6.02,119.5
SR-002459,CNC-02,2026-09-23T10:00:00,2.43,62.6,8854,21.7,6.37,121.8
SR-002460,CNC-02,2026-09-23T11:00:00,2.28,63.0,8475,21.4,6.23,117.4
SR-002461,CNC-02,2026-09-23T12:00:00,2.39,62.0,8496,22.1,6.25,118.7
SR-002462,CNC-02,2026-09-23T13:00:00,2.4,62.6,8501,23.5,6.14,117.7
SR-002463,CNC-02,2026-09-23T14:00:00,2.3,63.0,8381,22.4,6.26,117.6
SR-002464,CNC-02,2026-09-23T15:00:00,2.37,61.9,8692,21.6,6.2,116.3
SR-002465,CNC-02,2026-09-23T16:00:00,2.51,62.9,8561,21.3,6.09,119.1
SR-002466,CNC-02,2026-09-23T17:00:00,2.47,62.9,8420,21.6,6.41,120.4
SR-002467,CNC-02,2026-09-23T18:00:00,2.47,61.9,8818,22.6,6.16,115.6
SR-002468,CNC-02,2026-09-23T19:00:00,2.36,61.4,8630,20.9,6.18,116.4
SR-002469,CNC-02,2026-09-23T20:00:00,2.27,62.2,8560,21.7,6.17,119.3
SR-002470,CNC-02,2026-09-23T21:00:00,2.39,61.5,8598,21.7,6.19,117.4
SR-002471,CNC-02,2026-09-23T22:00:00,2.22,60.7,8607,22.6,6.16,115.6
SR-002472,CNC-02,2026-09-23T23:00:00,2.21,60.9,8377,22.6,6.16,119.9
SR-002473,CNC-02,2026-09-24T00:00:00,2.58,60.5,8579,21.7,6.12,121.3
SR-002474,CNC-02,2026-09-24T01:00:00,2.47,60.8,8359,21.8,6.2,118.7
SR-002475,CNC-02,2026-09-24T02:00:00,2.48,61.8,8571,22.6,6.11,118.5
SR-002476,CNC-02,2026-09-24T03:00:00,2.43,60.5,8691,21.2,6.05,117.9
SR-002477,CNC-02,2026-09-24T04:00:00,2.3,61.9,8434,21.3,6.06,115.6
SR-002478,CNC-02,2026-09-24T05:00:00,2.4,62.5,8513,22.0,6.2,117.3
SR-002479,CNC-02,2026-09-24T06:00:00,2.64,61.6,8404,21.5,6.51,117.9
SR-002480,CNC-02,2026-09-24T07:00:00,2.42,62.9,8472,24.6,6.11,120.7
SR-002481,CNC-02,2026-09-24T08:00:00,2.45,62.9,8375,21.2,6.26,117.0
SR-002482,CNC-02,2026-09-24T09:00:00,2.5,62.2,8556,22.5,6.21,121.4
SR-002483,CNC-02,2026-09-24T10:00:00,2.57,64.5,8693,22.6,6.3,118.0
SR-002484,CNC-02,2026-09-24T11:00:00,2.37,63.6,8356,21.3,6.13,114.3
SR-002485,CNC-02,2026-09-24T12:00:00,2.41,62.8,8488,22.7,6.12,115.8
SR-002486,CNC-02,2026-09-24T13:00:00,2.48,64.1,8667,22.6,6.41,116.1
SR-002487,CNC-02,2026-09-24T14:00:00,2.39,65.2,8517,22.2,6.37,116.4
SR-002488,CNC-02,2026-09-24T15:00:00,2.43,62.4,8552,23.4,6.33,116.1
SR-002489,CNC-02,2026-09-24T16:00:00,2.1,63.2,8336,21.8,6.27,116.0
SR-002490,CNC-02,2026-09-24T17:00:00,2.32,63.1,8503,21.9,6.34,118.0
SR-002491,CNC-02,2026-09-24T18:00:00,2.45,62.3,8651,20.1,6.11,120.3
SR-002492,CNC-02,2026-09-24T19:00:00,2.3,61.6,8472,20.6,6.24,118.5
SR-002493,CNC-02,2026-09-24T20:00:00,2.54,62.3,8419,21.7,6.39,118.5
SR-002494,CNC-02,2026-09-24T21:00:00,2.53,60.6,8381,21.3,6.18,115.1
SR-002495,CNC-02,2026-09-24T22:00:00,2.48,61.0,8568,21.6,6.13,119.1
SR-002496,CNC-02,2026-09-24T23:00:00,2.31,61.8,8519,21.5,6.3,120.6
SR-002497,CNC-02,2026-09-25T00:00:00,2.46,61.4,8418,22.4,6.05,119.8
SR-002498,CNC-02,2026-09-25T01:00:00,2.52,61.7,8628,22.1,6.0,115.1
SR-002499,CNC-02,2026-09-25T02:00:00,2.26,60.2,8283,22.3,6.17,116.1
SR-002500,CNC-02,2026-09-25T03:00:00,2.47,60.2,8442,20.9,6.28,117.6
SR-002501,CNC-02,2026-09-25T04:00:00,2.39,61.7,8845,21.2,6.26,120.2
SR-002502,CNC-02,2026-09-25T05:00:00,2.57,62.7,8374,24.2,6.27,117.6
SR-002503,CNC-02,2026-09-25T06:00:00,2.35,62.6,8626,21.8,6.19,121.8
SR-002504,CNC-02,2026-09-25T07:00:00,2.31,62.8,8304,21.8,6.18,117.5
SR-002505,CNC-02,2026-09-25T08:00:00,2.44,62.8,8347,24.0,6.2,119.5
SR-002506,CNC-02,2026-09-25T09:00:00,2.45,63.0,8233,21.3,6.17,117.7
SR-002507,CNC-02,2026-09-25T10:00:00,2.3,63.1,8483,22.0,6.25,119.9
SR-002508,CNC-02,2026-09-25T11:00:00,2.55,62.0,8458,22.8,6.15,121.3
SR-002509,CNC-02,2026-09-25T12:00:00,2.35,63.2,8416,20.8,6.09,117.6
SR-002510,CNC-02,2026-09-25T13:00:00,2.28,62.1,8486,21.2,6.3,123.2
SR-002511,CNC-02,2026-09-25T14:00:00,2.58,63.8,8585,22.9,6.11,117.9
SR-002512,CNC-02,2026-09-25T15:00:00,2.31,61.2,8565,21.0,6.29,120.4
SR-002513,CNC-02,2026-09-25T16:00:00,2.46,61.8,8387,21.1,6.23,116.5
SR-002514,CNC-02,2026-09-25T17:00:00,2.39,62.5,8759,22.0,6.34,118.9
SR-002515,CNC-02,2026-09-25T18:00:00,2.4,62.5,8622,22.8,6.28,117.8
SR-002516,CNC-02,2026-09-25T19:00:00,2.37,61.3,8326,22.0,6.17,116.5
SR-002517,CNC-02,2026-09-25T20:00:00,2.43,61.4,8573,21.8,6.29,122.6
SR-002518,CNC-02,2026-09-25T21:00:00,2.38,61.9,8731,22.1,6.23,116.8
SR-002519,CNC-02,2026-09-25T22:00:00,2.26,61.5,8597,23.3,6.21,121.0
SR-002520,CNC-02,2026-09-25T23:00:00,2.44,60.7,8423,22.1,6.35,118.1
SR-002521,CNC-02,2026-09-26T00:00:00,2.47,61.2,8296,23.2,6.17,119.2
SR-002522,CNC-02,2026-09-26T01:00:00,2.51,61.4,8492,22.5,6.31,113.1
SR-002523,CNC-02,2026-09-26T02:00:00,2.42,60.9,8487,22.3,6.18,118.0
SR-002524,CNC-02,2026-09-26T03:00:00,2.33,61.3,8287,21.6,6.43,117.4
SR-002525,CNC-02,2026-09-26T04:00:00,2.52,62.8,8458,22.4,6.18,113.6
SR-002526,CNC-02,2026-09-26T05:00:00,2.43,60.6,8489,22.2,6.24,121.6
SR-002527,CNC-02,2026-09-26T06:00:00,2.54,63.5,8579,20.9,6.32,118.6
SR-002528,CNC-02,2026-09-26T07:00:00,2.38,62.6,8490,22.3,6.25,117.2
SR-002529,CNC-02,2026-09-26T08:00:00,2.51,62.4,8306,23.7,6.26,118.5
SR-002530,CNC-02,2026-09-26T09:00:00,2.52,64.3,8598,21.6,6.5,121.1
SR-002531,CNC-02,2026-09-26T10:00:00,2.46,62.8,8606,21.5,6.27,117.2
SR-002532,CNC-02,2026-09-26T11:00:00,2.38,62.5,8364,22.5,6.03,116.1
SR-002533,CNC-02,2026-09-26T12:00:00,2.46,62.5,8407,21.9,6.09,118.1
SR-002534,CNC-02,2026-09-26T13:00:00,2.39,62.5,8497,20.8,6.25,117.2
SR-002535,CNC-02,2026-09-26T14:00:00,2.27,62.6,8513,22.2,6.1,115.8
SR-002536,CNC-02,2026-09-26T15:00:00,2.45,62.4,8537,21.5,6.1,116.9
SR-002537,CNC-02,2026-09-26T16:00:00,2.38,60.7,8673,23.1,6.4,118.7
SR-002538,CNC-02,2026-09-26T17:00:00,2.31,63.6,8577,21.6,6.21,120.6
SR-002539,CNC-02,2026-09-26T18:00:00,2.33,62.4,8472,22.6,6.23,117.5
SR-002540,CNC-02,2026-09-26T19:00:00,2.44,61.5,8378,21.5,6.06,115.3
SR-002541,CNC-02,2026-09-26T20:00:00,2.52,63.7,8517,21.4,5.95,116.1
SR-002542,CNC-02,2026-09-26T21:00:00,2.42,61.4,8513,21.2,6.05,118.7
SR-002543,CNC-02,2026-09-26T22:00:00,2.31,61.5,8495,20.9,6.05,121.6
SR-002544,CNC-02,2026-09-26T23:00:00,2.45,60.9,8506,20.2,6.17,116.1
SR-002545,CNC-02,2026-09-27T00:00:00,2.46,60.5,8429,21.6,6.16,120.4
SR-002546,CNC-02,2026-09-27T01:00:00,2.24,61.5,8418,21.1,5.99,117.3
SR-002547,CNC-02,2026-09-27T02:00:00,2.33,61.8,8436,22.3,6.22,117.9
SR-002548,CNC-02,2026-09-27T03:00:00,2.39,60.6,8335,22.1,6.27,121.6
SR-002549,CNC-02,2026-09-27T04:00:00,2.36,61.4,8452,23.5,6.17,117.3
SR-002550,CNC-02,2026-09-27T05:00:00,2.47,62.0,8598,22.2,6.31,122.0
SR-002551,CNC-02,2026-09-27T06:00:00,2.31,62.0,8556,20.3,6.15,116.6
SR-002552,CNC-02,2026-09-27T07:00:00,2.41,61.3,8575,23.1,6.21,124.2
SR-002553,CNC-02,2026-09-27T08:00:00,2.54,61.5,8516,22.2,6.32,117.6
SR-002554,CNC-02,2026-09-27T09:00:00,2.38,60.8,8616,22.4,6.15,119.7
SR-002555,CNC-02,2026-09-27T10:00:00,2.47,62.3,8494,23.1,6.13,119.8
SR-002556,CNC-02,2026-09-27T11:00:00,2.45,63.1,8623,21.1,6.25,118.0
SR-002557,CNC-02,2026-09-27T12:00:00,2.36,64.3,8403,22.1,6.36,115.7
SR-002558,CNC-02,2026-09-27T13:00:00,2.54,62.6,8261,20.7,6.34,120.0
SR-002559,CNC-02,2026-09-27T14:00:00,2.49,62.4,8528,21.9,6.19,117.1
SR-002560,CNC-02,2026-09-27T15:00:00,2.45,61.7,8525,22.4,6.22,117.0
SR-002561,CNC-02,2026-09-27T16:00:00,2.45,63.8,8328,21.5,6.13,117.3
SR-002562,CNC-02,2026-09-27T17:00:00,2.39,60.7,8508,21.5,6.02,116.7
SR-002563,CNC-02,2026-09-27T18:00:00,2.32,62.4,8452,23.3,6.36,119.2
SR-002564,CNC-02,2026-09-27T19:00:00,2.28,62.7,8416,21.4,6.08,119.4
SR-002565,CNC-02,2026-09-27T20:00:00,2.53,60.5,8641,21.1,6.27,115.1
SR-002566,CNC-02,2026-09-27T21:00:00,2.23,61.9,8186,20.9,6.24,119.5
SR-002567,CNC-02,2026-09-27T22:00:00,2.56,61.3,8683,22.9,6.04,111.3
SR-002568,CNC-02,2026-09-27T23:00:00,2.29,61.8,8610,23.2,6.18,116.1
SR-002569,CNC-02,2026-09-28T00:00:00,2.47,61.0,8448,21.9,6.33,117.5
SR-002570,CNC-02,2026-09-28T01:00:00,2.42,60.7,8462,22.5,6.15,116.4
SR-002571,CNC-02,2026-09-28T02:00:00,2.27,61.0,8367,20.6,6.1,123.7
SR-002572,CNC-02,2026-09-28T03:00:00,2.35,60.7,8723,22.0,6.42,118.2
SR-002573,CNC-02,2026-09-28T04:00:00,2.21,61.5,8185,22.7,6.22,118.7
SR-002574,CNC-02,2026-09-28T05:00:00,2.14,62.2,8540,22.3,6.0,117.3
SR-002575,CNC-02,2026-09-28T06:00:00,2.52,61.3,8456,23.3,6.29,119.7
SR-002576,CNC-02,2026-09-28T07:00:00,2.7,64.7,8412,21.8,6.3,115.7
SR-002577,CNC-02,2026-09-28T08:00:00,2.54,63.3,8477,21.8,6.3,120.7
SR-002578,CNC-02,2026-09-28T09:00:00,2.53,63.9,8687,20.4,6.2,121.1
SR-002579,CNC-02,2026-09-28T10:00:00,2.39,63.1,8572,22.5,6.18,116.8
SR-002580,CNC-02,2026-09-28T11:00:00,2.42,63.6,8405,21.8,6.28,118.3
SR-002581,CNC-02,2026-09-28T12:00:00,2.45,63.0,8498,20.5,6.21,118.0
SR-002582,CNC-02,2026-09-28T13:00:00,2.63,62.6,8444,21.5,6.24,116.8
SR-002583,CNC-02,2026-09-28T14:00:00,2.0,63.6,8464,21.7,6.26,117.7
SR-002584,CNC-02,2026-09-28T15:00:00,2.38,61.2,8581,22.5,6.27,118.7
SR-002585,CNC-02,2026-09-28T16:00:00,2.45,62.4,8655,23.4,6.11,117.2
SR-002586,CNC-02,2026-09-28T17:00:00,2.53,62.3,8665,21.1,6.32,119.5
SR-002587,CNC-02,2026-09-28T18:00:00,2.35,62.2,8489,21.3,6.08,118.4
SR-002588,CNC-02,2026-09-28T19:00:00,2.33,60.1,8860,21.6,6.05,119.3
SR-002589,CNC-02,2026-09-28T20:00:00,2.37,60.4,8613,22.1,6.18,119.4
SR-002590,CNC-02,2026-09-28T21:00:00,2.27,61.0,8593,22.3,6.03,119.3
SR-002591,CNC-02,2026-09-28T22:00:00,2.39,61.1,8504,23.1,6.31,114.2
SR-002592,CNC-02,2026-09-28T23:00:00,2.32,61.4,8423,22.0,6.45,119.7
SR-002593,CNC-02,2026-09-29T00:00:00,2.48,61.7,8727,21.9,6.4,115.8
SR-002594,CNC-02,2026-09-29T01:00:00,2.5,62.0,8533,21.8,6.3,119.5
SR-002595,CNC-02,2026-09-29T02:00:00,2.44,63.2,8334,22.2,6.07,119.6
SR-002596,CNC-02,2026-09-29T03:00:00,2.53,61.8,8413,21.6,6.27,117.6
SR-002597,CNC-02,2026-09-29T04:00:00,2.33,62.1,8159,21.7,6.1,117.3
SR-002598,CNC-02,2026-09-29T05:00:00,2.27,61.4,8731,21.2,6.24,116.0
SR-002599,CNC-02,2026-09-29T06:00:00,2.5,61.6,8648,22.5,6.3,117.9
SR-002600,CNC-02,2026-09-29T07:00:00,2.58,63.4,8403,22.0,6.45,116.8
SR-002601,CNC-02,2026-09-29T08:00:00,2.29,62.8,8390,23.2,6.32,116.9
SR-002602,CNC-02,2026-09-29T09:00:00,2.55,63.2,8266,21.8,5.99,119.1
SR-002603,CNC-02,2026-09-29T10:00:00,2.43,62.3,8574,22.4,6.1,116.7
SR-002604,CNC-02,2026-09-29T11:00:00,2.44,63.2,8682,21.5,6.35,119.9
SR-002605,CNC-02,2026-09-29T12:00:00,2.19,61.9,8346,22.1,6.17,120.0
SR-002606,CNC-02,2026-09-29T13:00:00,2.47,63.6,8594,22.9,6.2,118.7
SR-002607,CNC-02,2026-09-29T14:00:00,2.48,62.7,8329,23.0,6.26,119.1
SR-002608,CNC-02,2026-09-29T15:00:00,2.31,62.9,8424,22.1,6.0,117.5
SR-002609,CNC-02,2026-09-29T16:00:00,2.27,62.5,8442,21.7,6.2,118.5
SR-002610,CNC-02,2026-09-29T17:00:00,2.42,63.9,8422,23.2,6.26,117.6
SR-002611,CNC-02,2026-09-29T18:00:00,2.5,63.6,8559,21.7,6.39,117.8
SR-002612,CNC-02,2026-09-29T19:00:00,2.47,61.4,8389,21.1,6.23,117.9
SR-002613,CNC-02,2026-09-29T20:00:00,2.51,61.3,8540,22.6,6.2,115.6
SR-002614,CNC-02,2026-09-29T21:00:00,2.27,61.1,8579,23.2,6.28,111.2
SR-002615,CNC-02,2026-09-29T22:00:00,2.38,60.2,8401,22.4,6.3,116.7
SR-002616,CNC-02,2026-09-29T23:00:00,2.44,60.3,8585,22.8,6.27,118.1
SR-002617,CNC-02,2026-09-30T00:00:00,2.54,61.0,8581,21.4,6.25,119.2
SR-002618,CNC-02,2026-09-30T01:00:00,2.55,60.8,8524,21.2,6.12,116.6
SR-002619,CNC-02,2026-09-30T02:00:00,2.37,61.1,8389,21.8,6.24,124.2
SR-002620,CNC-02,2026-09-30T03:00:00,2.45,60.7,8702,22.3,6.33,117.6
SR-002621,CNC-02,2026-09-30T04:00:00,2.41,62.2,8358,21.7,6.24,115.2
SR-002622,CNC-02,2026-09-30T05:00:00,2.69,62.1,8535,23.6,6.12,119.4
SR-002623,CNC-02,2026-09-30T06:00:00,2.74,62.4,8399,21.6,6.37,120.4
SR-002624,CNC-02,2026-09-30T07:00:00,2.47,62.8,8620,21.1,6.26,113.7
SR-002625,CNC-02,2026-09-30T08:00:00,2.31,62.9,8491,20.7,6.16,114.9
SR-002626,CNC-02,2026-09-30T09:00:00,2.51,62.5,8515,21.3,6.32,117.5
SR-002627,CNC-02,2026-09-30T10:00:00,2.59,63.2,8645,22.4,6.13,120.7
SR-002628,CNC-02,2026-09-30T11:00:00,2.5,63.1,8508,22.8,6.24,117.3
SR-002629,CNC-02,2026-09-30T12:00:00,2.34,62.8,8386,21.6,6.27,117.0
SR-002630,CNC-02,2026-09-30T13:00:00,2.43,62.7,8427,22.5,6.22,117.6
SR-002631,CNC-02,2026-09-30T14:00:00,2.49,64.4,8466,22.5,6.09,115.6
SR-002632,CNC-02,2026-09-30T15:00:00,2.31,62.5,8524,20.8,6.12,116.8
SR-002633,CNC-02,2026-09-30T16:00:00,2.67,63.6,8485,21.8,6.2,115.7
SR-002634,CNC-02,2026-09-30T17:00:00,2.25,61.3,8607,21.0,6.33,118.2
SR-002635,CNC-02,2026-09-30T18:00:00,2.43,63.4,8472,22.6,6.31,117.1
SR-002636,CNC-02,2026-09-30T19:00:00,2.44,61.5,8473,22.8,6.05,116.2
SR-002637,CNC-02,2026-09-30T20:00:00,2.48,61.9,8514,20.6,6.1,119.8
SR-002638,CNC-02,2026-09-30T21:00:00,2.26,61.8,8431,22.3,6.24,116.3
SR-002639,CNC-02,2026-09-30T22:00:00,2.48,61.5,8427,21.5,6.22,116.1
SR-002640,CNC-02,2026-09-30T23:00:00,2.62,61.0,8637,22.5,6.32,119.4
SR-002641,CNC-02,2026-10-01T00:00:00,2.51,60.1,8312,21.3,6.13,122.7
SR-002642,CNC-02,2026-10-01T01:00:00,2.36,62.7,8326,21.8,6.24,116.2
SR-002643,CNC-02,2026-10-01T02:00:00,2.43,62.9,8498,21.6,6.17,119.6
SR-002644,CNC-02,2026-10-01T03:00:00,2.21,61.1,8547,21.0,6.04,119.7
SR-002645,CNC-02,2026-10-01T04:00:00,2.41,60.9,8489,22.5,6.22,120.5
SR-002646,CNC-02,2026-10-01T05:00:00,2.57,61.0,8638,21.6,6.38,117.4
SR-002647,CNC-02,2026-10-01T06:00:00,2.38,63.3,8535,21.1,6.34,124.8
SR-002648,CNC-02,2026-10-01T07:00:00,2.38,61.9,8436,21.4,6.19,117.4
SR-002649,CNC-02,2026-10-01T08:00:00,2.26,62.6,8499,22.8,6.31,118.0
SR-002650,CNC-02,2026-10-01T09:00:00,2.57,63.2,8334,21.1,6.22,120.4
SR-002651,CNC-02,2026-10-01T10:00:00,2.44,63.3,8596,21.6,6.32,119.7
SR-002652,CNC-02,2026-10-01T11:00:00,2.28,62.1,8554,22.1,6.18,116.5
SR-002653,CNC-02,2026-10-01T12:00:00,2.45,60.5,8485,22.4,6.28,121.1
SR-002654,CNC-02,2026-10-01T13:00:00,2.49,63.1,8570,21.9,5.98,119.3
SR-002655,CNC-02,2026-10-01T14:00:00,2.22,63.0,8688,22.0,6.23,118.2
SR-002656,CNC-02,2026-10-01T15:00:00,2.42,62.7,8607,21.0,6.33,119.5
SR-002657,CNC-02,2026-10-01T16:00:00,2.6,63.5,8440,23.0,6.27,114.6
SR-002658,CNC-02,2026-10-01T17:00:00,2.28,61.6,8376,20.9,6.42,119.3
SR-002659,CNC-02,2026-10-01T18:00:00,2.25,63.0,8738,21.8,6.18,121.3
SR-002660,CNC-02,2026-10-01T19:00:00,2.21,61.8,8564,21.4,6.06,121.1
SR-002661,CNC-02,2026-10-01T20:00:00,2.41,62.5,8395,22.6,6.36,119.3
SR-002662,CNC-02,2026-10-01T21:00:00,2.38,61.2,8507,21.7,6.13,114.1
SR-002663,CNC-02,2026-10-01T22:00:00,2.61,61.3,8674,20.2,6.17,119.0
SR-002664,CNC-02,2026-10-01T23:00:00,2.37,60.6,8412,23.0,6.1,119.9
SR-002665,CNC-02,2026-10-02T00:00:00,2.09,60.6,8674,22.8,6.01,119.5
SR-002666,CNC-02,2026-10-02T01:00:00,2.33,60.2,8412,22.4,6.12,116.2
SR-002667,CNC-02,2026-10-02T02:00:00,2.39,60.1,8718,21.5,6.28,117.8
SR-002668,CNC-02,2026-10-02T03:00:00,2.46,62.5,8614,22.8,6.24,123.9
SR-002669,CNC-02,2026-10-02T04:00:00,2.52,61.3,8687,21.9,6.05,116.6
SR-002670,CNC-02,2026-10-02T05:00:00,2.45,61.2,8704,21.2,6.08,118.2
SR-002671,CNC-02,2026-10-02T06:00:00,2.05,63.8,8515,22.0,6.33,116.2
SR-002672,CNC-02,2026-10-02T07:00:00,2.61,61.8,8513,21.2,6.26,116.3
SR-002673,CNC-02,2026-10-02T08:00:00,2.62,61.9,8542,21.6,6.15,117.7
SR-002674,CNC-02,2026-10-02T09:00:00,2.4,62.5,8601,21.2,6.45,117.9
SR-002675,CNC-02,2026-10-02T10:00:00,2.39,63.9,8614,22.0,6.31,115.3
SR-002676,CNC-02,2026-10-02T11:00:00,2.43,62.6,8470,22.4,6.46,121.1
SR-002677,CNC-02,2026-10-02T12:00:00,2.44,62.5,8682,23.4,6.08,120.1
SR-002678,CNC-02,2026-10-02T13:00:00,2.41,63.2,8541,21.8,6.27,120.8
SR-002679,CNC-02,2026-10-02T14:00:00,2.22,63.9,8563,22.1,6.39,121.7
SR-002680,CNC-02,2026-10-02T15:00:00,2.33,62.0,8621,22.7,6.28,117.9
SR-002681,CNC-02,2026-10-02T16:00:00,2.29,63.4,8387,22.1,6.03,119.8
SR-002682,CNC-02,2026-10-02T17:00:00,2.44,63.7,8543,22.0,6.26,119.1
SR-002683,CNC-02,2026-10-02T18:00:00,2.41,62.6,8295,22.0,6.12,121.7
SR-002684,CNC-02,2026-10-02T19:00:00,2.37,61.9,8473,23.3,6.29,117.7
SR-002685,CNC-02,2026-10-02T20:00:00,2.51,62.1,8418,23.0,6.2,119.3
SR-002686,CNC-02,2026-10-02T21:00:00,2.42,61.8,8483,21.7,6.3,118.9
SR-002687,CNC-02,2026-10-02T22:00:00,2.4,61.5,8400,22.3,6.3,117.9
SR-002688,CNC-02,2026-10-02T23:00:00,2.37,59.5,8526,23.0,5.99,117.9
SR-002689,CNC-03,2026-09-17T00:00:00,2.35,62.0,8616,20.6,6.22,117.7
SR-002690,CNC-03,2026-09-17T00:10:00,2.41,60.8,8511,22.1,6.19,117.1
SR-002691,CNC-03,2026-09-17T00:20:00,2.25,59.2,8469,22.0,6.1,120.2
SR-002692,CNC-03,2026-09-17T00:30:00,2.37,61.9,8555,21.8,6.2,118.1
SR-002693,CNC-03,2026-09-17T00:40:00,2.36,61.0,8574,21.3,6.16,114.0
SR-002694,CNC-03,2026-09-17T00:50:00,2.23,59.5,8452,21.7,6.19,120.6
SR-002695,CNC-03,2026-09-17T01:00:00,2.47,62.1,8749,22.9,6.33,117.9
SR-002696,CNC-03,2026-09-17T01:10:00,2.3,60.9,8565,21.7,6.33,114.8
SR-002697,CNC-03,2026-09-17T01:20:00,2.33,60.6,8616,21.7,6.32,116.5
SR-002698,CNC-03,2026-09-17T01:30:00,2.42,61.3,8515,23.1,6.08,117.2
SR-002699,CNC-03,2026-09-17T01:40:00,2.28,60.7,8308,23.2,6.29,120.8
SR-002700,CNC-03,2026-09-17T01:50:00,2.44,59.2,8728,22.0,6.03,112.1
SR-002701,CNC-03,2026-09-17T02:00:00,2.42,61.4,8283,22.5,6.2,120.8
SR-002702,CNC-03,2026-09-17T02:10:00,2.57,62.8,8255,21.1,6.34,116.2
SR-002703,CNC-03,2026-09-17T02:20:00,2.41,60.2,8678,22.0,6.17,114.8
SR-002704,CNC-03,2026-09-17T02:30:00,2.43,61.9,8735,22.2,6.08,116.8
SR-002705,CNC-03,2026-09-17T02:40:00,2.0,61.5,8672,23.0,6.1,116.8
SR-002706,CNC-03,2026-09-17T02:50:00,2.53,61.4,8810,22.3,6.42,113.1
SR-002707,CNC-03,2026-09-17T03:00:00,2.49,61.4,8604,21.2,6.28,118.3
SR-002708,CNC-03,2026-09-17T03:10:00,2.47,61.6,8339,22.0,6.23,118.7
SR-002709,CNC-03,2026-09-17T03:20:00,2.15,62.4,8491,23.1,6.16,121.5
SR-002710,CNC-03,2026-09-17T03:30:00,2.43,61.7,8349,22.2,6.21,116.5
SR-002711,CNC-03,2026-09-17T03:40:00,2.33,62.3,8691,21.6,6.15,112.2
SR-002712,CNC-03,2026-09-17T03:50:00,2.43,61.3,8671,22.6,6.21,120.6
SR-002713,CNC-03,2026-09-17T04:00:00,2.46,59.8,8604,21.9,6.01,115.4
SR-002714,CNC-03,2026-09-17T04:10:00,2.36,61.6,8277,22.8,6.21,118.9
SR-002715,CNC-03,2026-09-17T04:20:00,2.38,61.7,8716,21.0,6.34,116.8
SR-002716,CNC-03,2026-09-17T04:30:00,2.46,62.1,8642,23.1,6.08,115.2
SR-002717,CNC-03,2026-09-17T04:40:00,2.39,62.0,8740,22.4,6.35,117.0
SR-002718,CNC-03,2026-09-17T04:50:00,2.3,62.0,8475,21.2,6.04,117.5
SR-002719,CNC-03,2026-09-17T05:00:00,2.39,61.5,8496,21.4,6.08,117.8
SR-002720,CNC-03,2026-09-17T05:10:00,2.45,62.7,8594,22.2,6.2,117.6
SR-002721,CNC-03,2026-09-17T05:20:00,2.34,60.9,8381,23.1,6.24,119.6
SR-002722,CNC-03,2026-09-17T05:30:00,2.44,61.8,8426,21.1,6.24,116.1
SR-002723,CNC-03,2026-09-17T05:40:00,2.36,62.9,8658,22.3,6.08,121.9
SR-002724,CNC-03,2026-09-17T05:50:00,2.4,61.8,8470,21.4,6.14,118.4
SR-002725,CNC-03,2026-09-17T06:00:00,2.6,62.0,8527,23.5,6.52,118.7
SR-002726,CNC-03,2026-09-17T06:10:00,2.56,61.6,8694,23.2,6.21,121.5
SR-002727,CNC-03,2026-09-17T06:20:00,2.26,63.7,8467,23.5,6.29,118.3
SR-002728,CNC-03,2026-09-17T06:30:00,2.61,62.2,8477,21.4,6.21,114.5
SR-002729,CNC-03,2026-09-17T06:40:00,2.32,62.3,8568,22.0,6.02,116.8
SR-002730,CNC-03,2026-09-17T06:50:00,2.45,63.0,8658,22.3,6.08,118.6
SR-002731,CNC-03,2026-09-17T07:00:00,2.35,62.8,8388,21.6,6.12,113.8
SR-002732,CNC-03,2026-09-17T07:10:00,2.32,62.2,8385,21.1,6.19,111.1
SR-002733,CNC-03,2026-09-17T07:20:00,2.28,62.4,8363,21.8,6.08,117.9
SR-002734,CNC-03,2026-09-17T07:30:00,2.34,63.1,8543,22.8,6.25,115.1
SR-002735,CNC-03,2026-09-17T07:40:00,2.32,62.4,8627,24.6,6.13,116.7
SR-002736,CNC-03,2026-09-17T07:50:00,2.37,61.5,8476,21.6,6.12,115.5
SR-002737,CNC-03,2026-09-17T08:00:00,2.45,63.0,8330,22.3,6.1,116.0
SR-002738,CNC-03,2026-09-17T08:10:00,2.48,63.0,8554,20.8,6.11,116.1
SR-002739,CNC-03,2026-09-17T08:20:00,2.35,62.5,8560,21.1,6.18,116.5
SR-002740,CNC-03,2026-09-17T08:30:00,2.24,62.8,8479,21.0,6.36,111.7
SR-002741,CNC-03,2026-09-17T08:40:00,2.47,62.0,8427,22.3,6.16,119.5
SR-002742,CNC-03,2026-09-17T08:50:00,2.51,62.2,8613,23.6,6.07,119.3
SR-002743,CNC-03,2026-09-17T09:00:00,2.42,62.3,8168,21.9,6.25,116.0
SR-002744,CNC-03,2026-09-17T09:10:00,2.17,62.5,8635,21.9,6.24,116.4
SR-002745,CNC-03,2026-09-17T09:20:00,2.21,62.2,8475,21.3,6.36,116.2
SR-002746,CNC-03,2026-09-17T09:30:00,2.16,63.8,8422,21.8,6.27,117.1
SR-002747,CNC-03,2026-09-17T09:40:00,2.58,61.6,8365,21.4,6.21,123.3
SR-002748,CNC-03,2026-09-17T09:50:00,2.27,62.2,8556,23.2,6.24,116.6
SR-002749,CNC-03,2026-09-17T10:00:00,2.32,63.5,8430,21.4,6.22,115.9
SR-002750,CNC-03,2026-09-17T10:10:00,2.8,62.7,8598,21.4,6.16,116.7
SR-002751,CNC-03,2026-09-17T10:20:00,2.55,62.3,8308,21.2,6.31,120.4
SR-002752,CNC-03,2026-09-17T10:30:00,2.3,63.5,8377,22.2,6.31,117.7
SR-002753,CNC-03,2026-09-17T10:40:00,2.17,63.8,8435,21.2,6.21,119.8
SR-002754,CNC-03,2026-09-17T10:50:00,2.49,62.5,8526,22.2,6.08,118.2
SR-002755,CNC-03,2026-09-17T11:00:00,2.58,62.7,8339,21.5,6.29,118.2
SR-002756,CNC-03,2026-09-17T11:10:00,2.53,63.6,8462,21.5,6.3,123.9
SR-002757,CNC-03,2026-09-17T11:20:00,2.44,61.9,8545,22.1,6.02,112.5
SR-002758,CNC-03,2026-09-17T11:30:00,2.46,61.1,8470,23.7,6.12,117.6
SR-002759,CNC-03,2026-09-17T11:40:00,2.34,62.6,8569,23.4,6.16,119.6
SR-002760,CNC-03,2026-09-17T11:50:00,2.36,63.0,8416,22.2,6.24,119.3
SR-002761,CNC-03,2026-09-17T12:00:00,2.4,62.5,8644,22.3,6.18,122.3
SR-002762,CNC-03,2026-09-17T12:10:00,2.42,64.2,8424,22.5,5.95,120.2
SR-002763,CNC-03,2026-09-17T12:20:00,2.64,63.1,8394,21.7,6.13,118.2
SR-002764,CNC-03,2026-09-17T12:30:00,2.51,62.6,8461,23.4,6.34,123.6
SR-002765,CNC-03,2026-09-17T12:40:00,2.27,62.4,8578,23.0,6.12,120.3
SR-002766,CNC-03,2026-09-17T12:50:00,2.42,62.5,8427,22.6,6.1,117.7
SR-002767,CNC-03,2026-09-17T13:00:00,2.23,63.3,8303,21.1,6.2,116.7
SR-002768,CNC-03,2026-09-17T13:10:00,2.36,64.1,8329,21.7,6.17,117.9
SR-002769,CNC-03,2026-09-17T13:20:00,2.51,63.7,8407,21.8,6.3,118.6
SR-002770,CNC-03,2026-09-17T13:30:00,2.46,61.9,8492,24.6,6.37,117.2
SR-002771,CNC-03,2026-09-17T13:40:00,2.31,62.1,8394,21.0,6.13,116.7
SR-002772,CNC-03,2026-09-17T13:50:00,2.5,62.7,8563,22.9,6.13,117.2
SR-002773,CNC-03,2026-09-17T14:00:00,2.32,61.7,8613,21.5,6.3,119.8
SR-002774,CNC-03,2026-09-17T14:10:00,2.49,63.8,8450,23.7,6.14,115.1
SR-002775,CNC-03,2026-09-17T14:20:00,2.33,63.9,8398,21.2,6.07,113.6
SR-002776,CNC-03,2026-09-17T14:30:00,2.55,62.8,8393,22.2,6.17,116.7
SR-002777,CNC-03,2026-09-17T14:40:00,2.36,63.2,8465,22.0,6.05,118.2
SR-002778,CNC-03,2026-09-17T14:50:00,2.4,64.2,8451,23.5,6.02,118.6
SR-002779,CNC-03,2026-09-17T15:00:00,2.32,64.0,8414,24.2,6.28,117.5
SR-002780,CNC-03,2026-09-17T15:10:00,2.45,62.0,8309,22.9,6.12,121.3
SR-002781,CNC-03,2026-09-17T15:20:00,2.19,62.5,8555,22.6,6.12,122.0
SR-002782,CNC-03,2026-09-17T15:30:00,2.36,62.3,8474,22.8,5.97,117.6
SR-002783,CNC-03,2026-09-17T15:40:00,2.39,63.5,8553,22.5,6.42,117.9
SR-002784,CNC-03,2026-09-17T15:50:00,2.27,63.3,8614,21.0,6.25,117.3
SR-002785,CNC-03,2026-09-17T16:00:00,2.48,62.6,8425,21.2,6.3,111.8
SR-002786,CNC-03,2026-09-17T16:10:00,2.29,62.4,8641,23.9,6.2,119.9
SR-002787,CNC-03,2026-09-17T16:20:00,2.37,61.7,8689,22.3,6.04,121.9
SR-002788,CNC-03,2026-09-17T16:30:00,2.44,61.4,8695,19.8,6.09,119.5
SR-002789,CNC-03,2026-09-17T16:40:00,2.5,62.2,8498,21.7,6.18,119.2
SR-002790,CNC-03,2026-09-17T16:50:00,2.32,61.5,8768,22.0,6.22,115.4
SR-002791,CNC-03,2026-09-17T17:00:00,2.35,64.0,8257,20.9,6.15,117.6
SR-002792,CNC-03,2026-09-17T17:10:00,2.23,61.6,8573,22.3,6.28,118.5
SR-002793,CNC-03,2026-09-17T17:20:00,2.51,63.1,8570,20.4,6.51,116.8
SR-002794,CNC-03,2026-09-17T17:30:00,2.73,62.0,8550,21.6,6.31,118.6
SR-002795,CNC-03,2026-09-17T17:40:00,2.34,62.0,8830,22.7,6.18,120.0
SR-002796,CNC-03,2026-09-17T17:50:00,2.35,62.3,8306,21.1,6.23,117.0
SR-002797,CNC-03,2026-09-17T18:00:00,2.33,62.0,8487,21.8,6.36,118.6
SR-002798,CNC-03,2026-09-17T18:10:00,2.39,62.6,8543,21.0,6.28,120.7
SR-002799,CNC-03,2026-09-17T18:20:00,2.52,61.2,8484,21.1,6.37,116.8
SR-002800,CNC-03,2026-09-17T18:30:00,2.37,60.9,8497,22.7,6.07,118.6
SR-002801,CNC-03,2026-09-17T18:40:00,2.25,61.3,8312,20.8,6.29,112.8
SR-002802,CNC-03,2026-09-17T18:50:00,2.46,62.3,8403,22.3,6.32,112.1
SR-002803,CNC-03,2026-09-17T19:00:00,2.44,63.2,8433,24.2,6.27,118.6
SR-002804,CNC-03,2026-09-17T19:10:00,2.42,61.2,8483,21.6,6.07,118.1
SR-002805,CNC-03,2026-09-17T19:20:00,2.18,61.2,8519,22.8,6.2,121.9
SR-002806,CNC-03,2026-09-17T19:30:00,2.61,61.7,8539,22.6,6.05,121.7
SR-002807,CNC-03,2026-09-17T19:40:00,2.42,61.9,8514,21.4,6.37,117.5
SR-002808,CNC-03,2026-09-17T19:50:00,2.51,61.3,8482,22.5,6.24,118.6
SR-002809,CNC-03,2026-09-17T20:00:00,2.43,60.7,8640,22.5,6.06,114.2
SR-002810,CNC-03,2026-09-17T20:10:00,2.41,60.9,8481,21.9,6.21,117.4
SR-002811,CNC-03,2026-09-17T20:20:00,2.32,60.0,8433,22.4,6.33,120.7
SR-002812,CNC-03,2026-09-17T20:30:00,2.14,62.2,8480,22.6,6.24,121.5
SR-002813,CNC-03,2026-09-17T20:40:00,2.48,62.2,8474,21.9,5.95,118.1
SR-002814,CNC-03,2026-09-17T20:50:00,2.37,60.9,8642,22.0,6.19,120.1
SR-002815,CNC-03,2026-09-17T21:00:00,2.53,61.6,8506,20.3,6.13,117.4
SR-002816,CNC-03,2026-09-17T21:10:00,2.19,61.5,8642,21.5,6.24,118.2
SR-002817,CNC-03,2026-09-17T21:20:00,2.33,62.8,8584,22.6,6.18,117.9
SR-002818,CNC-03,2026-09-17T21:30:00,2.46,62.7,8450,21.5,6.18,117.8
SR-002819,CNC-03,2026-09-17T21:40:00,2.42,60.3,8502,21.8,6.09,117.5
SR-002820,CNC-03,2026-09-17T21:50:00,2.57,61.5,8440,22.2,6.13,118.1
SR-002821,CNC-03,2026-09-17T22:00:00,2.41,60.4,8473,20.4,6.2,115.5
SR-002822,CNC-03,2026-09-17T22:10:00,2.45,60.5,8490,21.9,6.17,113.7
SR-002823,CNC-03,2026-09-17T22:20:00,2.2,61.7,8336,22.6,6.06,115.7
SR-002824,CNC-03,2026-09-17T22:30:00,2.39,62.6,8585,20.8,6.03,119.9
SR-002825,CNC-03,2026-09-17T22:40:00,2.37,60.5,8652,22.0,5.99,116.3
SR-002826,CNC-03,2026-09-17T22:50:00,2.42,60.0,8630,21.9,6.04,116.5
SR-002827,CNC-03,2026-09-17T23:00:00,2.39,60.3,8409,22.3,6.24,117.8
SR-002828,CNC-03,2026-09-17T23:10:00,2.3,61.3,8273,22.9,6.06,119.2
SR-002829,CNC-03,2026-09-17T23:20:00,2.41,61.1,8671,20.4,6.24,114.9
SR-002830,CNC-03,2026-09-17T23:30:00,2.47,61.3,8406,21.5,6.22,121.0
SR-002831,CNC-03,2026-09-17T23:40:00,2.18,60.8,8525,22.6,6.33,121.8
SR-002832,CNC-03,2026-09-17T23:50:00,2.27,61.6,8778,21.6,6.19,116.6
SR-002833,CNC-03,2026-09-18T00:00:00,2.24,61.4,8617,22.4,6.2,112.9
SR-002834,CNC-03,2026-09-18T00:10:00,2.52,61.0,8356,23.7,6.1,122.1
SR-002835,CNC-03,2026-09-18T00:20:00,2.53,60.5,8281,22.5,6.17,118.0
SR-002836,CNC-03,2026-09-18T00:30:00,2.63,59.7,8487,22.7,6.38,120.4
SR-002837,CNC-03,2026-09-18T00:40:00,2.4,62.3,8502,21.5,6.34,119.6
SR-002838,CNC-03,2026-09-18T00:50:00,2.42,60.7,8532,22.2,6.15,114.5
SR-002839,CNC-03,2026-09-18T01:00:00,2.56,61.6,8228,22.2,6.04,117.4
SR-002840,CNC-03,2026-09-18T01:10:00,2.33,60.5,8569,22.4,6.22,118.3
SR-002841,CNC-03,2026-09-18T01:20:00,2.57,61.5,8453,21.8,6.37,119.3
SR-002842,CNC-03,2026-09-18T01:30:00,2.19,61.6,8523,22.8,6.36,118.0
SR-002843,CNC-03,2026-09-18T01:40:00,2.39,60.1,8449,20.9,6.07,115.8
SR-002844,CNC-03,2026-09-18T01:50:00,2.42,60.6,8374,20.7,6.14,114.9
SR-002845,CNC-03,2026-09-18T02:00:00,2.46,62.6,8503,21.3,5.97,119.2
SR-002846,CNC-03,2026-09-18T02:10:00,2.36,62.0,8595,21.1,6.03,121.5
SR-002847,CNC-03,2026-09-18T02:20:00,2.42,61.8,8539,23.4,6.13,119.1
SR-002848,CNC-03,2026-09-18T02:30:00,2.11,61.0,8581,20.9,6.19,117.5
SR-002849,CNC-03,2026-09-18T02:40:00,2.36,61.4,8174,21.4,6.14,112.0
SR-002850,CNC-03,2026-09-18T02:50:00,2.15,61.7,8773,22.4,6.17,114.5
SR-002851,CNC-03,2026-09-18T03:00:00,2.42,61.4,8597,23.1,6.28,119.3
SR-002852,CNC-03,2026-09-18T03:10:00,2.25,60.8,8550,21.7,6.35,118.2
SR-002853,CNC-03,2026-09-18T03:20:00,2.55,61.7,8479,21.1,6.04,117.5
SR-002854,CNC-03,2026-09-18T03:30:00,2.45,61.9,8749,20.7,6.02,119.0
SR-002855,CNC-03,2026-09-18T03:40:00,2.49,60.5,8616,23.5,6.13,118.0
SR-002856,CNC-03,2026-09-18T03:50:00,2.33,61.8,8332,20.7,6.1,114.9
SR-002857,CNC-03,2026-09-18T04:00:00,2.51,60.9,8531,21.0,6.14,119.8
SR-002858,CNC-03,2026-09-18T04:10:00,2.45,60.0,8561,23.0,6.06,118.1
SR-002859,CNC-03,2026-09-18T04:20:00,2.57,61.2,8509,22.5,6.17,118.0
SR-002860,CNC-03,2026-09-18T04:30:00,2.6,61.7,8549,23.5,6.22,113.4
SR-002861,CNC-03,2026-09-18T04:40:00,2.25,61.1,8485,22.1,6.37,120.5
SR-002862,CNC-03,2026-09-18T04:50:00,2.34,61.0,8566,21.4,6.09,115.1
SR-002863,CNC-03,2026-09-18T05:00:00,2.33,60.6,8423,23.4,6.26,114.8
SR-002864,CNC-03,2026-09-18T05:10:00,2.42,62.7,8462,21.8,6.34,120.1
SR-002865,CNC-03,2026-09-18T05:20:00,2.12,62.0,8654,21.0,6.27,120.7
SR-002866,CNC-03,2026-09-18T05:30:00,2.27,61.4,8472,22.3,6.12,116.1
SR-002867,CNC-03,2026-09-18T05:40:00,2.5,61.7,8354,22.3,6.29,114.1
SR-002868,CNC-03,2026-09-18T05:50:00,2.46,61.0,8468,22.5,6.08,116.6
SR-002869,CNC-03,2026-09-18T06:00:00,2.54,62.0,8523,22.8,6.13,118.7
SR-002870,CNC-03,2026-09-18T06:10:00,2.44,62.0,8603,22.8,5.89,115.3
SR-002871,CNC-03,2026-09-18T06:20:00,2.42,61.7,8452,22.5,6.12,117.1
SR-002872,CNC-03,2026-09-18T06:30:00,2.39,61.3,8546,20.7,6.23,117.5
SR-002873,CNC-03,2026-09-18T06:40:00,2.67,62.9,8878,21.6,6.19,116.5
SR-002874,CNC-03,2026-09-18T06:50:00,2.43,61.6,8486,22.8,6.35,117.5
SR-002875,CNC-03,2026-09-18T07:00:00,2.36,63.1,8655,22.2,6.24,114.8
SR-002876,CNC-03,2026-09-18T07:10:00,2.5,63.3,8326,20.9,6.39,114.0
SR-002877,CNC-03,2026-09-18T07:20:00,2.31,62.5,8491,22.5,6.23,117.7
SR-002878,CNC-03,2026-09-18T07:30:00,2.35,62.7,8527,21.7,6.54,119.3
SR-002879,CNC-03,2026-09-18T07:40:00,2.4,62.1,8644,21.7,6.15,120.6
SR-002880,CNC-03,2026-09-18T07:50:00,2.47,61.6,8310,21.9,6.0,117.2
SR-002881,CNC-03,2026-09-18T08:00:00,2.15,62.9,8595,21.0,6.37,120.4
SR-002882,CNC-03,2026-09-18T08:10:00,2.6,63.8,8662,22.5,6.17,118.9
SR-002883,CNC-03,2026-09-18T08:20:00,2.38,64.2,8312,23.6,6.28,115.5
SR-002884,CNC-03,2026-09-18T08:30:00,2.6,63.9,8385,23.2,6.25,113.3
SR-002885,CNC-03,2026-09-18T08:40:00,2.46,63.2,8701,21.7,6.12,118.0
SR-002886,CNC-03,2026-09-18T08:50:00,2.5,63.0,8577,21.8,6.17,121.5
SR-002887,CNC-03,2026-09-18T09:00:00,2.32,62.9,8628,23.7,6.03,115.5
SR-002888,CNC-03,2026-09-18T09:10:00,2.25,62.5,8540,21.3,6.37,121.3
SR-002889,CNC-03,2026-09-18T09:20:00,2.34,63.4,8566,21.7,6.26,116.2
SR-002890,CNC-03,2026-09-18T09:30:00,2.34,63.6,8600,20.4,6.12,119.4
SR-002891,CNC-03,2026-09-18T09:40:00,2.33,62.8,8476,21.1,6.51,117.4
SR-002892,CNC-03,2026-09-18T09:50:00,2.29,64.3,8508,21.4,6.15,113.3
SR-002893,CNC-03,2026-09-18T10:00:00,2.39,62.2,8235,21.4,6.34,118.1
SR-002894,CNC-03,2026-09-18T10:10:00,2.26,62.1,8338,22.5,6.17,119.6
SR-002895,CNC-03,2026-09-18T10:20:00,2.51,63.8,8643,23.0,6.07,115.0
SR-002896,CNC-03,2026-09-18T10:30:00,2.58,62.1,8496,21.9,6.27,120.4
SR-002897,CNC-03,2026-09-18T10:40:00,2.31,61.3,8606,21.4,6.25,116.0
SR-002898,CNC-03,2026-09-18T10:50:00,2.43,62.5,8410,23.0,6.28,118.2
SR-002899,CNC-03,2026-09-18T11:00:00,2.37,63.3,8429,21.8,6.35,120.4
SR-002900,CNC-03,2026-09-18T11:10:00,2.35,63.1,8507,23.5,6.25,118.8
SR-002901,CNC-03,2026-09-18T11:20:00,2.4,62.4,8319,21.2,6.06,116.3
SR-002902,CNC-03,2026-09-18T11:30:00,2.56,64.9,8422,20.9,6.26,119.1
SR-002903,CNC-03,2026-09-18T11:40:00,2.44,63.6,8416,23.3,5.96,115.1
SR-002904,CNC-03,2026-09-18T11:50:00,2.35,63.1,8383,22.2,6.17,118.0
SR-002905,CNC-03,2026-09-18T12:00:00,2.38,63.7,8346,20.6,6.22,116.0
SR-002906,CNC-03,2026-09-18T12:10:00,2.24,61.9,8526,21.1,6.26,118.0
SR-002907,CNC-03,2026-09-18T12:20:00,2.35,62.8,8560,21.7,6.05,117.7
SR-002908,CNC-03,2026-09-18T12:30:00,2.49,62.2,8521,23.9,6.14,118.5
SR-002909,CNC-03,2026-09-18T12:40:00,2.22,64.2,8468,21.4,6.23,118.3
SR-002910,CNC-03,2026-09-18T12:50:00,2.36,63.6,8546,22.3,6.2,122.7
SR-002911,CNC-03,2026-09-18T13:00:00,2.52,62.4,8468,23.6,6.08,112.7
SR-002912,CNC-03,2026-09-18T13:10:00,2.49,62.0,8511,23.4,6.17,118.3
SR-002913,CNC-03,2026-09-18T13:20:00,2.55,62.7,8846,21.7,5.78,116.7
SR-002914,CNC-03,2026-09-18T13:30:00,2.23,62.7,8447,22.2,6.36,118.5
SR-002915,CNC-03,2026-09-18T13:40:00,2.41,61.8,8514,23.1,6.09,115.6
SR-002916,CNC-03,2026-09-18T13:50:00,2.22,62.4,8580,21.0,6.23,114.9
SR-002917,CNC-03,2026-09-18T14:00:00,2.53,62.7,8505,21.4,6.01,116.8
SR-002918,CNC-03,2026-09-18T14:10:00,2.51,62.2,8441,22.4,6.17,117.8
SR-002919,CNC-03,2026-09-18T14:20:00,2.49,62.4,8681,21.9,6.11,117.6
SR-002920,CNC-03,2026-09-18T14:30:00,2.2,62.2,8428,22.3,6.09,119.8
SR-002921,CNC-03,2026-09-18T14:40:00,2.37,62.9,8629,22.7,6.19,117.0
SR-002922,CNC-03,2026-09-18T14:50:00,2.48,63.3,8663,22.9,6.12,116.0
SR-002923,CNC-03,2026-09-18T15:00:00,2.31,61.0,8743,21.3,6.2,121.6
SR-002924,CNC-03,2026-09-18T15:10:00,2.59,62.7,8482,22.3,6.12,116.7
SR-002925,CNC-03,2026-09-18T15:20:00,2.43,62.7,8350,22.1,6.03,114.0
SR-002926,CNC-03,2026-09-18T15:30:00,2.35,61.3,8339,22.9,6.4,113.1
SR-002927,CNC-03,2026-09-18T15:40:00,2.32,63.0,8583,20.7,6.3,120.4
SR-002928,CNC-03,2026-09-18T15:50:00,2.33,61.6,8515,21.1,6.25,124.8
SR-002929,CNC-03,2026-09-18T16:00:00,2.62,61.7,8427,21.7,6.17,113.6
SR-002930,CNC-03,2026-09-18T16:10:00,2.38,63.3,8408,21.7,6.23,121.7
SR-002931,CNC-03,2026-09-18T16:20:00,2.29,64.1,8550,22.6,6.18,116.2
SR-002932,CNC-03,2026-09-18T16:30:00,2.54,62.1,8377,21.9,5.93,118.9
SR-002933,CNC-03,2026-09-18T16:40:00,2.46,61.5,8547,22.8,6.2,120.1
SR-002934,CNC-03,2026-09-18T16:50:00,2.43,62.9,8420,21.8,6.13,119.8
SR-002935,CNC-03,2026-09-18T17:00:00,2.53,61.8,8582,21.3,6.22,118.3
SR-002936,CNC-03,2026-09-18T17:10:00,2.51,62.5,8578,22.2,6.21,117.6
SR-002937,CNC-03,2026-09-18T17:20:00,2.49,62.3,8469,21.4,6.37,118.3
SR-002938,CNC-03,2026-09-18T17:30:00,2.49,61.0,8768,21.7,6.23,120.3
SR-002939,CNC-03,2026-09-18T17:40:00,2.33,62.2,8515,22.1,6.26,118.8
SR-002940,CNC-03,2026-09-18T17:50:00,2.71,61.8,8446,21.7,6.28,113.7
SR-002941,CNC-03,2026-09-18T18:00:00,2.46,62.6,8699,23.1,6.16,117.1
SR-002942,CNC-03,2026-09-18T18:10:00,2.57,61.4,8358,22.4,6.2,121.2
SR-002943,CNC-03,2026-09-18T18:20:00,2.71,62.4,8386,21.8,6.12,117.1
SR-002944,CNC-03,2026-09-18T18:30:00,2.52,61.9,8223,22.8,6.13,119.5
SR-002945,CNC-03,2026-09-18T18:40:00,2.38,61.0,8764,23.6,6.22,117.3
SR-002946,CNC-03,2026-09-18T18:50:00,2.31,61.6,8306,20.0,6.15,115.0
SR-002947,CNC-03,2026-09-18T19:00:00,2.52,59.9,8402,22.4,6.32,121.2
SR-002948,CNC-03,2026-09-18T19:10:00,2.3,61.3,8479,21.4,5.99,118.5
SR-002949,CNC-03,2026-09-18T19:20:00,2.22,62.2,8521,21.9,6.34,118.4
SR-002950,CNC-03,2026-09-18T19:30:00,2.33,61.0,8274,20.7,6.25,116.6
SR-002951,CNC-03,2026-09-18T19:40:00,2.43,61.3,8271,20.1,6.4,117.5
SR-002952,CNC-03,2026-09-18T19:50:00,2.45,61.4,8262,22.7,6.12,121.2
SR-002953,CNC-03,2026-09-18T20:00:00,2.32,61.1,8557,23.6,6.18,117.0
SR-002954,CNC-03,2026-09-18T20:10:00,2.55,62.0,8403,21.9,6.3,117.3
SR-002955,CNC-03,2026-09-18T20:20:00,2.25,62.0,8418,22.9,6.45,118.2
SR-002956,CNC-03,2026-09-18T20:30:00,2.45,61.3,8363,21.3,6.21,117.1
SR-002957,CNC-03,2026-09-18T20:40:00,2.29,60.7,8543,22.6,6.38,119.4
SR-002958,CNC-03,2026-09-18T20:50:00,2.49,61.9,8534,22.4,6.22,119.6
SR-002959,CNC-03,2026-09-18T21:00:00,2.43,61.3,8430,22.0,6.09,117.3
SR-002960,CNC-03,2026-09-18T21:10:00,2.21,60.9,8376,21.1,6.3,118.5
SR-002961,CNC-03,2026-09-18T21:20:00,2.27,60.2,8441,21.8,6.26,119.2
SR-002962,CNC-03,2026-09-18T21:30:00,2.62,61.3,8384,22.7,6.08,121.2
SR-002963,CNC-03,2026-09-18T21:40:00,2.62,61.5,8546,22.2,6.32,116.5
SR-002964,CNC-03,2026-09-18T21:50:00,2.36,61.0,8455,21.0,6.13,114.4
SR-002965,CNC-03,2026-09-18T22:00:00,2.56,60.1,8522,20.9,6.13,119.6
SR-002966,CNC-03,2026-09-18T22:10:00,2.45,61.0,8478,21.9,6.18,117.9
SR-002967,CNC-03,2026-09-18T22:20:00,2.29,59.6,8536,23.1,6.03,119.8
SR-002968,CNC-03,2026-09-18T22:30:00,2.48,61.9,8398,20.8,6.29,117.9
SR-002969,CNC-03,2026-09-18T22:40:00,2.45,62.0,8357,23.0,6.41,117.1
SR-002970,CNC-03,2026-09-18T22:50:00,2.48,60.6,8731,19.7,6.04,121.0
SR-002971,CNC-03,2026-09-18T23:00:00,2.33,61.1,8471,24.1,6.13,115.2
SR-002972,CNC-03,2026-09-18T23:10:00,2.69,60.8,8753,21.6,6.08,115.9
SR-002973,CNC-03,2026-09-18T23:20:00,2.52,59.4,8265,21.0,6.15,115.5
SR-002974,CNC-03,2026-09-18T23:30:00,2.44,60.8,8503,21.9,6.17,116.0
SR-002975,CNC-03,2026-09-18T23:40:00,2.56,60.2,8361,23.1,6.05,116.4
SR-002976,CNC-03,2026-09-18T23:50:00,2.45,59.4,8375,22.4,6.21,115.3
SR-002977,CNC-03,2026-09-19T00:00:00,2.49,61.3,8588,22.5,6.2,120.6
SR-002978,CNC-03,2026-09-19T00:10:00,2.57,60.0,8625,22.9,6.16,117.6
SR-002979,CNC-03,2026-09-19T00:20:00,2.49,62.3,8543,21.6,6.13,115.1
SR-002980,CNC-03,2026-09-19T00:30:00,2.38,62.8,8377,22.5,6.28,114.4
SR-002981,CNC-03,2026-09-19T00:40:00,2.15,61.0,8469,23.2,6.03,117.6
SR-002982,CNC-03,2026-09-19T00:50:00,2.59,60.8,8519,21.1,6.24,115.5
SR-002983,CNC-03,2026-09-19T01:00:00,2.4,60.6,8601,21.3,6.45,119.1
SR-002984,CNC-03,2026-09-19T01:10:00,2.27,61.1,8484,22.3,6.09,115.5
SR-002985,CNC-03,2026-09-19T01:20:00,2.56,60.6,8369,22.9,6.19,120.2
SR-002986,CNC-03,2026-09-19T01:30:00,2.52,61.4,8346,22.7,6.09,118.3
SR-002987,CNC-03,2026-09-19T01:40:00,2.41,61.1,8404,22.8,6.4,118.2
SR-002988,CNC-03,2026-09-19T01:50:00,2.44,61.4,8221,20.1,6.28,115.6
SR-002989,CNC-03,2026-09-19T02:00:00,2.18,62.2,8643,21.3,6.15,120.2
SR-002990,CNC-03,2026-09-19T02:10:00,2.3,60.9,8494,21.2,6.19,117.4
SR-002991,CNC-03,2026-09-19T02:20:00,2.44,60.7,8479,22.5,6.41,115.5
SR-002992,CNC-03,2026-09-19T02:30:00,2.47,61.9,8559,22.7,6.33,117.1
SR-002993,CNC-03,2026-09-19T02:40:00,2.48,61.8,8715,22.5,6.14,116.6
SR-002994,CNC-03,2026-09-19T02:50:00,2.44,62.2,8553,22.5,6.32,115.2
SR-002995,CNC-03,2026-09-19T03:00:00,2.51,61.8,8527,21.2,6.23,114.8
SR-002996,CNC-03,2026-09-19T03:10:00,2.54,61.0,8463,23.6,6.11,120.3
SR-002997,CNC-03,2026-09-19T03:20:00,2.48,60.7,8651,21.8,6.35,117.1
SR-002998,CNC-03,2026-09-19T03:30:00,2.35,61.3,8516,21.0,6.08,119.5
SR-002999,CNC-03,2026-09-19T03:40:00,2.43,61.6,8822,22.6,6.23,116.0
SR-003000,CNC-03,2026-09-19T03:50:00,2.48,62.2,8677,21.7,6.26,117.8
SR-003001,CNC-03,2026-09-19T04:00:00,2.45,61.1,8541,22.1,6.16,120.2
SR-003002,CNC-03,2026-09-19T04:10:00,2.38,62.2,8630,21.5,6.13,120.2
SR-003003,CNC-03,2026-09-19T04:20:00,2.21,60.9,8524,21.0,6.0,122.4
SR-003004,CNC-03,2026-09-19T04:30:00,2.48,61.6,8514,20.9,6.2,116.8
SR-003005,CNC-03,2026-09-19T04:40:00,2.29,62.5,8410,20.9,6.11,118.4
SR-003006,CNC-03,2026-09-19T04:50:00,2.38,62.2,8481,22.0,6.3,124.1
SR-003007,CNC-03,2026-09-19T05:00:00,2.45,62.1,8188,24.0,6.35,118.8
SR-003008,CNC-03,2026-09-19T05:10:00,2.52,62.0,8807,23.4,6.2,118.8
SR-003009,CNC-03,2026-09-19T05:20:00,2.45,61.5,8418,22.4,6.1,114.7
SR-003010,CNC-03,2026-09-19T05:30:00,2.37,61.0,8538,22.7,5.86,118.5
SR-003011,CNC-03,2026-09-19T05:40:00,2.21,61.4,8582,22.9,6.22,115.9
SR-003012,CNC-03,2026-09-19T05:50:00,2.58,61.6,8402,22.3,6.2,120.9
SR-003013,CNC-03,2026-09-19T06:00:00,2.37,62.5,8597,23.4,6.33,117.7
SR-003014,CNC-03,2026-09-19T06:10:00,2.3,63.8,8536,21.5,6.15,120.6
SR-003015,CNC-03,2026-09-19T06:20:00,2.27,61.2,8461,21.6,6.17,117.2
SR-003016,CNC-03,2026-09-19T06:30:00,2.26,63.0,8610,21.5,6.14,116.4
SR-003017,CNC-03,2026-09-19T06:40:00,2.31,62.7,8488,23.1,6.17,119.9
SR-003018,CNC-03,2026-09-19T06:50:00,2.38,62.8,8346,20.5,6.36,119.0
SR-003019,CNC-03,2026-09-19T07:00:00,2.45,60.3,8422,22.1,6.21,118.5
SR-003020,CNC-03,2026-09-19T07:10:00,2.6,62.6,8337,20.6,6.31,116.4
SR-003021,CNC-03,2026-09-19T07:20:00,2.49,61.3,8649,22.6,6.08,122.1
SR-003022,CNC-03,2026-09-19T07:30:00,2.45,62.5,8410,21.7,6.28,120.9
SR-003023,CNC-03,2026-09-19T07:40:00,2.41,61.6,8352,23.2,6.27,116.1
SR-003024,CNC-03,2026-09-19T07:50:00,2.5,62.7,8432,20.9,6.3,119.4
SR-003025,CNC-03,2026-09-19T08:00:00,2.4,62.6,8427,20.8,6.25,121.2
SR-003026,CNC-03,2026-09-19T08:10:00,2.47,60.6,8637,23.1,6.1,115.6
SR-003027,CNC-03,2026-09-19T08:20:00,2.63,62.2,8429,23.2,5.95,116.0
SR-003028,CNC-03,2026-09-19T08:30:00,2.4,62.9,8654,21.7,6.31,118.7
SR-003029,CNC-03,2026-09-19T08:40:00,2.12,62.9,8498,22.2,6.33,118.9
SR-003030,CNC-03,2026-09-19T08:50:00,2.28,62.4,8480,22.8,6.16,117.8
SR-003031,CNC-03,2026-09-19T09:00:00,2.56,62.4,8595,23.5,6.1,115.0
SR-003032,CNC-03,2026-09-19T09:10:00,2.63,63.1,8519,20.0,6.0,114.8
SR-003033,CNC-03,2026-09-19T09:20:00,2.41,62.9,8483,23.0,6.25,115.6
SR-003034,CNC-03,2026-09-19T09:30:00,2.6,62.1,8361,22.5,6.19,118.5
SR-003035,CNC-03,2026-09-19T09:40:00,2.55,63.3,8472,21.1,6.25,120.1
SR-003036,CNC-03,2026-09-19T09:50:00,2.29,63.6,8742,24.0,6.14,121.1
SR-003037,CNC-03,2026-09-19T10:00:00,2.31,62.5,8477,22.0,6.2,119.6
SR-003038,CNC-03,2026-09-19T10:10:00,2.24,63.6,8831,21.8,6.31,121.0
SR-003039,CNC-03,2026-09-19T10:20:00,2.45,63.2,8366,21.5,6.1,120.0
SR-003040,CNC-03,2026-09-19T10:30:00,2.41,62.5,8533,20.3,6.28,118.6
SR-003041,CNC-03,2026-09-19T10:40:00,2.35,62.1,8620,21.2,6.09,123.3
SR-003042,CNC-03,2026-09-19T10:50:00,2.39,62.2,8503,21.5,6.25,118.2
SR-003043,CNC-03,2026-09-19T11:00:00,2.25,63.3,8486,20.8,6.11,116.4
SR-003044,CNC-03,2026-09-19T11:10:00,2.46,63.7,8438,23.1,5.9,121.2
SR-003045,CNC-03,2026-09-19T11:20:00,2.4,62.6,8621,23.5,5.98,116.0
SR-003046,CNC-03,2026-09-19T11:30:00,2.39,62.2,8491,23.2,6.37,117.4
SR-003047,CNC-03,2026-09-19T11:40:00,2.36,62.7,8648,22.2,6.16,117.7
SR-003048,CNC-03,2026-09-19T11:50:00,2.57,62.1,8537,21.8,6.3,120.7
SR-003049,CNC-03,2026-09-19T12:00:00,2.35,62.1,8470,22.7,6.25,113.6
SR-003050,CNC-03,2026-09-19T12:10:00,2.44,62.8,8436,22.9,6.01,113.9
SR-003051,CNC-03,2026-09-19T12:20:00,2.38,62.8,8515,22.3,6.24,117.4
SR-003052,CNC-03,2026-09-19T12:30:00,2.34,62.9,8629,19.9,6.32,117.8
SR-003053,CNC-03,2026-09-19T12:40:00,2.52,61.7,8477,22.9,6.09,120.8
SR-003054,CNC-03,2026-09-19T12:50:00,2.25,62.1,8524,21.3,6.24,119.8
SR-003055,CNC-03,2026-09-19T13:00:00,2.19,63.2,8546,22.0,6.23,121.1
SR-003056,CNC-03,2026-09-19T13:10:00,2.22,61.5,8475,23.3,6.13,118.5
SR-003057,CNC-03,2026-09-19T13:20:00,2.58,62.3,8641,21.0,6.29,120.6
SR-003058,CNC-03,2026-09-19T13:30:00,2.4,63.0,8202,21.9,6.13,121.8
SR-003059,CNC-03,2026-09-19T13:40:00,2.21,62.7,8389,21.5,6.31,117.3
SR-003060,CNC-03,2026-09-19T13:50:00,2.33,62.4,8624,21.5,6.13,121.9
SR-003061,CNC-03,2026-09-19T14:00:00,2.5,61.7,8591,21.9,6.08,114.9
SR-003062,CNC-03,2026-09-19T14:10:00,2.6,62.9,8465,20.6,6.26,120.4
SR-003063,CNC-03,2026-09-19T14:20:00,2.53,62.4,8514,22.5,6.22,116.2
SR-003064,CNC-03,2026-09-19T14:30:00,2.35,60.4,8347,21.0,6.37,122.8
SR-003065,CNC-03,2026-09-19T14:40:00,2.29,62.2,8386,21.5,6.17,117.9
SR-003066,CNC-03,2026-09-19T14:50:00,2.42,61.5,8822,20.6,6.29,116.7
SR-003067,CNC-03,2026-09-19T15:00:00,2.45,63.4,8500,22.3,6.32,115.7
SR-003068,CNC-03,2026-09-19T15:10:00,2.44,62.3,8652,22.4,6.42,120.2
SR-003069,CNC-03,2026-09-19T15:20:00,2.49,63.7,8553,22.5,6.49,119.5
SR-003070,CNC-03,2026-09-19T15:30:00,2.57,61.9,8552,21.7,6.12,119.3
SR-003071,CNC-03,2026-09-19T15:40:00,2.54,63.4,8383,21.3,6.14,115.4
SR-003072,CNC-03,2026-09-19T15:50:00,2.06,63.3,8735,22.4,6.08,115.9
SR-003073,CNC-03,2026-09-19T16:00:00,2.41,63.1,8667,22.9,6.11,116.1
SR-003074,CNC-03,2026-09-19T16:10:00,2.41,61.7,8322,21.7,6.07,118.6
SR-003075,CNC-03,2026-09-19T16:20:00,2.42,64.0,8560,22.7,6.25,118.7
SR-003076,CNC-03,2026-09-19T16:30:00,2.17,62.8,8306,20.6,6.22,118.0
SR-003077,CNC-03,2026-09-19T16:40:00,2.19,62.2,8690,23.4,6.14,116.1
SR-003078,CNC-03,2026-09-19T16:50:00,2.28,62.1,8596,21.9,6.43,116.3
SR-003079,CNC-03,2026-09-19T17:00:00,2.63,61.7,8467,22.9,6.22,120.1
SR-003080,CNC-03,2026-09-19T17:10:00,2.62,61.3,8108,21.9,6.23,115.7
SR-003081,CNC-03,2026-09-19T17:20:00,2.36,62.8,8559,21.9,6.25,121.2
SR-003082,CNC-03,2026-09-19T17:30:00,2.42,61.0,8516,21.6,6.18,119.8
SR-003083,CNC-03,2026-09-19T17:40:00,2.44,62.5,8571,22.4,6.02,116.7
SR-003084,CNC-03,2026-09-19T17:50:00,2.36,61.0,8442,20.7,6.09,117.5
SR-003085,CNC-03,2026-09-19T18:00:00,2.33,62.7,8455,22.1,6.34,120.6
SR-003086,CNC-03,2026-09-19T18:10:00,2.37,62.3,8514,21.3,6.21,116.2
SR-003087,CNC-03,2026-09-19T18:20:00,2.33,62.8,8546,22.2,6.07,117.7
SR-003088,CNC-03,2026-09-19T18:30:00,2.52,62.7,8563,22.4,6.19,117.1
SR-003089,CNC-03,2026-09-19T18:40:00,2.38,61.9,8439,23.2,6.04,117.2
SR-003090,CNC-03,2026-09-19T18:50:00,2.33,61.7,8471,22.3,6.15,114.5
SR-003091,CNC-03,2026-09-19T19:00:00,2.46,60.9,8311,22.2,6.22,118.8
SR-003092,CNC-03,2026-09-19T19:10:00,2.56,61.6,8521,23.0,6.14,115.2
SR-003093,CNC-03,2026-09-19T19:20:00,2.56,62.0,8770,21.2,6.12,119.1
SR-003094,CNC-03,2026-09-19T19:30:00,2.36,62.2,8555,22.4,6.24,117.3
SR-003095,CNC-03,2026-09-19T19:40:00,2.44,62.5,8409,22.5,6.17,116.6
SR-003096,CNC-03,2026-09-19T19:50:00,2.47,61.0,8819,20.8,6.46,116.9
SR-003097,CNC-03,2026-09-19T20:00:00,2.31,60.5,8376,20.2,6.34,120.5
SR-003098,CNC-03,2026-09-19T20:10:00,2.31,61.5,8636,21.7,6.25,122.5
SR-003099,CNC-03,2026-09-19T20:20:00,2.58,62.1,8507,22.6,6.09,118.0
SR-003100,CNC-03,2026-09-19T20:30:00,2.32,61.8,8438,21.7,6.36,116.2
SR-003101,CNC-03,2026-09-19T20:40:00,2.38,62.6,8547,21.6,6.22,115.4
SR-003102,CNC-03,2026-09-19T20:50:00,2.42,61.1,8536,20.8,6.13,118.4
SR-003103,CNC-03,2026-09-19T21:00:00,2.28,61.8,8403,21.5,6.3,117.2
SR-003104,CNC-03,2026-09-19T21:10:00,2.2,61.6,8746,21.7,6.17,116.7
SR-003105,CNC-03,2026-09-19T21:20:00,2.68,61.6,8561,21.3,6.13,118.6
SR-003106,CNC-03,2026-09-19T21:30:00,2.4,61.5,8487,21.9,6.31,118.5
SR-003107,CNC-03,2026-09-19T21:40:00,2.47,60.6,8600,22.7,6.18,115.0
SR-003108,CNC-03,2026-09-19T21:50:00,2.51,60.8,8627,22.5,6.06,116.4
SR-003109,CNC-03,2026-09-19T22:00:00,2.22,61.3,8422,21.6,6.18,118.8
SR-003110,CNC-03,2026-09-19T22:10:00,2.45,60.8,8550,23.2,6.17,115.8
SR-003111,CNC-03,2026-09-19T22:20:00,2.35,60.9,8528,22.6,6.21,113.7
SR-003112,CNC-03,2026-09-19T22:30:00,2.49,61.7,8664,21.4,6.16,119.4
SR-003113,CNC-03,2026-09-19T22:40:00,2.16,61.6,8426,22.2,6.18,120.0
SR-003114,CNC-03,2026-09-19T22:50:00,2.46,61.8,8510,21.8,6.39,115.2
SR-003115,CNC-03,2026-09-19T23:00:00,2.4,61.6,8599,20.9,6.0,118.8
SR-003116,CNC-03,2026-09-19T23:10:00,2.56,60.8,8399,22.0,6.33,120.0
SR-003117,CNC-03,2026-09-19T23:20:00,2.44,61.4,8475,20.2,6.35,118.7
SR-003118,CNC-03,2026-09-19T23:30:00,2.37,59.8,8527,22.2,6.14,118.4
SR-003119,CNC-03,2026-09-19T23:40:00,2.35,60.6,8617,23.4,6.37,114.9
SR-003120,CNC-03,2026-09-19T23:50:00,2.46,61.7,8474,22.2,6.42,117.4
SR-003121,CNC-03,2026-09-20T00:00:00,2.52,60.8,8647,23.4,6.38,119.7
SR-003122,CNC-03,2026-09-20T00:10:00,2.36,60.6,8422,20.2,6.2,119.3
SR-003123,CNC-03,2026-09-20T00:20:00,2.4,60.3,8498,22.2,6.31,121.1
SR-003124,CNC-03,2026-09-20T00:30:00,2.47,61.2,8500,22.8,5.99,120.4
SR-003125,CNC-03,2026-09-20T00:40:00,2.48,61.7,8635,23.5,6.12,120.2
SR-003126,CNC-03,2026-09-20T00:50:00,2.39,62.3,8453,23.1,6.19,119.1
SR-003127,CNC-03,2026-09-20T01:00:00,2.24,60.8,8554,21.5,6.14,117.8
SR-003128,CNC-03,2026-09-20T01:10:00,2.31,62.2,8410,23.2,6.3,119.1
SR-003129,CNC-03,2026-09-20T01:20:00,2.55,61.0,8373,20.6,6.27,121.0
SR-003130,CNC-03,2026-09-20T01:30:00,2.33,61.8,8549,21.3,6.22,124.3
SR-003131,CNC-03,2026-09-20T01:40:00,2.34,61.5,8428,21.6,6.15,114.9
SR-003132,CNC-03,2026-09-20T01:50:00,2.5,60.9,8277,21.9,6.13,118.5
SR-003133,CNC-03,2026-09-20T02:00:00,2.45,61.6,8547,21.9,6.21,117.1
SR-003134,CNC-03,2026-09-20T02:10:00,2.51,60.4,8652,23.4,6.06,118.2
SR-003135,CNC-03,2026-09-20T02:20:00,2.35,61.6,8431,22.3,6.29,115.7
SR-003136,CNC-03,2026-09-20T02:30:00,2.44,61.3,8627,22.6,6.17,117.4
SR-003137,CNC-03,2026-09-20T02:40:00,2.44,60.8,8498,21.2,6.02,120.9
SR-003138,CNC-03,2026-09-20T02:50:00,2.47,60.5,8506,22.4,6.22,120.0
SR-003139,CNC-03,2026-09-20T03:00:00,2.38,61.6,8491,22.9,6.28,116.6
SR-003140,CNC-03,2026-09-20T03:10:00,2.21,61.4,8675,22.4,6.25,116.3
SR-003141,CNC-03,2026-09-20T03:20:00,2.46,60.8,8234,22.9,6.33,119.5
SR-003142,CNC-03,2026-09-20T03:30:00,2.26,62.6,8536,23.5,6.18,117.6
SR-003143,CNC-03,2026-09-20T03:40:00,2.39,63.3,8655,21.5,6.08,119.8
SR-003144,CNC-03,2026-09-20T03:50:00,2.26,61.2,8428,19.3,6.3,117.5
SR-003145,CNC-03,2026-09-20T04:00:00,2.27,60.7,8700,23.9,6.15,115.9
SR-003146,CNC-03,2026-09-20T04:10:00,2.46,62.3,8457,21.3,6.03,117.1
SR-003147,CNC-03,2026-09-20T04:20:00,2.43,61.2,8704,22.6,6.19,118.5
SR-003148,CNC-03,2026-09-20T04:30:00,2.29,62.3,8596,22.5,6.23,113.9
SR-003149,CNC-03,2026-09-20T04:40:00,2.62,61.0,8820,20.7,6.15,118.5
SR-003150,CNC-03,2026-09-20T04:50:00,2.75,60.8,8355,22.5,6.41,119.1
SR-003151,CNC-03,2026-09-20T05:00:00,2.44,62.2,8366,22.4,6.26,121.7
SR-003152,CNC-03,2026-09-20T05:10:00,2.24,63.1,8488,22.1,6.29,120.3
SR-003153,CNC-03,2026-09-20T05:20:00,2.17,62.5,8745,22.4,6.01,118.7
SR-003154,CNC-03,2026-09-20T05:30:00,2.37,64.2,8488,22.3,6.4,120.0
SR-003155,CNC-03,2026-09-20T05:40:00,2.39,60.8,8311,21.6,6.3,119.6
SR-003156,CNC-03,2026-09-20T05:50:00,2.46,62.2,8664,22.6,6.06,120.1
SR-003157,CNC-03,2026-09-20T06:00:00,2.33,62.5,8518,20.7,6.17,118.8
SR-003158,CNC-03,2026-09-20T06:10:00,2.4,61.8,8380,23.1,6.24,118.6
SR-003159,CNC-03,2026-09-20T06:20:00,2.49,63.5,8498,20.6,6.11,120.7
SR-003160,CNC-03,2026-09-20T06:30:00,2.41,62.3,8506,20.7,6.05,120.7
SR-003161,CNC-03,2026-09-20T06:40:00,2.43,62.1,8547,21.8,6.17,120.8
SR-003162,CNC-03,2026-09-20T06:50:00,2.35,62.2,8647,22.6,6.28,122.2
SR-003163,CNC-03,2026-09-20T07:00:00,2.34,63.0,8582,22.1,6.24,119.6
SR-003164,CNC-03,2026-09-20T07:10:00,2.3,62.5,8692,22.5,6.29,118.0
SR-003165,CNC-03,2026-09-20T07:20:00,2.54,62.1,8280,23.0,6.36,117.7
SR-003166,CNC-03,2026-09-20T07:30:00,2.26,63.1,8586,21.0,6.1,115.1
SR-003167,CNC-03,2026-09-20T07:40:00,2.33,61.9,8422,21.2,6.15,113.3
SR-003168,CNC-03,2026-09-20T07:50:00,2.48,63.1,8609,24.0,6.24,119.2
SR-003169,CNC-03,2026-09-20T08:00:00,2.36,61.7,8545,23.0,6.23,117.5
SR-003170,CNC-03,2026-09-20T08:10:00,2.53,61.7,8607,22.7,6.12,117.9
SR-003171,CNC-03,2026-09-20T08:20:00,2.42,61.7,8453,21.8,6.17,117.6
SR-003172,CNC-03,2026-09-20T08:30:00,2.26,64.0,8618,21.8,6.24,120.9
SR-003173,CNC-03,2026-09-20T08:40:00,2.35,62.3,8381,21.3,6.36,116.8
SR-003174,CNC-03,2026-09-20T08:50:00,2.47,62.6,8523,23.6,6.14,115.9
SR-003175,CNC-03,2026-09-20T09:00:00,2.39,61.6,8603,23.3,6.24,116.7
SR-003176,CNC-03,2026-09-20T09:10:00,2.18,63.0,8503,22.2,6.28,116.1
SR-003177,CNC-03,2026-09-20T09:20:00,2.65,62.2,8586,22.7,6.12,119.3
SR-003178,CNC-03,2026-09-20T09:30:00,2.18,62.0,8683,22.9,6.14,118.2
SR-003179,CNC-03,2026-09-20T09:40:00,2.3,62.5,8343,22.7,6.16,120.2
SR-003180,CNC-03,2026-09-20T09:50:00,2.52,63.3,8316,21.2,6.1,119.9
SR-003181,CNC-03,2026-09-20T10:00:00,2.55,61.7,8431,21.0,6.24,122.5
SR-003182,CNC-03,2026-09-20T10:10:00,2.49,62.5,8545,21.5,6.23,115.2
SR-003183,CNC-03,2026-09-20T10:20:00,2.36,63.1,8458,19.6,6.13,114.0
SR-003184,CNC-03,2026-09-20T10:30:00,2.26,63.1,8490,21.9,6.11,116.5
SR-003185,CNC-03,2026-09-20T10:40:00,2.15,63.0,8538,21.3,6.25,119.4
SR-003186,CNC-03,2026-09-20T10:50:00,2.33,64.3,8630,21.8,6.31,117.8
SR-003187,CNC-03,2026-09-20T11:00:00,2.38,63.0,8397,22.1,6.19,115.4
SR-003188,CNC-03,2026-09-20T11:10:00,2.43,63.2,8718,24.2,6.18,113.3
SR-003189,CNC-03,2026-09-20T11:20:00,2.38,62.8,8341,21.3,6.16,121.6
SR-003190,CNC-03,2026-09-20T11:30:00,2.39,63.2,8437,23.0,6.04,115.1
SR-003191,CNC-03,2026-09-20T11:40:00,2.4,61.9,8649,22.4,6.06,115.7
SR-003192,CNC-03,2026-09-20T11:50:00,2.4,62.3,8552,24.2,6.24,115.1
SR-003193,CNC-03,2026-09-20T12:00:00,2.3,61.9,8378,21.2,6.07,117.7
SR-003194,CNC-03,2026-09-20T12:10:00,2.33,62.1,8514,21.6,6.22,118.7
SR-003195,CNC-03,2026-09-20T12:20:00,2.32,62.9,8461,20.1,6.27,116.8
SR-003196,CNC-03,2026-09-20T12:30:00,2.29,62.5,8348,22.8,6.36,119.8
SR-003197,CNC-03,2026-09-20T12:40:00,2.3,61.1,8524,23.7,6.21,116.2
SR-003198,CNC-03,2026-09-20T12:50:00,2.39,62.1,8508,22.8,6.12,119.3
SR-003199,CNC-03,2026-09-20T13:00:00,2.55,62.5,8463,21.8,6.21,115.7
SR-003200,CNC-03,2026-09-20T13:10:00,2.32,62.3,8600,21.3,6.28,119.7
SR-003201,CNC-03,2026-09-20T13:20:00,2.4,63.7,8559,22.0,6.24,118.1
SR-003202,CNC-03,2026-09-20T13:30:00,2.37,63.7,8529,21.7,6.19,117.7
SR-003203,CNC-03,2026-09-20T13:40:00,2.35,62.7,8850,23.1,6.18,119.0
SR-003204,CNC-03,2026-09-20T13:50:00,2.37,61.8,8352,21.6,6.3,116.3
SR-003205,CNC-03,2026-09-20T14:00:00,2.47,63.5,8505,21.5,6.44,119.3
SR-003206,CNC-03,2026-09-20T14:10:00,2.22,62.3,8583,22.0,5.87,116.5
SR-003207,CNC-03,2026-09-20T14:20:00,2.47,62.7,8614,21.0,6.08,116.1
SR-003208,CNC-03,2026-09-20T14:30:00,2.56,63.9,8585,22.0,6.18,120.5
SR-003209,CNC-03,2026-09-20T14:40:00,2.57,62.6,8486,22.4,6.41,115.3
SR-003210,CNC-03,2026-09-20T14:50:00,2.23,64.3,8488,22.8,6.24,118.9
SR-003211,CNC-03,2026-09-20T15:00:00,2.3,63.1,8536,22.0,6.14,119.0
SR-003212,CNC-03,2026-09-20T15:10:00,2.26,63.2,8513,21.3,6.17,116.1
SR-003213,CNC-03,2026-09-20T15:20:00,2.38,61.8,8497,20.9,6.16,117.1
SR-003214,CNC-03,2026-09-20T15:30:00,2.42,63.7,8262,21.9,6.13,123.2
SR-003215,CNC-03,2026-09-20T15:40:00,2.51,63.1,8465,22.3,6.27,121.7
SR-003216,CNC-03,2026-09-20T15:50:00,2.27,62.2,8647,21.1,6.02,115.4
SR-003217,CNC-03,2026-09-20T16:00:00,2.27,61.2,8389,22.3,6.34,113.0
SR-003218,CNC-03,2026-09-20T16:10:00,2.39,63.1,8680,21.9,6.14,114.2
SR-003219,CNC-03,2026-09-20T16:20:00,2.32,62.3,8421,24.0,6.27,111.3
SR-003220,CNC-03,2026-09-20T16:30:00,2.42,62.6,8564,21.9,6.07,119.7
SR-003221,CNC-03,2026-09-20T16:40:00,2.35,61.3,8518,22.6,6.36,118.1
SR-003222,CNC-03,2026-09-20T16:50:00,2.72,61.5,8477,21.6,6.18,116.1
SR-003223,CNC-03,2026-09-20T17:00:00,2.53,62.3,8325,21.0,6.28,117.4
SR-003224,CNC-03,2026-09-20T17:10:00,2.22,61.0,8707,23.8,6.24,118.7
SR-003225,CNC-03,2026-09-20T17:20:00,2.35,62.1,8481,22.7,6.09,120.9
SR-003226,CNC-03,2026-09-20T17:30:00,2.45,64.0,8289,22.4,6.3,123.1
SR-003227,CNC-03,2026-09-20T17:40:00,2.24,62.5,8573,22.5,6.36,115.7
SR-003228,CNC-03,2026-09-20T17:50:00,2.29,62.1,8487,22.2,6.19,117.3
SR-003229,CNC-03,2026-09-20T18:00:00,2.16,62.6,8523,21.7,6.01,116.9
SR-003230,CNC-03,2026-09-20T18:10:00,2.55,61.9,8414,22.1,6.31,117.5
SR-003231,CNC-03,2026-09-20T18:20:00,2.41,60.1,8468,22.4,6.06,118.8
SR-003232,CNC-03,2026-09-20T18:30:00,2.33,62.0,8617,22.1,6.02,118.1
SR-003233,CNC-03,2026-09-20T18:40:00,2.4,61.8,8704,21.0,6.23,118.8
SR-003234,CNC-03,2026-09-20T18:50:00,2.36,61.9,8524,22.8,6.08,118.4
SR-003235,CNC-03,2026-09-20T19:00:00,2.43,62.1,8689,21.8,6.31,118.0
SR-003236,CNC-03,2026-09-20T19:10:00,2.64,62.7,8503,23.6,6.11,117.7
SR-003237,CNC-03,2026-09-20T19:20:00,2.5,62.4,8513,21.3,6.15,117.6
SR-003238,CNC-03,2026-09-20T19:30:00,2.34,61.4,8539,22.3,6.3,122.8
SR-003239,CNC-03,2026-09-20T19:40:00,2.35,62.1,8704,21.5,6.36,114.1
SR-003240,CNC-03,2026-09-20T19:50:00,2.41,61.0,8409,21.4,6.05,118.7
SR-003241,CNC-03,2026-09-20T20:00:00,2.37,60.2,8607,22.4,6.21,120.6
SR-003242,CNC-03,2026-09-20T20:10:00,2.41,61.5,8582,21.8,6.17,120.6
SR-003243,CNC-03,2026-09-20T20:20:00,2.31,62.7,8401,22.0,6.21,120.5
SR-003244,CNC-03,2026-09-20T20:30:00,2.39,61.9,8543,22.5,6.23,119.1
SR-003245,CNC-03,2026-09-20T20:40:00,2.43,61.3,8422,22.1,5.98,119.5
SR-003246,CNC-03,2026-09-20T20:50:00,2.27,61.2,8561,21.6,6.32,118.1
SR-003247,CNC-03,2026-09-20T21:00:00,2.25,61.1,8621,21.0,6.19,115.5
SR-003248,CNC-03,2026-09-20T21:10:00,2.37,61.6,8606,21.5,6.2,118.7
SR-003249,CNC-03,2026-09-20T21:20:00,2.17,60.8,8342,22.9,6.1,118.5
SR-003250,CNC-03,2026-09-20T21:30:00,2.41,61.9,8715,23.0,6.25,116.3
SR-003251,CNC-03,2026-09-20T21:40:00,2.44,62.1,8533,22.8,6.0,114.6
SR-003252,CNC-03,2026-09-20T21:50:00,2.32,60.7,8340,22.2,6.2,119.2
SR-003253,CNC-03,2026-09-20T22:00:00,2.43,61.9,8405,22.1,6.19,115.6
SR-003254,CNC-03,2026-09-20T22:10:00,2.58,60.2,8399,23.3,6.04,119.6
SR-003255,CNC-03,2026-09-20T22:20:00,2.42,60.9,8539,22.5,6.0,121.9
SR-003256,CNC-03,2026-09-20T22:30:00,2.46,60.0,8386,22.8,6.1,117.0
SR-003257,CNC-03,2026-09-20T22:40:00,2.19,59.6,8479,21.6,6.16,116.7
SR-003258,CNC-03,2026-09-20T22:50:00,2.31,62.4,8473,21.3,6.19,117.4
SR-003259,CNC-03,2026-09-20T23:00:00,2.29,59.8,8402,22.0,6.26,116.9
SR-003260,CNC-03,2026-09-20T23:10:00,2.56,61.0,8638,20.3,6.04,117.5
SR-003261,CNC-03,2026-09-20T23:20:00,2.44,60.3,8551,22.0,6.25,120.7
SR-003262,CNC-03,2026-09-20T23:30:00,2.35,61.2,8483,22.9,6.08,122.8
SR-003263,CNC-03,2026-09-20T23:40:00,2.15,61.3,8225,22.2,6.2,117.3
SR-003264,CNC-03,2026-09-20T23:50:00,2.3,61.2,8569,22.0,6.14,118.3
SR-003265,CNC-03,2026-09-21T00:00:00,2.34,62.5,8597,20.9,6.11,117.1
SR-003266,CNC-03,2026-09-21T00:10:00,2.28,60.2,8500,21.5,6.19,120.6
SR-003267,CNC-03,2026-09-21T00:20:00,2.64,61.4,8620,22.2,6.2,120.3
SR-003268,CNC-03,2026-09-21T00:30:00,2.39,61.3,8700,22.5,6.27,117.0
SR-003269,CNC-03,2026-09-21T00:40:00,2.33,59.9,8685,22.4,6.16,118.5
SR-003270,CNC-03,2026-09-21T00:50:00,2.69,62.2,8516,22.6,6.21,116.3
SR-003271,CNC-03,2026-09-21T01:00:00,2.26,59.9,8479,22.3,6.19,116.4
SR-003272,CNC-03,2026-09-21T01:10:00,2.31,61.5,8445,21.5,6.29,117.7
SR-003273,CNC-03,2026-09-21T01:20:00,2.19,60.4,8488,22.2,6.22,119.1
SR-003274,CNC-03,2026-09-21T01:30:00,2.32,61.9,8385,22.3,6.06,119.3
SR-003275,CNC-03,2026-09-21T01:40:00,2.39,60.8,8706,19.7,6.32,119.8
SR-003276,CNC-03,2026-09-21T01:50:00,2.52,61.9,8427,21.3,6.45,118.3
SR-003277,CNC-03,2026-09-21T02:00:00,2.34,60.7,8531,21.2,6.26,117.4
SR-003278,CNC-03,2026-09-21T02:10:00,2.41,61.4,8503,21.8,6.21,120.7
SR-003279,CNC-03,2026-09-21T02:20:00,2.54,61.8,8428,22.5,6.17,119.1
SR-003280,CNC-03,2026-09-21T02:30:00,2.23,61.5,8422,21.1,6.31,119.6
SR-003281,CNC-03,2026-09-21T02:40:00,2.27,60.1,8318,21.0,6.04,117.7
SR-003282,CNC-03,2026-09-21T02:50:00,2.59,60.5,8614,20.0,6.06,115.9
SR-003283,CNC-03,2026-09-21T03:00:00,2.44,60.4,8356,21.4,5.98,121.7
SR-003284,CNC-03,2026-09-21T03:10:00,2.29,60.9,8397,21.6,6.32,116.6
SR-003285,CNC-03,2026-09-21T03:20:00,2.21,62.9,8625,21.3,6.22,120.9
SR-003286,CNC-03,2026-09-21T03:30:00,2.39,62.2,8366,22.8,6.12,117.2
SR-003287,CNC-03,2026-09-21T03:40:00,2.35,61.9,8468,21.8,6.44,118.5
SR-003288,CNC-03,2026-09-21T03:50:00,2.56,60.5,8297,21.3,6.25,117.0
SR-003289,CNC-03,2026-09-21T04:00:00,2.33,60.6,8531,23.1,6.18,116.4
SR-003290,CNC-03,2026-09-21T04:10:00,2.32,62.5,8542,22.3,6.06,118.9
SR-003291,CNC-03,2026-09-21T04:20:00,2.21,60.4,8309,22.2,6.04,120.2
SR-003292,CNC-03,2026-09-21T04:30:00,2.36,62.8,8230,21.9,6.27,121.0
SR-003293,CNC-03,2026-09-21T04:40:00,2.34,61.9,8593,22.7,6.32,120.3
SR-003294,CNC-03,2026-09-21T04:50:00,2.48,61.5,8473,21.1,6.35,118.9
SR-003295,CNC-03,2026-09-21T05:00:00,2.56,61.8,8601,21.8,6.22,119.2
SR-003296,CNC-03,2026-09-21T05:10:00,2.52,62.8,8674,21.9,6.16,119.9
SR-003297,CNC-03,2026-09-21T05:20:00,2.5,62.7,8412,22.4,6.16,119.1
SR-003298,CNC-03,2026-09-21T05:30:00,2.48,62.3,8549,22.9,6.37,114.4
SR-003299,CNC-03,2026-09-21T05:40:00,2.45,62.4,8576,23.0,5.9,120.4
SR-003300,CNC-03,2026-09-21T05:50:00,2.28,61.7,8622,21.5,6.15,114.1
SR-003301,CNC-03,2026-09-21T06:00:00,2.58,62.1,8534,21.7,6.19,117.5
SR-003302,CNC-03,2026-09-21T06:10:00,2.29,62.0,8616,19.8,6.14,117.3
SR-003303,CNC-03,2026-09-21T06:20:00,2.42,62.2,8497,23.2,6.09,118.0
SR-003304,CNC-03,2026-09-21T06:30:00,2.28,62.4,8586,21.5,6.24,118.3
SR-003305,CNC-03,2026-09-21T06:40:00,2.35,62.2,8423,21.8,6.17,114.5
SR-003306,CNC-03,2026-09-21T06:50:00,2.54,62.7,8375,23.2,6.18,115.9
SR-003307,CNC-03,2026-09-21T07:00:00,2.54,62.3,8333,21.5,6.14,115.9
SR-003308,CNC-03,2026-09-21T07:10:00,2.51,63.0,8475,22.3,6.18,123.6
SR-003309,CNC-03,2026-09-21T07:20:00,2.5,62.9,8456,20.5,6.24,119.5
SR-003310,CNC-03,2026-09-21T07:30:00,2.46,62.2,8447,21.7,6.14,116.7
SR-003311,CNC-03,2026-09-21T07:40:00,2.39,64.3,8480,24.1,6.1,112.4
SR-003312,CNC-03,2026-09-21T07:50:00,2.34,61.8,8277,22.3,6.44,118.5
SR-003313,CNC-03,2026-09-21T08:00:00,2.3,63.4,8346,23.1,6.45,122.4
SR-003314,CNC-03,2026-09-21T08:10:00,2.36,61.9,8655,21.4,6.08,119.7
SR-003315,CNC-03,2026-09-21T08:20:00,2.59,62.8,8251,22.4,6.16,115.4
SR-003316,CNC-03,2026-09-21T08:30:00,2.27,62.3,8343,22.2,6.39,116.1
SR-003317,CNC-03,2026-09-21T08:40:00,2.47,63.6,8694,22.6,6.27,117.3
SR-003318,CNC-03,2026-09-21T08:50:00,2.34,62.1,8431,22.0,6.21,113.7
SR-003319,CNC-03,2026-09-21T09:00:00,2.55,62.4,8463,21.4,6.22,118.9
SR-003320,CNC-03,2026-09-21T09:10:00,2.5,63.1,8585,24.5,6.09,119.3
SR-003321,CNC-03,2026-09-21T09:20:00,2.5,63.0,8317,20.9,6.17,120.3
SR-003322,CNC-03,2026-09-21T09:30:00,2.19,64.2,8452,22.0,6.02,114.9
SR-003323,CNC-03,2026-09-21T09:40:00,2.61,63.1,8560,21.2,6.17,114.8
SR-003324,CNC-03,2026-09-21T09:50:00,2.32,63.3,8456,22.4,6.17,116.9
SR-003325,CNC-03,2026-09-21T10:00:00,2.18,62.9,8474,21.8,5.98,121.2
SR-003326,CNC-03,2026-09-21T10:10:00,2.33,63.2,8574,23.3,6.32,115.4
SR-003327,CNC-03,2026-09-21T10:20:00,2.3,62.1,8349,20.6,6.12,115.0
SR-003328,CNC-03,2026-09-21T10:30:00,2.47,61.5,8524,23.6,6.26,118.1
SR-003329,CNC-03,2026-09-21T10:40:00,2.27,62.5,8605,22.0,6.21,121.7
SR-003330,CNC-03,2026-09-21T10:50:00,2.54,64.0,8631,22.7,6.31,121.0
SR-003331,CNC-03,2026-09-21T11:00:00,2.27,63.5,8557,21.6,6.26,119.2
SR-003332,CNC-03,2026-09-21T11:10:00,2.45,63.9,8401,23.8,6.13,117.1
SR-003333,CNC-03,2026-09-21T11:20:00,2.45,64.2,8239,22.4,6.14,118.7
SR-003334,CNC-03,2026-09-21T11:30:00,2.21,62.7,8441,23.1,6.2,120.0
SR-003335,CNC-03,2026-09-21T11:40:00,2.54,63.7,8586,20.9,6.23,114.4
SR-003336,CNC-03,2026-09-21T11:50:00,2.26,63.3,8414,22.0,6.06,119.4
SR-003337,CNC-03,2026-09-21T12:00:00,2.26,63.4,8651,21.3,6.43,119.7
SR-003338,CNC-03,2026-09-21T12:10:00,2.32,63.7,8362,22.0,5.99,115.7
SR-003339,CNC-03,2026-09-21T12:20:00,2.5,63.6,8505,21.1,6.26,117.2
SR-003340,CNC-03,2026-09-21T12:30:00,2.51,62.3,8478,21.7,6.22,116.3
SR-003341,CNC-03,2026-09-21T12:40:00,2.41,64.0,8459,21.7,6.39,117.1
SR-003342,CNC-03,2026-09-21T12:50:00,2.39,62.2,8428,22.0,6.25,113.6
SR-003343,CNC-03,2026-09-21T13:00:00,2.53,62.0,8766,22.0,6.26,117.5
SR-003344,CNC-03,2026-09-21T13:10:00,2.38,62.6,8468,20.6,6.22,117.9
SR-003345,CNC-03,2026-09-21T13:20:00,2.28,62.0,8403,22.0,6.1,121.4
SR-003346,CNC-03,2026-09-21T13:30:00,2.42,62.9,8381,21.3,5.93,113.9
SR-003347,CNC-03,2026-09-21T13:40:00,2.43,62.5,8760,22.3,6.17,120.1
SR-003348,CNC-03,2026-09-21T13:50:00,2.47,63.0,8618,20.5,5.87,115.5
SR-003349,CNC-03,2026-09-21T14:00:00,2.41,63.5,8474,22.9,6.13,119.7
SR-003350,CNC-03,2026-09-21T14:10:00,2.34,63.6,8562,22.3,6.21,119.1
SR-003351,CNC-03,2026-09-21T14:20:00,2.35,63.2,8517,21.7,6.24,117.4
SR-003352,CNC-03,2026-09-21T14:30:00,2.34,62.3,8671,21.9,6.25,116.1
SR-003353,CNC-03,2026-09-21T14:40:00,2.16,63.5,8503,22.2,6.34,116.6
SR-003354,CNC-03,2026-09-21T14:50:00,2.4,63.1,8386,22.6,6.38,115.8
SR-003355,CNC-03,2026-09-21T15:00:00,2.42,61.8,8301,20.9,6.17,118.6
SR-003356,CNC-03,2026-09-21T15:10:00,2.39,63.3,8554,20.3,6.37,117.1
SR-003357,CNC-03,2026-09-21T15:20:00,2.33,62.4,8550,22.1,6.34,119.3
SR-003358,CNC-03,2026-09-21T15:30:00,2.44,63.2,8551,21.5,6.33,125.5
SR-003359,CNC-03,2026-09-21T15:40:00,2.32,63.1,8511,22.9,5.91,119.1
SR-003360,CNC-03,2026-09-21T15:50:00,2.5,62.2,8641,23.5,6.29,118.0
SR-003361,CNC-03,2026-09-21T16:00:00,2.37,63.9,8466,21.0,6.18,116.4
SR-003362,CNC-03,2026-09-21T16:10:00,2.67,62.9,8292,23.0,6.22,119.9
SR-003363,CNC-03,2026-09-21T16:20:00,2.24,61.8,8481,21.6,6.09,116.8
SR-003364,CNC-03,2026-09-21T16:30:00,2.38,61.5,8660,22.2,6.35,119.4
SR-003365,CNC-03,2026-09-21T16:40:00,2.28,63.1,8418,23.3,6.35,119.9
SR-003366,CNC-03,2026-09-21T16:50:00,2.29,61.7,8528,23.4,6.23,121.9
SR-003367,CNC-03,2026-09-21T17:00:00,2.45,62.1,8449,22.4,6.28,121.3
SR-003368,CNC-03,2026-09-21T17:10:00,2.38,61.5,8590,22.2,6.24,116.0
SR-003369,CNC-03,2026-09-21T17:20:00,2.58,62.1,8474,21.5,6.31,113.6
SR-003370,CNC-03,2026-09-21T17:30:00,2.55,61.4,8730,21.9,6.25,119.4
SR-003371,CNC-03,2026-09-21T17:40:00,2.27,61.8,8469,20.8,5.98,123.2
SR-003372,CNC-03,2026-09-21T17:50:00,2.4,61.8,8585,21.9,6.32,120.2
SR-003373,CNC-03,2026-09-21T18:00:00,2.56,62.3,8418,21.9,6.26,119.9
SR-003374,CNC-03,2026-09-21T18:10:00,2.57,60.8,8432,22.9,6.0,116.1
SR-003375,CNC-03,2026-09-21T18:20:00,2.39,62.3,8356,23.0,6.18,119.7
SR-003376,CNC-03,2026-09-21T18:30:00,2.46,62.5,8663,22.8,6.12,118.9
SR-003377,CNC-03,2026-09-21T18:40:00,2.58,60.4,8411,22.3,6.19,121.6
SR-003378,CNC-03,2026-09-21T18:50:00,2.46,61.0,8530,21.0,6.19,121.2
SR-003379,CNC-03,2026-09-21T19:00:00,2.47,62.5,8781,20.7,6.16,116.7
SR-003380,CNC-03,2026-09-21T19:10:00,2.2,62.9,8394,21.8,6.27,117.1
SR-003381,CNC-03,2026-09-21T19:20:00,2.3,61.4,8328,22.3,6.36,114.7
SR-003382,CNC-03,2026-09-21T19:30:00,2.35,60.3,8516,23.2,6.22,121.2
SR-003383,CNC-03,2026-09-21T19:40:00,2.53,60.8,8588,22.8,6.04,119.4
SR-003384,CNC-03,2026-09-21T19:50:00,2.34,61.3,8649,21.2,6.24,114.7
SR-003385,CNC-03,2026-09-21T20:00:00,2.5,61.3,8311,22.4,6.32,117.7
SR-003386,CNC-03,2026-09-21T20:10:00,2.35,62.1,8431,21.2,6.26,119.1
SR-003387,CNC-03,2026-09-21T20:20:00,2.51,61.2,8643,21.0,6.21,116.0
SR-003388,CNC-03,2026-09-21T20:30:00,2.43,62.3,8435,19.6,6.32,115.7
SR-003389,CNC-03,2026-09-21T20:40:00,2.28,61.5,8746,20.9,6.35,116.0
SR-003390,CNC-03,2026-09-21T20:50:00,2.24,61.3,8331,22.8,6.16,121.9
SR-003391,CNC-03,2026-09-21T21:00:00,2.4,61.4,8378,22.3,6.17,120.3
SR-003392,CNC-03,2026-09-21T21:10:00,2.39,60.9,8761,21.7,6.29,119.2
SR-003393,CNC-03,2026-09-21T21:20:00,2.32,61.6,8412,23.7,5.98,119.4
SR-003394,CNC-03,2026-09-21T21:30:00,2.27,60.3,8516,22.8,6.36,120.0
SR-003395,CNC-03,2026-09-21T21:40:00,2.43,63.6,8557,21.3,6.22,114.8
SR-003396,CNC-03,2026-09-21T21:50:00,2.63,61.3,8478,21.4,6.07,124.6
SR-003397,CNC-03,2026-09-21T22:00:00,2.41,62.0,8562,23.3,6.13,121.2
SR-003398,CNC-03,2026-09-21T22:10:00,2.48,60.7,8275,22.3,6.0,119.8
SR-003399,CNC-03,2026-09-21T22:20:00,2.39,62.2,8412,20.9,6.3,119.5
SR-003400,CNC-03,2026-09-21T22:30:00,2.31,60.6,8459,22.8,6.07,120.7
SR-003401,CNC-03,2026-09-21T22:40:00,2.6,61.1,8653,22.6,6.07,114.6
SR-003402,CNC-03,2026-09-21T22:50:00,2.46,62.7,8254,22.1,6.2,123.2
SR-003403,CNC-03,2026-09-21T23:00:00,2.36,61.2,8381,23.8,6.3,117.2
SR-003404,CNC-03,2026-09-21T23:10:00,2.45,60.2,8521,21.7,6.2,119.6
SR-003405,CNC-03,2026-09-21T23:20:00,2.47,63.1,8682,22.6,6.22,114.8
SR-003406,CNC-03,2026-09-21T23:30:00,2.31,61.3,8465,19.4,6.23,120.5
SR-003407,CNC-03,2026-09-21T23:40:00,2.46,60.5,8377,23.9,6.25,114.0
SR-003408,CNC-03,2026-09-21T23:50:00,2.54,61.5,8462,21.9,6.36,116.6
SR-003409,CNC-03,2026-09-22T00:00:00,2.5,61.2,8452,20.5,6.08,116.3
SR-003410,CNC-03,2026-09-22T00:10:00,2.15,59.1,8670,21.9,6.08,119.5
SR-003411,CNC-03,2026-09-22T00:20:00,2.25,62.3,8191,22.9,6.34,119.8
SR-003412,CNC-03,2026-09-22T00:30:00,2.4,62.0,8764,21.7,5.92,120.2
SR-003413,CNC-03,2026-09-22T00:40:00,2.3,60.6,8564,22.1,6.27,117.1
SR-003414,CNC-03,2026-09-22T00:50:00,2.27,61.2,8621,21.3,6.27,117.2
SR-003415,CNC-03,2026-09-22T01:00:00,2.49,60.9,8194,23.2,6.24,121.8
SR-003416,CNC-03,2026-09-22T01:10:00,2.5,62.9,8470,23.9,6.07,113.1
SR-003417,CNC-03,2026-09-22T01:20:00,2.56,61.3,8324,21.5,6.13,118.3
SR-003418,CNC-03,2026-09-22T01:30:00,2.37,61.3,8481,21.8,6.22,121.7
SR-003419,CNC-03,2026-09-22T01:40:00,2.37,61.3,8515,22.2,6.26,115.1
SR-003420,CNC-03,2026-09-22T01:50:00,2.44,60.2,8690,23.5,6.24,120.0
SR-003421,CNC-03,2026-09-22T02:00:00,2.55,61.1,8630,23.0,6.25,116.9
SR-003422,CNC-03,2026-09-22T02:10:00,2.48,60.2,8483,22.2,6.25,114.2
SR-003423,CNC-03,2026-09-22T02:20:00,2.32,60.1,8523,23.4,6.06,113.9
SR-003424,CNC-03,2026-09-22T02:30:00,2.4,61.3,8833,22.3,6.48,118.8
SR-003425,CNC-03,2026-09-22T02:40:00,2.25,62.5,8693,21.6,6.14,117.1
SR-003426,CNC-03,2026-09-22T02:50:00,2.45,61.0,8523,21.6,6.16,120.1
SR-003427,CNC-03,2026-09-22T03:00:00,2.31,60.9,8228,22.8,6.1,118.7
SR-003428,CNC-03,2026-09-22T03:10:00,2.43,59.7,8736,21.1,6.27,120.0
SR-003429,CNC-03,2026-09-22T03:20:00,2.36,61.1,8513,22.9,6.13,118.1
SR-003430,CNC-03,2026-09-22T03:30:00,2.36,62.7,8547,21.7,6.04,118.6
SR-003431,CNC-03,2026-09-22T03:40:00,2.43,61.6,8734,20.9,6.33,117.9
SR-003432,CNC-03,2026-09-22T03:50:00,2.22,60.0,8384,23.0,6.23,114.3
SR-003433,CNC-03,2026-09-22T04:00:00,2.45,61.3,8576,21.0,6.18,117.2
SR-003434,CNC-03,2026-09-22T04:10:00,2.66,62.7,8636,22.3,6.16,116.4
SR-003435,CNC-03,2026-09-22T04:20:00,2.43,62.3,8541,22.1,6.14,117.9
SR-003436,CNC-03,2026-09-22T04:30:00,2.54,62.0,8447,22.8,6.11,115.6
SR-003437,CNC-03,2026-09-22T04:40:00,2.56,61.2,8532,21.3,6.22,116.0
SR-003438,CNC-03,2026-09-22T04:50:00,2.34,62.2,8510,23.1,6.1,123.0
SR-003439,CNC-03,2026-09-22T05:00:00,2.64,61.5,8561,21.7,6.29,118.8
SR-003440,CNC-03,2026-09-22T05:10:00,2.31,62.2,8511,21.5,6.05,119.0
SR-003441,CNC-03,2026-09-22T05:20:00,2.35,61.7,8458,22.4,6.19,115.8
SR-003442,CNC-03,2026-09-22T05:30:00,2.34,62.5,8658,21.5,6.17,116.6
SR-003443,CNC-03,2026-09-22T05:40:00,2.46,61.7,8288,20.3,6.07,118.2
SR-003444,CNC-03,2026-09-22T05:50:00,2.29,61.8,8667,24.0,6.18,115.1
SR-003445,CNC-03,2026-09-22T06:00:00,2.33,61.8,8580,22.1,6.26,118.0
SR-003446,CNC-03,2026-09-22T06:10:00,2.36,61.8,8589,22.0,6.18,118.7
SR-003447,CNC-03,2026-09-22T06:20:00,2.71,62.2,8620,23.6,6.24,115.3
SR-003448,CNC-03,2026-09-22T06:30:00,2.45,62.5,8519,22.3,6.46,116.5
SR-003449,CNC-03,2026-09-22T06:40:00,2.54,60.6,8541,21.8,6.08,121.0
SR-003450,CNC-03,2026-09-22T06:50:00,2.25,62.3,8482,20.8,6.3,116.7
SR-003451,CNC-03,2026-09-22T07:00:00,2.38,63.3,8424,22.0,6.22,123.7
SR-003452,CNC-03,2026-09-22T07:10:00,2.4,62.2,8385,21.0,6.44,118.8
SR-003453,CNC-03,2026-09-22T07:20:00,2.42,63.1,8632,21.2,6.09,116.2
SR-003454,CNC-03,2026-09-22T07:30:00,2.52,61.3,8457,20.8,6.24,121.1
SR-003455,CNC-03,2026-09-22T07:40:00,2.31,61.4,8533,21.1,6.19,120.8
SR-003456,CNC-03,2026-09-22T07:50:00,2.58,63.0,8701,22.3,6.16,116.0
SR-003457,CNC-03,2026-09-22T08:00:00,2.38,61.5,8516,20.7,6.2,118.7
SR-003458,CNC-03,2026-09-22T08:10:00,2.3,60.8,8549,21.4,6.01,118.7
SR-003459,CNC-03,2026-09-22T08:20:00,2.41,63.2,8581,20.9,6.33,119.8
SR-003460,CNC-03,2026-09-22T08:30:00,2.33,61.7,8580,21.7,6.11,119.7
SR-003461,CNC-03,2026-09-22T08:40:00,2.56,61.2,8609,19.4,6.3,113.6
SR-003462,CNC-03,2026-09-22T08:50:00,2.44,62.0,8533,22.4,6.17,118.9
SR-003463,CNC-03,2026-09-22T09:00:00,2.54,61.4,8568,21.7,6.28,118.3
SR-003464,CNC-03,2026-09-22T09:10:00,2.5,61.9,8419,22.3,6.01,113.7
SR-003465,CNC-03,2026-09-22T09:20:00,2.65,64.1,8498,21.3,6.27,118.6
SR-003466,CNC-03,2026-09-22T09:30:00,2.27,62.5,8460,21.9,6.33,118.9
SR-003467,CNC-03,2026-09-22T09:40:00,2.24,63.4,8636,23.0,6.14,122.6
SR-003468,CNC-03,2026-09-22T09:50:00,2.27,61.6,8407,22.9,6.23,118.5
SR-003469,CNC-03,2026-09-22T10:00:00,2.51,62.0,8473,20.0,6.08,117.8
SR-003470,CNC-03,2026-09-22T10:10:00,2.42,63.1,8607,22.4,6.1,119.5
SR-003471,CNC-03,2026-09-22T10:20:00,2.34,62.4,8346,21.7,6.21,122.5
SR-003472,CNC-03,2026-09-22T10:30:00,2.41,61.4,8539,22.4,6.32,120.7
SR-003473,CNC-03,2026-09-22T10:40:00,2.34,62.5,8467,21.1,6.0,116.1
SR-003474,CNC-03,2026-09-22T10:50:00,2.42,62.1,8588,22.2,6.1,121.4
SR-003475,CNC-03,2026-09-22T11:00:00,2.47,62.2,8212,22.4,6.32,118.0
SR-003476,CNC-03,2026-09-22T11:10:00,2.26,62.5,8380,22.0,5.9,113.0
SR-003477,CNC-03,2026-09-22T11:20:00,2.45,62.7,8629,20.8,6.11,113.7
SR-003478,CNC-03,2026-09-22T11:30:00,2.53,62.3,8480,22.2,6.15,117.6
SR-003479,CNC-03,2026-09-22T11:40:00,2.35,64.5,8421,21.5,6.15,115.7
SR-003480,CNC-03,2026-09-22T11:50:00,2.32,62.7,8563,22.7,6.11,118.9
SR-003481,CNC-03,2026-09-22T12:00:00,2.38,63.1,8587,21.0,6.11,116.0
SR-003482,CNC-03,2026-09-22T12:10:00,2.3,63.2,8533,21.5,6.16,116.3
SR-003483,CNC-03,2026-09-22T12:20:00,2.38,62.4,8512,22.9,6.17,119.2
SR-003484,CNC-03,2026-09-22T12:30:00,2.52,64.4,8335,23.0,6.21,118.2
SR-003485,CNC-03,2026-09-22T12:40:00,2.47,62.3,8782,21.2,6.25,118.1
SR-003486,CNC-03,2026-09-22T12:50:00,2.3,63.3,8451,20.9,5.96,120.5
SR-003487,CNC-03,2026-09-22T13:00:00,2.25,63.2,8612,22.1,6.1,118.2
SR-003488,CNC-03,2026-09-22T13:10:00,2.29,64.7,8482,21.6,6.06,118.4
SR-003489,CNC-03,2026-09-22T13:20:00,2.32,62.4,8189,22.0,6.23,117.1
SR-003490,CNC-03,2026-09-22T13:30:00,2.42,62.6,8474,21.3,6.33,119.2
SR-003491,CNC-03,2026-09-22T13:40:00,2.51,63.2,8124,21.7,6.1,118.1
SR-003492,CNC-03,2026-09-22T13:50:00,2.48,62.8,8514,20.5,6.35,115.4
SR-003493,CNC-03,2026-09-22T14:00:00,2.33,62.4,8465,22.8,6.15,120.1
SR-003494,CNC-03,2026-09-22T14:10:00,2.17,62.2,8510,23.5,6.28,122.2
SR-003495,CNC-03,2026-09-22T14:20:00,2.31,63.1,8643,21.2,6.17,119.1
SR-003496,CNC-03,2026-09-22T14:30:00,2.5,62.1,8661,22.6,6.12,118.7
SR-003497,CNC-03,2026-09-22T14:40:00,2.32,63.9,8379,21.9,6.31,115.7
SR-003498,CNC-03,2026-09-22T14:50:00,2.46,62.7,8690,22.4,6.37,117.3
SR-003499,CNC-03,2026-09-22T15:00:00,2.59,62.2,8764,20.4,6.22,117.1
SR-003500,CNC-03,2026-09-22T15:10:00,2.62,63.3,8682,21.7,6.07,118.2
SR-003501,CNC-03,2026-09-22T15:20:00,2.5,63.1,8557,21.7,6.04,117.4
SR-003502,CNC-03,2026-09-22T15:30:00,2.32,63.7,8406,21.3,6.11,116.2
SR-003503,CNC-03,2026-09-22T15:40:00,2.64,63.7,8542,20.8,6.15,117.3
SR-003504,CNC-03,2026-09-22T15:50:00,2.25,63.1,8397,21.3,6.16,119.9
SR-003505,CNC-03,2026-09-22T16:00:00,2.23,62.0,8347,22.2,6.3,114.3
SR-003506,CNC-03,2026-09-22T16:10:00,2.31,61.4,8298,23.5,6.14,121.5
SR-003507,CNC-03,2026-09-22T16:20:00,2.5,61.7,8594,22.0,6.34,120.1
SR-003508,CNC-03,2026-09-22T16:30:00,2.4,61.8,8596,22.6,6.21,119.1
SR-003509,CNC-03,2026-09-22T16:40:00,2.26,61.3,8474,23.0,6.28,116.0
SR-003510,CNC-03,2026-09-22T16:50:00,2.34,62.1,8530,24.1,6.4,118.0
SR-003511,CNC-03,2026-09-22T17:00:00,2.55,60.8,8396,24.1,6.3,120.9
SR-003512,CNC-03,2026-09-22T17:10:00,2.38,61.5,8726,22.8,6.2,115.8
SR-003513,CNC-03,2026-09-22T17:20:00,2.45,62.6,8553,21.3,6.29,116.3
SR-003514,CNC-03,2026-09-22T17:30:00,2.59,62.0,8520,22.7,6.23,121.0
SR-003515,CNC-03,2026-09-22T17:40:00,2.51,62.4,8314,21.2,6.46,118.1
SR-003516,CNC-03,2026-09-22T17:50:00,2.39,61.5,8315,21.7,5.92,118.5
SR-003517,CNC-03,2026-09-22T18:00:00,2.23,62.8,8390,22.4,6.3,116.9
SR-003518,CNC-03,2026-09-22T18:10:00,2.65,62.4,8478,21.4,6.23,121.2
SR-003519,CNC-03,2026-09-22T18:20:00,2.37,61.2,8560,21.9,6.27,116.7
SR-003520,CNC-03,2026-09-22T18:30:00,2.38,62.2,8540,22.8,6.45,120.6
SR-003521,CNC-03,2026-09-22T18:40:00,2.49,62.2,8749,22.1,6.23,118.8
SR-003522,CNC-03,2026-09-22T18:50:00,2.13,60.8,8513,22.1,6.24,117.5
SR-003523,CNC-03,2026-09-22T19:00:00,2.34,63.7,8433,23.2,6.15,116.4
SR-003524,CNC-03,2026-09-22T19:10:00,2.4,60.9,8526,21.6,6.07,119.3
SR-003525,CNC-03,2026-09-22T19:20:00,2.43,62.3,8642,21.8,6.08,114.7
SR-003526,CNC-03,2026-09-22T19:30:00,2.52,61.5,8466,22.7,6.09,116.2
SR-003527,CNC-03,2026-09-22T19:40:00,2.51,62.0,8554,21.8,6.31,119.4
SR-003528,CNC-03,2026-09-22T19:50:00,2.57,60.5,8456,23.7,6.16,118.5
SR-003529,CNC-03,2026-09-22T20:00:00,2.37,60.5,8588,23.3,6.14,121.7
SR-003530,CNC-03,2026-09-22T20:10:00,2.47,61.7,8675,21.6,5.98,118.7
SR-003531,CNC-03,2026-09-22T20:20:00,2.25,60.5,8435,21.8,6.05,116.4
SR-003532,CNC-03,2026-09-22T20:30:00,2.41,62.2,8430,22.7,6.07,119.8
SR-003533,CNC-03,2026-09-22T20:40:00,2.24,62.6,8419,21.0,6.28,116.5
SR-003534,CNC-03,2026-09-22T20:50:00,2.24,61.6,8383,22.2,6.11,117.5
SR-003535,CNC-03,2026-09-22T21:00:00,2.36,60.5,8480,23.0,6.33,120.9
SR-003536,CNC-03,2026-09-22T21:10:00,2.21,61.6,8180,22.2,6.2,117.0
SR-003537,CNC-03,2026-09-22T21:20:00,2.31,60.8,8496,21.7,6.21,116.6
SR-003538,CNC-03,2026-09-22T21:30:00,2.2,62.0,8359,21.7,5.99,125.0
SR-003539,CNC-03,2026-09-22T21:40:00,2.44,61.0,8515,22.3,6.24,121.8
SR-003540,CNC-03,2026-09-22T21:50:00,2.22,60.6,8642,20.4,6.24,117.0
SR-003541,CNC-03,2026-09-22T22:00:00,2.36,60.6,8584,22.7,6.29,122.3
SR-003542,CNC-03,2026-09-22T22:10:00,2.5,60.9,8293,20.5,6.31,117.8
SR-003543,CNC-03,2026-09-22T22:20:00,2.39,61.3,8481,21.2,6.02,119.8
SR-003544,CNC-03,2026-09-22T22:30:00,2.5,62.6,8435,22.0,6.06,119.8
SR-003545,CNC-03,2026-09-22T22:40:00,2.26,61.5,8475,21.3,6.16,118.0
SR-003546,CNC-03,2026-09-22T22:50:00,2.21,61.3,8419,24.0,6.17,118.9
SR-003547,CNC-03,2026-09-22T23:00:00,2.56,61.6,8566,21.4,6.29,114.8
SR-003548,CNC-03,2026-09-22T23:10:00,2.45,62.0,8296,23.3,6.32,115.3
SR-003549,CNC-03,2026-09-22T23:20:00,2.68,60.4,8588,22.1,5.93,121.2
SR-003550,CNC-03,2026-09-22T23:30:00,2.41,59.9,8572,20.9,6.19,118.9
SR-003551,CNC-03,2026-09-22T23:40:00,2.21,61.8,8578,22.2,6.37,120.3
SR-003552,CNC-03,2026-09-22T23:50:00,2.46,62.0,8449,23.3,6.37,121.3
SR-003553,CNC-03,2026-09-23T00:00:00,2.52,59.7,8641,22.3,6.27,118.8
SR-003554,CNC-03,2026-09-23T00:10:00,2.52,61.7,8672,21.7,6.1,117.1
SR-003555,CNC-03,2026-09-23T00:20:00,2.51,60.8,8650,23.6,6.2,116.5
SR-003556,CNC-03,2026-09-23T00:30:00,2.36,61.1,8341,21.1,6.15,116.2
SR-003557,CNC-03,2026-09-23T00:40:00,2.55,61.4,8587,23.0,6.2,117.8
SR-003558,CNC-03,2026-09-23T00:50:00,2.51,62.1,8244,21.7,6.32,118.3
SR-003559,CNC-03,2026-09-23T01:00:00,2.32,61.1,8372,21.5,6.14,117.5
SR-003560,CNC-03,2026-09-23T01:10:00,2.46,60.6,8643,21.9,6.24,118.6
SR-003561,CNC-03,2026-09-23T01:20:00,2.41,60.6,8387,22.1,6.25,121.6
SR-003562,CNC-03,2026-09-23T01:30:00,2.69,60.7,8440,21.8,6.19,118.1
SR-003563,CNC-03,2026-09-23T01:40:00,2.37,62.2,8393,21.8,6.03,116.8
SR-003564,CNC-03,2026-09-23T01:50:00,2.36,61.0,8534,21.7,6.34,116.2
SR-003565,CNC-03,2026-09-23T02:00:00,2.47,61.6,8514,22.0,6.26,117.4
SR-003566,CNC-03,2026-09-23T02:10:00,2.36,61.0,8496,22.2,6.12,117.6
SR-003567,CNC-03,2026-09-23T02:20:00,2.3,60.1,8414,23.7,6.42,118.5
SR-003568,CNC-03,2026-09-23T02:30:00,2.43,63.0,8468,21.7,5.98,120.0
SR-003569,CNC-03,2026-09-23T02:40:00,2.44,62.0,8508,23.8,6.23,124.1
SR-003570,CNC-03,2026-09-23T02:50:00,2.37,61.7,8288,21.6,6.21,117.9
SR-003571,CNC-03,2026-09-23T03:00:00,2.48,61.2,8570,22.7,6.31,116.6
SR-003572,CNC-03,2026-09-23T03:10:00,2.33,62.3,8456,23.2,6.11,117.8
SR-003573,CNC-03,2026-09-23T03:20:00,2.27,61.7,8631,22.1,6.3,116.8
SR-003574,CNC-03,2026-09-23T03:30:00,2.43,61.7,8698,21.0,5.95,117.4
SR-003575,CNC-03,2026-09-23T03:40:00,2.33,61.3,8688,23.0,6.21,116.8
SR-003576,CNC-03,2026-09-23T03:50:00,2.18,62.1,8442,23.0,6.21,118.1
SR-003577,CNC-03,2026-09-23T04:00:00,2.38,61.6,8483,22.4,6.2,117.3
SR-003578,CNC-03,2026-09-23T04:10:00,2.41,61.3,8732,22.8,6.22,121.3
SR-003579,CNC-03,2026-09-23T04:20:00,2.63,61.4,8701,23.9,6.16,118.1
SR-003580,CNC-03,2026-09-23T04:30:00,2.56,60.5,8385,22.1,6.08,121.1
SR-003581,CNC-03,2026-09-23T04:40:00,2.36,62.4,8372,22.5,6.09,121.3
SR-003582,CNC-03,2026-09-23T04:50:00,2.29,63.5,8524,21.9,6.08,117.1
SR-003583,CNC-03,2026-09-23T05:00:00,2.34,59.5,8609,21.8,6.1,116.9
SR-003584,CNC-03,2026-09-23T05:10:00,2.4,63.2,8401,21.6,6.04,113.9
SR-003585,CNC-03,2026-09-23T05:20:00,2.5,62.9,8412,20.1,6.28,118.4
SR-003586,CNC-03,2026-09-23T05:30:00,2.53,62.1,8311,21.2,6.13,117.5
SR-003587,CNC-03,2026-09-23T05:40:00,2.49,62.3,8406,22.7,6.26,117.6
SR-003588,CNC-03,2026-09-23T05:50:00,2.02,62.9,8485,21.1,6.21,120.5
SR-003589,CNC-03,2026-09-23T06:00:00,2.44,61.8,8521,21.7,6.12,119.8
SR-003590,CNC-03,2026-09-23T06:10:00,2.41,61.7,8465,22.6,6.49,115.9
SR-003591,CNC-03,2026-09-23T06:20:00,2.57,63.3,8736,20.8,6.27,116.6
SR-003592,CNC-03,2026-09-23T06:30:00,2.35,61.5,8665,21.3,6.2,114.6
SR-003593,CNC-03,2026-09-23T06:40:00,2.28,61.8,8574,21.7,6.02,117.1
SR-003594,CNC-03,2026-09-23T06:50:00,2.28,62.9,8582,22.4,6.13,115.7
SR-003595,CNC-03,2026-09-23T07:00:00,2.4,62.1,8475,21.4,6.29,121.4
SR-003596,CNC-03,2026-09-23T07:10:00,2.53,62.0,8536,22.2,5.95,118.4
SR-003597,CNC-03,2026-09-23T07:20:00,2.42,61.4,8232,23.5,6.26,117.2
SR-003598,CNC-03,2026-09-23T07:30:00,2.41,62.5,8509,21.9,6.07,115.6
SR-003599,CNC-03,2026-09-23T07:40:00,2.35,62.0,8271,22.5,6.21,120.8
SR-003600,CNC-03,2026-09-23T07:50:00,2.51,61.8,8230,21.0,6.28,117.6
SR-003601,CNC-03,2026-09-23T08:00:00,2.53,62.9,8721,23.2,6.05,115.7
SR-003602,CNC-03,2026-09-23T08:10:00,2.38,62.4,8640,21.8,6.25,115.5
SR-003603,CNC-03,2026-09-23T08:20:00,2.44,61.9,8403,22.7,6.38,123.6
SR-003604,CNC-03,2026-09-23T08:30:00,2.61,62.6,8356,23.3,6.15,117.7
SR-003605,CNC-03,2026-09-23T08:40:00,2.45,61.9,8401,21.9,6.08,118.4
SR-003606,CNC-03,2026-09-23T08:50:00,2.28,63.4,8208,20.8,6.13,116.1
SR-003607,CNC-03,2026-09-23T09:00:00,2.38,61.9,8362,22.0,6.22,113.4
SR-003608,CNC-03,2026-09-23T09:10:00,2.41,61.7,8497,22.5,6.31,119.5
SR-003609,CNC-03,2026-09-23T09:20:00,2.32,63.8,8459,22.6,6.1,116.8
SR-003610,CNC-03,2026-09-23T09:30:00,2.55,62.8,8366,21.0,6.15,119.9
SR-003611,CNC-03,2026-09-23T09:40:00,2.62,62.7,8591,22.2,5.99,117.7
SR-003612,CNC-03,2026-09-23T09:50:00,2.57,64.5,8554,21.8,6.39,118.2
SR-003613,CNC-03,2026-09-23T10:00:00,2.36,62.5,8396,21.5,6.07,119.7
SR-003614,CNC-03,2026-09-23T10:10:00,2.36,62.6,8812,23.2,6.17,118.7
SR-003615,CNC-03,2026-09-23T10:20:00,2.53,61.7,8695,20.9,6.32,116.3
SR-003616,CNC-03,2026-09-23T10:30:00,2.44,63.4,8383,22.6,6.27,118.0
SR-003617,CNC-03,2026-09-23T10:40:00,2.22,62.1,8641,22.1,6.11,118.2
SR-003618,CNC-03,2026-09-23T10:50:00,2.28,63.6,8371,21.3,6.28,114.7
SR-003619,CNC-03,2026-09-23T11:00:00,2.34,63.5,8380,21.4,6.41,119.4
SR-003620,CNC-03,2026-09-23T11:10:00,2.14,62.7,8621,22.7,6.12,116.2
SR-003621,CNC-03,2026-09-23T11:20:00,2.41,63.3,8456,22.5,6.14,117.1
SR-003622,CNC-03,2026-09-23T11:30:00,2.4,64.7,8446,21.9,6.14,116.4
SR-003623,CNC-03,2026-09-23T11:40:00,2.33,62.9,8570,21.4,6.12,115.2
SR-003624,CNC-03,2026-09-23T11:50:00,2.47,63.1,8559,22.3,6.28,118.6
SR-003625,CNC-03,2026-09-23T12:00:00,2.48,62.7,8578,22.0,6.28,117.8
SR-003626,CNC-03,2026-09-23T12:10:00,2.33,62.9,8513,21.2,6.38,112.8
SR-003627,CNC-03,2026-09-23T12:20:00,2.19,63.0,8428,21.7,6.3,113.7
SR-003628,CNC-03,2026-09-23T12:30:00,2.51,63.5,8500,22.7,6.2,114.9
SR-003629,CNC-03,2026-09-23T12:40:00,2.38,63.5,8440,22.7,6.26,117.4
SR-003630,CNC-03,2026-09-23T12:50:00,2.61,62.8,8491,23.5,6.13,120.2
SR-003631,CNC-03,2026-09-23T13:00:00,2.53,63.9,8501,19.5,6.18,119.2
SR-003632,CNC-03,2026-09-23T13:10:00,2.51,63.0,8493,21.7,6.15,115.0
SR-003633,CNC-03,2026-09-23T13:20:00,2.17,62.3,8407,21.0,5.96,118.3
SR-003634,CNC-03,2026-09-23T13:30:00,2.42,63.6,8515,20.9,6.25,116.0
SR-003635,CNC-03,2026-09-23T13:40:00,2.38,63.2,8674,20.8,6.24,119.2
SR-003636,CNC-03,2026-09-23T13:50:00,2.5,61.6,8429,21.2,6.26,118.3
SR-003637,CNC-03,2026-09-23T14:00:00,2.51,63.5,8367,21.7,6.13,121.9
SR-003638,CNC-03,2026-09-23T14:10:00,2.4,63.4,8523,21.2,5.99,121.1
SR-003639,CNC-03,2026-09-23T14:20:00,2.53,62.1,8461,22.5,6.27,119.3
SR-003640,CNC-03,2026-09-23T14:30:00,2.4,63.1,8621,20.8,6.25,118.5
SR-003641,CNC-03,2026-09-23T14:40:00,2.27,63.4,8592,23.9,6.12,116.7
SR-003642,CNC-03,2026-09-23T14:50:00,2.35,62.5,8380,22.2,6.25,116.5
SR-003643,CNC-03,2026-09-23T15:00:00,2.65,61.6,8597,22.7,5.99,115.9
SR-003644,CNC-03,2026-09-23T15:10:00,2.39,61.4,8604,21.4,5.97,118.5
SR-003645,CNC-03,2026-09-23T15:20:00,2.35,62.3,8772,22.2,6.36,117.0
SR-003646,CNC-03,2026-09-23T15:30:00,2.34,62.7,8491,22.6,6.16,117.1
SR-003647,CNC-03,2026-09-23T15:40:00,2.34,61.8,8515,22.5,6.33,116.4
SR-003648,CNC-03,2026-09-23T15:50:00,2.36,61.9,8477,22.1,6.47,121.1
SR-003649,CNC-03,2026-09-23T16:00:00,2.31,63.2,8336,21.2,6.3,112.3
SR-003650,CNC-03,2026-09-23T16:10:00,2.47,63.0,8748,21.7,6.09,117.5
SR-003651,CNC-03,2026-09-23T16:20:00,2.34,63.1,8465,22.5,6.29,114.6
SR-003652,CNC-03,2026-09-23T16:30:00,2.17,61.4,8376,23.1,6.29,117.0
SR-003653,CNC-03,2026-09-23T16:40:00,2.41,61.7,8457,22.4,6.25,121.3
SR-003654,CNC-03,2026-09-23T16:50:00,2.46,62.5,8614,20.6,6.16,121.3
SR-003655,CNC-03,2026-09-23T17:00:00,2.14,62.3,8506,22.4,6.21,118.9
SR-003656,CNC-03,2026-09-23T17:10:00,2.54,62.1,8477,22.4,6.37,115.7
SR-003657,CNC-03,2026-09-23T17:20:00,2.29,62.1,8458,23.1,6.25,120.4
SR-003658,CNC-03,2026-09-23T17:30:00,2.5,61.8,8471,20.9,6.19,116.7
SR-003659,CNC-03,2026-09-23T17:40:00,2.53,61.9,8335,21.7,6.29,116.7
SR-003660,CNC-03,2026-09-23T17:50:00,2.22,61.6,8468,22.0,5.96,116.7
SR-003661,CNC-03,2026-09-23T18:00:00,2.41,62.5,8388,22.4,6.24,122.2
SR-003662,CNC-03,2026-09-23T18:10:00,2.39,62.3,8476,23.1,6.33,116.1
SR-003663,CNC-03,2026-09-23T18:20:00,2.39,59.7,8306,22.0,6.1,116.0
SR-003664,CNC-03,2026-09-23T18:30:00,2.37,61.2,8530,22.1,6.14,118.8
SR-003665,CNC-03,2026-09-23T18:40:00,2.22,61.9,8431,21.6,6.21,116.0
SR-003666,CNC-03,2026-09-23T18:50:00,2.3,61.8,8523,22.3,6.24,114.1
SR-003667,CNC-03,2026-09-23T19:00:00,2.6,61.8,8545,23.2,6.38,116.9
SR-003668,CNC-03,2026-09-23T19:10:00,2.32,60.8,8400,22.5,6.09,123.2
SR-003669,CNC-03,2026-09-23T19:20:00,2.15,61.4,8618,20.4,5.96,117.7
SR-003670,CNC-03,2026-09-23T19:30:00,2.54,61.2,8586,23.0,6.3,120.2
SR-003671,CNC-03,2026-09-23T19:40:00,2.4,61.3,8343,22.4,6.07,118.2
SR-003672,CNC-03,2026-09-23T19:50:00,2.41,61.8,8449,21.7,6.1,116.9
SR-003673,CNC-03,2026-09-23T20:00:00,2.29,60.9,8543,21.9,6.18,116.7
SR-003674,CNC-03,2026-09-23T20:10:00,2.55,61.4,8424,20.2,6.23,116.9
SR-003675,CNC-03,2026-09-23T20:20:00,2.58,61.4,8592,21.9,6.44,117.3
SR-003676,CNC-03,2026-09-23T20:30:00,2.43,63.2,8865,22.7,6.1,114.4
SR-003677,CNC-03,2026-09-23T20:40:00,2.5,60.7,8728,20.8,6.02,116.0
SR-003678,CNC-03,2026-09-23T20:50:00,2.41,61.6,8585,21.6,6.21,114.7
SR-003679,CNC-03,2026-09-23T21:00:00,2.46,61.5,8232,20.7,6.26,120.9
SR-003680,CNC-03,2026-09-23T21:10:00,2.3,61.5,8315,21.5,5.96,115.3
SR-003681,CNC-03,2026-09-23T21:20:00,2.59,61.7,8630,23.0,6.17,119.3
SR-003682,CNC-03,2026-09-23T21:30:00,2.42,60.7,8581,22.6,6.1,121.7
SR-003683,CNC-03,2026-09-23T21:40:00,2.37,60.6,8527,22.2,6.15,117.7
SR-003684,CNC-03,2026-09-23T21:50:00,2.3,61.5,8554,22.3,6.25,119.5
SR-003685,CNC-03,2026-09-23T22:00:00,2.61,62.5,8473,22.6,6.01,117.0
SR-003686,CNC-03,2026-09-23T22:10:00,2.53,61.3,8276,22.6,6.2,112.8
SR-003687,CNC-03,2026-09-23T22:20:00,2.45,60.7,8647,22.4,6.25,118.5
SR-003688,CNC-03,2026-09-23T22:30:00,2.37,59.8,8343,21.0,6.23,120.4
SR-003689,CNC-03,2026-09-23T22:40:00,2.23,60.4,8595,22.8,6.23,118.3
SR-003690,CNC-03,2026-09-23T22:50:00,2.4,61.3,8668,21.7,6.32,117.5
SR-003691,CNC-03,2026-09-23T23:00:00,2.45,59.6,8330,23.0,6.07,114.2
SR-003692,CNC-03,2026-09-23T23:10:00,2.35,61.9,8540,22.2,6.11,115.6
SR-003693,CNC-03,2026-09-23T23:20:00,2.3,59.9,8497,20.8,6.13,116.0
SR-003694,CNC-03,2026-09-23T23:30:00,2.4,60.6,8239,21.8,6.07,117.8
SR-003695,CNC-03,2026-09-23T23:40:00,2.34,60.3,8551,21.2,6.01,118.3
SR-003696,CNC-03,2026-09-23T23:50:00,2.62,61.8,8474,21.3,6.27,119.5
SR-003697,CNC-03,2026-09-24T00:00:00,2.34,61.3,8322,22.7,6.08,116.6
SR-003698,CNC-03,2026-09-24T00:10:00,2.47,60.5,8620,22.9,6.02,115.3
SR-003699,CNC-03,2026-09-24T00:20:00,2.14,62.1,8306,21.5,6.22,119.7
SR-003700,CNC-03,2026-09-24T00:30:00,2.27,60.8,8726,21.0,6.03,116.2
SR-003701,CNC-03,2026-09-24T00:40:00,2.32,60.7,8478,22.2,6.02,115.9
SR-003702,CNC-03,2026-09-24T00:50:00,2.52,60.9,8610,21.7,6.29,115.7
SR-003703,CNC-03,2026-09-24T01:00:00,2.38,61.7,8681,21.2,6.2,120.3
SR-003704,CNC-03,2026-09-24T01:10:00,2.33,61.8,8525,22.7,6.11,114.6
SR-003705,CNC-03,2026-09-24T01:20:00,2.4,61.3,8647,24.3,6.14,115.1
SR-003706,CNC-03,2026-09-24T01:30:00,2.43,60.6,8602,22.5,5.97,118.5
SR-003707,CNC-03,2026-09-24T01:40:00,2.39,60.7,8280,21.5,6.14,117.6
SR-003708,CNC-03,2026-09-24T01:50:00,2.08,61.6,8297,21.0,6.14,117.7
SR-003709,CNC-03,2026-09-24T02:00:00,2.5,60.4,8461,21.6,6.22,121.3
SR-003710,CNC-03,2026-09-24T02:10:00,2.5,61.5,8580,21.0,6.12,115.4
SR-003711,CNC-03,2026-09-24T02:20:00,2.28,61.4,8562,20.5,6.12,117.6
SR-003712,CNC-03,2026-09-24T02:30:00,2.6,62.7,8611,21.7,6.33,119.0
SR-003713,CNC-03,2026-09-24T02:40:00,2.33,62.3,8732,21.1,6.16,121.8
SR-003714,CNC-03,2026-09-24T02:50:00,2.36,61.1,8476,22.5,6.25,115.1
SR-003715,CNC-03,2026-09-24T03:00:00,2.4,62.4,8523,22.6,6.21,119.7
SR-003716,CNC-03,2026-09-24T03:10:00,2.28,61.6,8430,20.8,6.26,120.3
SR-003717,CNC-03,2026-09-24T03:20:00,2.46,62.1,8395,22.2,6.32,117.1
SR-003718,CNC-03,2026-09-24T03:30:00,2.33,61.4,8623,20.3,6.11,116.5
SR-003719,CNC-03,2026-09-24T03:40:00,2.48,61.4,8485,24.2,6.11,118.0
SR-003720,CNC-03,2026-09-24T03:50:00,2.76,62.2,8405,21.8,6.21,121.8
SR-003721,CNC-03,2026-09-24T04:00:00,2.14,62.6,8575,21.5,6.17,120.4
SR-003722,CNC-03,2026-09-24T04:10:00,2.43,61.8,8598,22.0,5.98,115.2
SR-003723,CNC-03,2026-09-24T04:20:00,2.39,62.2,8484,20.9,6.33,117.1
SR-003724,CNC-03,2026-09-24T04:30:00,2.19,62.7,8540,23.0,6.21,116.4
SR-003725,CNC-03,2026-09-24T04:40:00,2.47,61.7,8680,22.8,6.08,114.2
SR-003726,CNC-03,2026-09-24T04:50:00,2.33,60.9,8366,22.6,6.21,118.2
SR-003727,CNC-03,2026-09-24T05:00:00,2.39,62.4,8365,20.6,6.26,120.3
SR-003728,CNC-03,2026-09-24T05:10:00,2.44,62.3,8453,20.6,6.29,116.4
SR-003729,CNC-03,2026-09-24T05:20:00,2.53,61.5,8509,21.9,6.02,116.4
SR-003730,CNC-03,2026-09-24T05:30:00,2.48,62.4,8515,21.5,6.14,115.1
SR-003731,CNC-03,2026-09-24T05:40:00,2.36,61.0,8376,22.9,6.27,112.9
SR-003732,CNC-03,2026-09-24T05:50:00,2.61,60.6,8495,21.2,5.82,119.6
SR-003733,CNC-03,2026-09-24T06:00:00,2.4,62.0,8452,20.3,6.14,120.2
SR-003734,CNC-03,2026-09-24T06:10:00,2.38,60.7,8789,22.2,6.45,120.3
SR-003735,CNC-03,2026-09-24T06:20:00,2.3,61.9,8636,21.0,6.25,119.5
SR-003736,CNC-03,2026-09-24T06:30:00,2.35,62.1,8538,21.9,6.47,118.8
SR-003737,CNC-03,2026-09-24T06:40:00,2.34,61.7,8566,21.5,6.14,116.2
SR-003738,CNC-03,2026-09-24T06:50:00,2.25,62.0,8592,21.1,6.27,113.5
SR-003739,CNC-03,2026-09-24T07:00:00,2.45,63.1,8776,22.1,6.48,115.9
SR-003740,CNC-03,2026-09-24T07:10:00,2.53,62.8,8367,21.9,6.23,117.3
SR-003741,CNC-03,2026-09-24T07:20:00,2.58,62.2,8382,21.5,6.18,119.2
SR-003742,CNC-03,2026-09-24T07:30:00,2.56,61.9,8528,22.0,6.28,122.3
SR-003743,CNC-03,2026-09-24T07:40:00,2.28,63.9,8566,20.8,6.25,114.6
SR-003744,CNC-03,2026-09-24T07:50:00,2.29,63.5,8365,20.8,6.1,116.2
SR-003745,CNC-03,2026-09-24T08:00:00,2.4,61.4,8239,22.1,6.1,120.6
SR-003746,CNC-03,2026-09-24T08:10:00,2.27,62.0,8515,19.9,6.18,114.1
SR-003747,CNC-03,2026-09-24T08:20:00,2.27,61.3,8298,23.2,6.08,122.4
SR-003748,CNC-03,2026-09-24T08:30:00,2.55,62.9,8433,20.9,6.38,118.5
SR-003749,CNC-03,2026-09-24T08:40:00,2.24,61.5,8476,21.8,5.97,116.1
SR-003750,CNC-03,2026-09-24T08:50:00,2.6,61.9,8670,21.8,6.18,118.7
SR-003751,CNC-03,2026-09-24T09:00:00,2.16,62.1,8367,21.4,6.22,115.5
SR-003752,CNC-03,2026-09-24T09:10:00,2.56,62.4,8546,21.4,6.1,123.5
SR-003753,CNC-03,2026-09-24T09:20:00,2.39,62.8,8541,23.0,6.32,117.5
SR-003754,CNC-03,2026-09-24T09:30:00,2.5,62.0,8334,20.6,6.19,121.1
SR-003755,CNC-03,2026-09-24T09:40:00,2.49,62.1,8682,22.7,6.25,117.7
SR-003756,CNC-03,2026-09-24T09:50:00,2.3,62.2,8631,22.0,6.04,115.6
SR-003757,CNC-03,2026-09-24T10:00:00,2.3,62.3,8275,23.2,6.31,115.0
SR-003758,CNC-03,2026-09-24T10:10:00,2.68,62.3,8456,21.6,6.41,119.6
SR-003759,CNC-03,2026-09-24T10:20:00,2.22,64.5,8528,22.7,6.46,122.0
SR-003760,CNC-03,2026-09-24T10:30:00,2.34,62.3,8385,23.0,6.13,119.3
SR-003761,CNC-03,2026-09-24T10:40:00,2.55,62.7,8410,20.6,6.27,117.7
SR-003762,CNC-03,2026-09-24T10:50:00,2.47,63.5,8494,21.7,6.16,115.1
SR-003763,CNC-03,2026-09-24T11:00:00,2.32,62.4,8478,20.4,6.29,116.1
SR-003764,CNC-03,2026-09-24T11:10:00,2.43,62.1,8326,21.4,6.09,118.3
SR-003765,CNC-03,2026-09-24T11:20:00,2.48,62.2,8566,22.9,6.08,118.7
SR-003766,CNC-03,2026-09-24T11:30:00,2.78,63.2,8280,21.6,6.34,115.4
SR-003767,CNC-03,2026-09-24T11:40:00,2.4,62.9,8679,21.2,6.17,118.5
SR-003768,CNC-03,2026-09-24T11:50:00,2.45,62.5,8735,21.7,6.13,117.7
SR-003769,CNC-03,2026-09-24T12:00:00,2.55,63.3,8652,21.8,5.94,115.6
SR-003770,CNC-03,2026-09-24T12:10:00,2.24,61.1,8472,22.1,6.23,121.3
SR-003771,CNC-03,2026-09-24T12:20:00,2.53,64.1,8606,22.0,6.24,117.3
SR-003772,CNC-03,2026-09-24T12:30:00,2.22,64.3,8807,21.7,6.36,115.5
SR-003773,CNC-03,2026-09-24T12:40:00,2.41,63.7,8473,22.2,6.1,118.7
SR-003774,CNC-03,2026-09-24T12:50:00,2.21,63.1,8492,23.6,6.12,116.8
SR-003775,CNC-03,2026-09-24T13:00:00,2.45,62.5,8186,22.2,6.1,116.2
SR-003776,CNC-03,2026-09-24T13:10:00,2.51,62.0,8553,21.9,6.47,116.2
SR-003777,CNC-03,2026-09-24T13:20:00,2.32,62.5,8538,22.1,6.31,116.5
SR-003778,CNC-03,2026-09-24T13:30:00,2.33,63.9,8684,20.2,6.26,116.6
SR-003779,CNC-03,2026-09-24T13:40:00,2.48,62.3,8434,21.7,6.17,118.4
SR-003780,CNC-03,2026-09-24T13:50:00,2.72,63.3,8522,20.5,6.2,123.7
SR-003781,CNC-03,2026-09-24T14:00:00,2.24,64.2,8571,21.4,6.25,119.7
SR-003782,CNC-03,2026-09-24T14:10:00,2.57,62.4,8547,21.7,6.38,117.3
SR-003783,CNC-03,2026-09-24T14:20:00,2.34,62.7,8565,22.8,6.16,117.2
SR-003784,CNC-03,2026-09-24T14:30:00,2.31,63.1,8414,21.7,6.19,119.4
SR-003785,CNC-03,2026-09-24T14:40:00,2.28,63.8,8331,22.9,6.36,114.8
SR-003786,CNC-03,2026-09-24T14:50:00,2.39,61.3,8546,23.2,6.18,120.0
SR-003787,CNC-03,2026-09-24T15:00:00,2.5,63.3,8396,21.6,5.89,119.0
SR-003788,CNC-03,2026-09-24T15:10:00,2.28,61.9,8523,22.3,6.13,125.0
SR-003789,CNC-03,2026-09-24T15:20:00,2.41,61.8,8580,20.7,6.33,116.3
SR-003790,CNC-03,2026-09-24T15:30:00,2.42,61.6,8478,20.8,6.08,120.3
SR-003791,CNC-03,2026-09-24T15:40:00,2.36,62.5,8685,23.1,6.25,114.3
SR-003792,CNC-03,2026-09-24T15:50:00,2.25,61.7,8613,22.3,6.17,121.0
SR-003793,CNC-03,2026-09-24T16:00:00,2.26,63.3,8366,22.7,6.41,118.6
SR-003794,CNC-03,2026-09-24T16:10:00,2.54,62.3,8502,22.5,6.1,122.0
SR-003795,CNC-03,2026-09-24T16:20:00,2.31,62.3,8607,21.2,6.33,117.3
SR-003796,CNC-03,2026-09-24T16:30:00,2.53,61.3,8536,20.7,6.22,115.2
SR-003797,CNC-03,2026-09-24T16:40:00,2.48,62.6,8505,21.9,6.24,117.3
SR-003798,CNC-03,2026-09-24T16:50:00,2.36,62.6,8667,21.8,6.16,117.7
SR-003799,CNC-03,2026-09-24T17:00:00,2.39,62.2,8582,23.3,6.28,117.0
SR-003800,CNC-03,2026-09-24T17:10:00,2.53,63.3,8395,23.5,6.18,117.9
SR-003801,CNC-03,2026-09-24T17:20:00,2.28,62.9,8417,20.7,6.35,116.7
SR-003802,CNC-03,2026-09-24T17:30:00,2.45,62.3,8727,22.0,6.24,118.9
SR-003803,CNC-03,2026-09-24T17:40:00,2.35,62.8,8563,23.6,6.3,118.8
SR-003804,CNC-03,2026-09-24T17:50:00,2.44,62.5,8392,23.1,6.3,117.5
SR-003805,CNC-03,2026-09-24T18:00:00,2.38,61.6,8642,22.0,6.27,120.0
SR-003806,CNC-03,2026-09-24T18:10:00,2.31,64.0,8439,22.3,6.09,118.8
SR-003807,CNC-03,2026-09-24T18:20:00,2.58,62.2,8335,21.1,6.23,115.5
SR-003808,CNC-03,2026-09-24T18:30:00,2.32,60.6,8353,21.9,6.09,118.0
SR-003809,CNC-03,2026-09-24T18:40:00,2.36,62.0,8651,21.8,6.4,119.2
SR-003810,CNC-03,2026-09-24T18:50:00,2.34,62.0,8555,22.5,6.22,115.7
SR-003811,CNC-03,2026-09-24T19:00:00,2.41,62.4,8566,23.1,6.11,121.4
SR-003812,CNC-03,2026-09-24T19:10:00,2.3,60.8,8490,22.7,5.95,120.1
SR-003813,CNC-03,2026-09-24T19:20:00,2.27,62.4,8527,19.9,6.18,115.5
SR-003814,CNC-03,2026-09-24T19:30:00,2.59,61.2,8449,22.4,6.04,117.2
SR-003815,CNC-03,2026-09-24T19:40:00,2.35,61.0,8467,20.9,6.28,115.5
SR-003816,CNC-03,2026-09-24T19:50:00,2.27,62.8,8571,22.1,6.16,120.5
SR-003817,CNC-03,2026-09-24T20:00:00,2.39,62.9,8644,23.0,6.44,118.0
SR-003818,CNC-03,2026-09-24T20:10:00,2.45,61.4,8565,21.8,5.97,118.8
SR-003819,CNC-03,2026-09-24T20:20:00,2.37,60.7,8589,24.2,6.15,118.8
SR-003820,CNC-03,2026-09-24T20:30:00,2.49,60.8,8531,20.7,6.1,117.3
SR-003821,CNC-03,2026-09-24T20:40:00,2.56,61.2,8646,21.6,6.11,119.8
SR-003822,CNC-03,2026-09-24T20:50:00,2.28,60.4,8459,22.4,6.11,117.5
SR-003823,CNC-03,2026-09-24T21:00:00,2.38,61.3,8447,22.3,6.15,118.0
SR-003824,CNC-03,2026-09-24T21:10:00,2.4,62.4,8454,23.6,6.24,119.0
SR-003825,CNC-03,2026-09-24T21:20:00,2.21,60.9,8364,21.9,6.06,120.6
SR-003826,CNC-03,2026-09-24T21:30:00,2.48,61.6,8384,22.3,5.95,120.3
SR-003827,CNC-03,2026-09-24T21:40:00,2.19,61.2,8529,21.0,6.29,118.3
SR-003828,CNC-03,2026-09-24T21:50:00,2.38,61.2,8406,21.5,6.23,119.2
SR-003829,CNC-03,2026-09-24T22:00:00,2.27,62.8,8295,23.1,6.24,122.5
SR-003830,CNC-03,2026-09-24T22:10:00,2.3,61.9,8404,20.1,6.24,118.2
SR-003831,CNC-03,2026-09-24T22:20:00,2.61,61.8,8455,22.5,6.38,116.8
SR-003832,CNC-03,2026-09-24T22:30:00,2.36,60.0,8561,23.3,6.07,121.2
SR-003833,CNC-03,2026-09-24T22:40:00,2.65,60.3,8547,21.5,6.15,119.3
SR-003834,CNC-03,2026-09-24T22:50:00,2.61,60.6,8432,22.6,6.29,118.0
SR-003835,CNC-03,2026-09-24T23:00:00,2.32,61.2,8377,22.2,6.45,116.0
SR-003836,CNC-03,2026-09-24T23:10:00,2.41,61.4,8593,21.3,6.13,119.1
SR-003837,CNC-03,2026-09-24T23:20:00,2.31,60.5,8726,22.2,6.35,117.1
SR-003838,CNC-03,2026-09-24T23:30:00,2.48,61.8,8641,21.6,6.11,114.9
SR-003839,CNC-03,2026-09-24T23:40:00,2.33,60.4,8678,22.9,6.12,116.3
SR-003840,CNC-03,2026-09-24T23:50:00,2.38,62.3,8447,22.3,6.13,119.5
SR-003841,CNC-03,2026-09-25T00:00:00,2.37,61.3,8490,20.8,6.27,116.7
SR-003842,CNC-03,2026-09-25T00:10:00,2.53,61.0,8576,22.5,6.13,116.4
SR-003843,CNC-03,2026-09-25T00:20:00,2.42,61.8,8690,22.6,6.12,117.6
SR-003844,CNC-03,2026-09-25T00:30:00,2.5,62.0,8585,22.4,6.23,118.3
SR-003845,CNC-03,2026-09-25T00:40:00,2.33,60.2,8621,22.1,6.14,114.6
SR-003846,CNC-03,2026-09-25T00:50:00,2.49,62.3,8506,22.6,6.26,114.9
SR-003847,CNC-03,2026-09-25T01:00:00,2.44,60.5,8525,23.6,6.12,119.3
SR-003848,CNC-03,2026-09-25T01:10:00,2.45,62.6,8604,22.1,5.93,118.2
SR-003849,CNC-03,2026-09-25T01:20:00,2.45,62.5,8531,21.5,6.13,117.4
SR-003850,CNC-03,2026-09-25T01:30:00,2.51,60.1,8707,22.0,6.04,116.7
SR-003851,CNC-03,2026-09-25T01:40:00,2.51,61.3,8440,20.6,6.31,120.0
SR-003852,CNC-03,2026-09-25T01:50:00,2.31,60.3,8331,22.3,6.27,117.3
SR-003853,CNC-03,2026-09-25T02:00:00,2.47,61.6,8444,21.0,6.06,115.9
SR-003854,CNC-03,2026-09-25T02:10:00,2.47,61.3,8507,22.7,6.23,117.6
SR-003855,CNC-03,2026-09-25T02:20:00,2.41,61.5,8560,21.2,5.86,117.9
SR-003856,CNC-03,2026-09-25T02:30:00,2.24,62.6,8431,21.3,6.12,115.6
SR-003857,CNC-03,2026-09-25T02:40:00,2.45,59.9,8432,22.5,6.12,118.0
SR-003858,CNC-03,2026-09-25T02:50:00,2.26,60.8,8299,21.2,6.35,116.2
SR-003859,CNC-03,2026-09-25T03:00:00,2.47,60.2,8593,21.9,6.26,119.0
SR-003860,CNC-03,2026-09-25T03:10:00,2.19,60.5,8567,23.6,6.14,120.6
SR-003861,CNC-03,2026-09-25T03:20:00,2.3,59.7,8461,21.5,6.27,114.8
SR-003862,CNC-03,2026-09-25T03:30:00,2.46,61.6,8516,21.3,6.24,120.3
SR-003863,CNC-03,2026-09-25T03:40:00,2.38,62.0,8468,19.3,6.21,116.9
SR-003864,CNC-03,2026-09-25T03:50:00,2.37,61.5,8647,22.2,6.0,114.5
SR-003865,CNC-03,2026-09-25T04:00:00,2.48,60.2,8230,23.9,6.18,112.8
SR-003866,CNC-03,2026-09-25T04:10:00,2.35,59.6,8305,22.9,6.25,118.2
SR-003867,CNC-03,2026-09-25T04:20:00,2.31,61.7,8536,22.1,6.2,117.0
SR-003868,CNC-03,2026-09-25T04:30:00,2.5,61.5,8710,22.7,6.34,119.5
SR-003869,CNC-03,2026-09-25T04:40:00,2.43,61.9,8571,20.7,6.27,114.9
SR-003870,CNC-03,2026-09-25T04:50:00,2.37,63.4,8589,22.4,6.09,118.5
SR-003871,CNC-03,2026-09-25T05:00:00,2.33,61.3,8263,22.5,6.34,117.1
SR-003872,CNC-03,2026-09-25T05:10:00,2.45,61.8,8227,21.1,6.0,118.7
SR-003873,CNC-03,2026-09-25T05:20:00,2.39,62.2,8496,23.4,6.29,118.0
SR-003874,CNC-03,2026-09-25T05:30:00,2.61,62.7,8483,22.4,6.33,117.9
SR-003875,CNC-03,2026-09-25T05:40:00,1.92,61.7,8354,22.6,6.28,121.3
SR-003876,CNC-03,2026-09-25T05:50:00,2.49,61.4,8353,22.8,6.37,116.6
SR-003877,CNC-03,2026-09-25T06:00:00,2.53,61.5,8536,21.7,6.34,119.2
SR-003878,CNC-03,2026-09-25T06:10:00,2.51,63.1,8367,22.4,6.08,115.9
SR-003879,CNC-03,2026-09-25T06:20:00,2.38,61.1,8517,21.8,6.19,117.8
SR-003880,CNC-03,2026-09-25T06:30:00,2.42,62.3,8707,20.0,6.2,118.2
SR-003881,CNC-03,2026-09-25T06:40:00,2.38,63.0,8534,22.2,6.46,115.2
SR-003882,CNC-03,2026-09-25T06:50:00,2.28,61.7,8417,22.8,6.18,120.1
SR-003883,CNC-03,2026-09-25T07:00:00,2.45,61.6,8479,22.5,6.21,118.5
SR-003884,CNC-03,2026-09-25T07:10:00,2.48,62.2,8786,22.2,6.34,119.5
SR-003885,CNC-03,2026-09-25T07:20:00,2.47,62.0,8573,22.2,6.25,120.7
SR-003886,CNC-03,2026-09-25T07:30:00,2.11,61.6,8475,23.0,6.35,117.5
SR-003887,CNC-03,2026-09-25T07:40:00,2.44,62.1,8349,22.2,6.26,120.4
SR-003888,CNC-03,2026-09-25T07:50:00,2.34,62.1,8435,19.8,6.05,120.7
SR-003889,CNC-03,2026-09-25T08:00:00,2.31,62.6,8388,22.2,5.99,118.1
SR-003890,CNC-03,2026-09-25T08:10:00,2.33,62.9,8570,21.3,6.23,116.4
SR-003891,CNC-03,2026-09-25T08:20:00,2.31,62.5,8573,23.4,6.13,117.5
SR-003892,CNC-03,2026-09-25T08:30:00,2.51,61.5,8502,21.3,6.12,120.0
SR-003893,CNC-03,2026-09-25T08:40:00,2.49,63.0,8560,22.5,6.28,116.9
SR-003894,CNC-03,2026-09-25T08:50:00,2.37,62.8,8298,20.8,6.36,119.9
SR-003895,CNC-03,2026-09-25T09:00:00,2.33,61.8,8477,19.3,6.19,119.7
SR-003896,CNC-03,2026-09-25T09:10:00,2.59,62.1,8435,21.4,6.12,116.7
SR-003897,CNC-03,2026-09-25T09:20:00,2.4,62.5,8377,21.4,6.35,115.4
SR-003898,CNC-03,2026-09-25T09:30:00,2.47,63.1,8339,22.9,6.4,117.5
SR-003899,CNC-03,2026-09-25T09:40:00,2.36,61.5,8557,21.9,6.14,119.9
SR-003900,CNC-03,2026-09-25T09:50:00,2.45,63.5,8633,21.0,6.18,122.8
SR-003901,CNC-03,2026-09-25T10:00:00,2.21,62.6,8460,23.7,6.32,119.2
SR-003902,CNC-03,2026-09-25T10:10:00,2.29,62.9,8362,21.9,6.14,118.5
SR-003903,CNC-03,2026-09-25T10:20:00,2.34,61.8,8660,21.7,6.04,116.5
SR-003904,CNC-03,2026-09-25T10:30:00,2.32,62.9,8572,21.8,6.22,120.7
SR-003905,CNC-03,2026-09-25T10:40:00,2.37,62.5,8543,23.3,5.99,117.5
SR-003906,CNC-03,2026-09-25T10:50:00,2.37,63.2,8616,20.4,6.09,118.1
SR-003907,CNC-03,2026-09-25T11:00:00,2.42,62.3,8272,21.7,6.04,117.4
SR-003908,CNC-03,2026-09-25T11:10:00,2.48,62.9,8319,20.7,6.17,119.4
SR-003909,CNC-03,2026-09-25T11:20:00,2.44,62.5,8503,22.5,6.21,116.2
SR-003910,CNC-03,2026-09-25T11:30:00,2.55,63.7,8810,22.4,6.2,116.0
SR-003911,CNC-03,2026-09-25T11:40:00,2.39,63.2,8214,22.3,6.24,116.9
SR-003912,CNC-03,2026-09-25T11:50:00,2.34,62.8,8543,21.4,6.24,118.2
SR-003913,CNC-03,2026-09-25T12:00:00,2.45,63.4,8539,20.2,6.32,116.4
SR-003914,CNC-03,2026-09-25T12:10:00,2.45,64.0,8575,22.1,6.32,115.8
SR-003915,CNC-03,2026-09-25T12:20:00,2.43,63.9,8542,24.5,6.36,117.9
SR-003916,CNC-03,2026-09-25T12:30:00,2.42,63.4,8505,21.8,6.14,119.8
SR-003917,CNC-03,2026-09-25T12:40:00,2.52,62.5,8362,22.0,6.13,114.2
SR-003918,CNC-03,2026-09-25T12:50:00,2.3,64.5,8473,21.9,6.19,119.2
SR-003919,CNC-03,2026-09-25T13:00:00,2.45,63.1,8648,23.6,6.09,121.3
SR-003920,CNC-03,2026-09-25T13:10:00,2.43,63.1,8618,21.2,6.17,121.0
SR-003921,CNC-03,2026-09-25T13:20:00,2.27,62.7,8509,21.8,6.12,117.6
SR-003922,CNC-03,2026-09-25T13:30:00,2.38,64.1,8714,21.5,6.09,112.3
SR-003923,CNC-03,2026-09-25T13:40:00,2.42,63.2,8519,22.9,6.31,119.0
SR-003924,CNC-03,2026-09-25T13:50:00,2.64,60.9,8542,22.3,6.3,121.3
SR-003925,CNC-03,2026-09-25T14:00:00,2.4,61.4,8567,22.7,6.43,115.4
SR-003926,CNC-03,2026-09-25T14:10:00,2.58,62.5,8648,23.3,6.29,119.0
SR-003927,CNC-03,2026-09-25T14:20:00,2.53,62.8,8419,20.9,6.1,119.0
SR-003928,CNC-03,2026-09-25T14:30:00,2.38,62.8,8346,22.9,6.1,117.2
SR-003929,CNC-03,2026-09-25T14:40:00,2.29,63.1,8443,21.9,6.33,114.9
SR-003930,CNC-03,2026-09-25T14:50:00,2.39,62.0,8457,20.7,6.23,120.5
SR-003931,CNC-03,2026-09-25T15:00:00,2.4,62.7,8497,23.5,6.13,117.9
SR-003932,CNC-03,2026-09-25T15:10:00,2.54,62.7,8458,20.0,6.09,119.1
SR-003933,CNC-03,2026-09-25T15:20:00,2.57,62.9,8273,22.1,6.29,115.4
SR-003934,CNC-03,2026-09-25T15:30:00,2.41,61.9,8481,21.7,6.26,114.4
SR-003935,CNC-03,2026-09-25T15:40:00,2.41,61.6,8617,21.9,6.25,116.0
SR-003936,CNC-03,2026-09-25T15:50:00,2.12,63.6,8405,22.0,6.31,115.2
SR-003937,CNC-03,2026-09-25T16:00:00,2.53,62.7,8535,22.9,6.17,117.7
SR-003938,CNC-03,2026-09-25T16:10:00,2.45,61.7,8389,21.7,6.06,119.8
SR-003939,CNC-03,2026-09-25T16:20:00,2.5,63.4,8536,21.8,6.31,117.0
SR-003940,CNC-03,2026-09-25T16:30:00,2.4,62.3,8460,21.8,6.22,114.3
SR-003941,CNC-03,2026-09-25T16:40:00,2.6,62.6,8634,21.8,6.31,120.1
SR-003942,CNC-03,2026-09-25T16:50:00,2.35,62.4,8495,21.1,6.09,124.7
SR-003943,CNC-03,2026-09-25T17:00:00,2.49,63.5,8524,21.7,6.16,113.9
SR-003944,CNC-03,2026-09-25T17:10:00,2.44,62.2,8472,21.2,6.04,117.2
SR-003945,CNC-03,2026-09-25T17:20:00,2.5,63.1,8523,22.1,6.12,119.0
SR-003946,CNC-03,2026-09-25T17:30:00,2.49,62.1,8355,23.6,6.24,117.4
SR-003947,CNC-03,2026-09-25T17:40:00,2.35,62.7,8649,22.0,6.11,121.0
SR-003948,CNC-03,2026-09-25T17:50:00,2.51,61.7,8200,22.3,6.13,119.2
SR-003949,CNC-03,2026-09-25T18:00:00,2.39,62.3,8440,21.6,6.25,120.4
SR-003950,CNC-03,2026-09-25T18:10:00,2.35,62.5,8567,22.4,6.22,114.7
SR-003951,CNC-03,2026-09-25T18:20:00,2.34,60.8,8378,22.1,6.1,117.0
SR-003952,CNC-03,2026-09-25T18:30:00,2.24,62.4,8509,22.6,6.17,117.5
SR-003953,CNC-03,2026-09-25T18:40:00,2.46,62.0,8621,21.9,6.25,115.7
SR-003954,CNC-03,2026-09-25T18:50:00,2.23,62.1,8646,22.2,6.11,118.4
SR-003955,CNC-03,2026-09-25T19:00:00,2.45,62.3,8589,21.5,6.17,116.9
SR-003956,CNC-03,2026-09-25T19:10:00,2.32,62.0,8458,23.2,6.31,118.8
SR-003957,CNC-03,2026-09-25T19:20:00,2.16,62.0,8623,21.3,6.24,122.6
SR-003958,CNC-03,2026-09-25T19:30:00,2.45,62.9,8494,21.7,6.23,120.2
SR-003959,CNC-03,2026-09-25T19:40:00,2.64,62.7,8626,22.0,6.16,117.6
SR-003960,CNC-03,2026-09-25T19:50:00,2.64,62.3,8638,22.8,5.93,118.9
SR-003961,CNC-03,2026-09-25T20:00:00,2.51,61.2,8436,21.5,6.28,112.9
SR-003962,CNC-03,2026-09-25T20:10:00,2.41,62.4,8498,20.8,6.46,120.0
SR-003963,CNC-03,2026-09-25T20:20:00,2.45,62.1,8390,23.0,5.99,114.8
SR-003964,CNC-03,2026-09-25T20:30:00,2.44,60.5,8509,21.6,6.16,115.1
SR-003965,CNC-03,2026-09-25T20:40:00,2.55,61.0,8523,22.3,6.37,115.9
SR-003966,CNC-03,2026-09-25T20:50:00,2.29,61.0,8388,23.7,6.18,113.8
SR-003967,CNC-03,2026-09-25T21:00:00,2.59,61.2,8525,22.5,6.22,117.0
SR-003968,CNC-03,2026-09-25T21:10:00,2.49,60.7,8532,23.0,6.06,118.9
SR-003969,CNC-03,2026-09-25T21:20:00,2.43,60.1,8458,21.8,5.95,117.1
SR-003970,CNC-03,2026-09-25T21:30:00,2.32,60.6,8411,23.0,6.29,121.1
SR-003971,CNC-03,2026-09-25T21:40:00,2.32,61.1,8381,22.7,6.12,119.0
SR-003972,CNC-03,2026-09-25T21:50:00,2.49,60.9,8526,20.8,5.99,118.5
SR-003973,CNC-03,2026-09-25T22:00:00,2.42,60.4,8308,21.0,6.32,121.7
SR-003974,CNC-03,2026-09-25T22:10:00,2.34,61.0,8493,22.0,5.96,115.3
SR-003975,CNC-03,2026-09-25T22:20:00,2.33,61.5,8694,23.9,6.15,119.2
SR-003976,CNC-03,2026-09-25T22:30:00,2.46,61.7,8441,21.5,6.18,121.3
SR-003977,CNC-03,2026-09-25T22:40:00,2.58,61.5,8447,20.8,6.33,117.2
SR-003978,CNC-03,2026-09-25T22:50:00,2.52,60.1,8588,20.8,6.12,117.2
SR-003979,CNC-03,2026-09-25T23:00:00,2.48,62.5,8324,22.7,6.04,121.8
SR-003980,CNC-03,2026-09-25T23:10:00,2.59,62.2,8547,22.1,6.03,117.5
SR-003981,CNC-03,2026-09-25T23:20:00,2.28,61.1,8490,23.8,6.16,117.3
SR-003982,CNC-03,2026-09-25T23:30:00,2.27,61.1,8291,21.9,6.37,116.1
SR-003983,CNC-03,2026-09-25T23:40:00,2.43,60.4,8610,23.8,6.18,116.1
SR-003984,CNC-03,2026-09-25T23:50:00,2.17,61.1,8454,22.3,6.56,118.0
SR-003985,CNC-03,2026-09-26T00:00:00,2.31,63.4,8532,21.8,6.2,114.0
SR-003986,CNC-03,2026-09-26T00:10:00,2.52,60.9,8602,22.0,6.4,114.3
SR-003987,CNC-03,2026-09-26T00:20:00,2.42,61.4,8402,22.5,6.3,114.9
SR-003988,CNC-03,2026-09-26T00:30:00,2.52,60.0,8234,23.3,5.93,118.3
SR-003989,CNC-03,2026-09-26T00:40:00,2.32,61.6,8452,21.4,6.42,114.3
SR-003990,CNC-03,2026-09-26T00:50:00,2.56,61.5,8438,23.4,6.16,118.8
SR-003991,CNC-03,2026-09-26T01:00:00,2.29,59.8,8606,22.5,6.25,120.9
SR-003992,CNC-03,2026-09-26T01:10:00,2.39,60.6,8435,21.9,6.29,113.1
SR-003993,CNC-03,2026-09-26T01:20:00,2.18,60.6,8625,22.5,6.03,114.8
SR-003994,CNC-03,2026-09-26T01:30:00,2.31,61.4,8404,23.0,6.46,119.1
SR-003995,CNC-03,2026-09-26T01:40:00,2.49,60.8,8527,22.1,5.97,114.8
SR-003996,CNC-03,2026-09-26T01:50:00,2.6,62.0,8604,22.3,6.24,121.3
SR-003997,CNC-03,2026-09-26T02:00:00,2.16,61.2,8485,22.7,6.21,112.0
SR-003998,CNC-03,2026-09-26T02:10:00,2.37,61.2,8399,21.8,6.13,114.5
SR-003999,CNC-03,2026-09-26T02:20:00,2.37,59.2,8409,20.8,6.24,121.5
SR-004000,CNC-03,2026-09-26T02:30:00,2.34,62.3,8338,22.6,6.31,118.3
SR-004001,CNC-03,2026-09-26T02:40:00,2.54,60.4,8405,22.3,6.21,124.0
SR-004002,CNC-03,2026-09-26T02:50:00,2.55,61.2,8517,22.5,6.19,119.0
SR-004003,CNC-03,2026-09-26T03:00:00,2.49,61.4,8698,22.2,6.07,117.2
SR-004004,CNC-03,2026-09-26T03:10:00,2.52,62.8,8674,21.8,6.31,116.5
SR-004005,CNC-03,2026-09-26T03:20:00,2.28,61.5,8411,21.8,6.14,118.1
SR-004006,CNC-03,2026-09-26T03:30:00,2.46,62.3,8061,21.8,6.05,116.7
SR-004007,CNC-03,2026-09-26T03:40:00,2.57,61.7,8419,22.7,6.36,116.4
SR-004008,CNC-03,2026-09-26T03:50:00,2.52,59.5,8512,21.7,6.31,117.7
SR-004009,CNC-03,2026-09-26T04:00:00,2.62,62.3,8613,24.4,6.02,115.7
SR-004010,CNC-03,2026-09-26T04:10:00,2.37,60.3,8555,23.4,6.3,120.8
SR-004011,CNC-03,2026-09-26T04:20:00,2.41,61.9,8543,22.0,6.16,117.6
SR-004012,CNC-03,2026-09-26T04:30:00,2.45,62.6,8451,21.4,6.21,118.3
SR-004013,CNC-03,2026-09-26T04:40:00,2.42,61.8,8538,21.8,6.18,122.2
SR-004014,CNC-03,2026-09-26T04:50:00,2.33,63.4,8433,21.2,6.27,119.0
SR-004015,CNC-03,2026-09-26T05:00:00,2.48,61.7,8785,22.1,6.45,120.0
SR-004016,CNC-03,2026-09-26T05:10:00,2.29,62.2,8516,23.0,6.14,115.7
SR-004017,CNC-03,2026-09-26T05:20:00,2.31,61.5,8444,21.9,6.28,118.9
SR-004018,CNC-03,2026-09-26T05:30:00,2.36,61.8,8633,22.8,6.11,117.8
SR-004019,CNC-03,2026-09-26T05:40:00,2.5,61.6,8536,22.6,6.02,117.8
SR-004020,CNC-03,2026-09-26T05:50:00,2.52,62.7,8445,20.4,6.29,117.4
SR-004021,CNC-03,2026-09-26T06:00:00,2.33,62.0,8705,21.9,6.37,118.5
SR-004022,CNC-03,2026-09-26T06:10:00,2.56,61.9,8356,22.5,6.32,120.4
SR-004023,CNC-03,2026-09-26T06:20:00,2.35,61.0,8545,20.9,6.15,119.7
SR-004024,CNC-03,2026-09-26T06:30:00,2.52,62.1,8578,21.4,6.11,115.2
SR-004025,CNC-03,2026-09-26T06:40:00,2.39,63.9,8666,21.1,6.25,120.3
SR-004026,CNC-03,2026-09-26T06:50:00,2.28,61.3,8462,19.8,6.19,120.2
SR-004027,CNC-03,2026-09-26T07:00:00,2.3,62.4,8558,22.0,6.19,118.0
SR-004028,CNC-03,2026-09-26T07:10:00,2.59,60.8,8566,21.5,6.15,117.1
SR-004029,CNC-03,2026-09-26T07:20:00,2.3,62.8,8512,23.2,6.18,117.3
SR-004030,CNC-03,2026-09-26T07:30:00,2.42,62.7,8713,23.4,6.17,117.1
SR-004031,CNC-03,2026-09-26T07:40:00,2.52,62.4,8561,21.8,6.13,119.2
SR-004032,CNC-03,2026-09-26T07:50:00,2.41,63.9,8580,21.7,6.3,119.8
SR-004033,CNC-03,2026-09-26T08:00:00,2.43,64.8,8417,21.0,6.27,118.3
SR-004034,CNC-03,2026-09-26T08:10:00,2.47,62.2,8607,23.0,6.16,119.2
SR-004035,CNC-03,2026-09-26T08:20:00,2.31,62.3,8500,23.0,6.44,113.0
SR-004036,CNC-03,2026-09-26T08:30:00,2.28,62.5,8514,21.1,5.99,111.0
SR-004037,CNC-03,2026-09-26T08:40:00,2.45,63.9,8579,22.0,6.16,117.1
SR-004038,CNC-03,2026-09-26T08:50:00,2.49,62.1,8355,23.0,6.26,117.1
SR-004039,CNC-03,2026-09-26T09:00:00,2.61,62.1,8507,21.6,6.46,122.3
SR-004040,CNC-03,2026-09-26T09:10:00,2.62,63.7,8644,22.0,6.13,117.6
SR-004041,CNC-03,2026-09-26T09:20:00,2.18,63.0,8790,22.1,6.15,120.0
SR-004042,CNC-03,2026-09-26T09:30:00,2.45,63.2,8292,21.5,6.22,118.9
SR-004043,CNC-03,2026-09-26T09:40:00,2.32,63.2,8281,21.8,6.28,116.0
SR-004044,CNC-03,2026-09-26T09:50:00,2.43,62.2,8618,21.9,6.18,116.0
SR-004045,CNC-03,2026-09-26T10:00:00,2.42,61.2,8359,22.1,6.25,120.5
SR-004046,CNC-03,2026-09-26T10:10:00,2.4,62.2,8419,21.0,6.06,114.2
SR-004047,CNC-03,2026-09-26T10:20:00,2.61,61.7,8517,21.8,6.18,119.1
SR-004048,CNC-03,2026-09-26T10:30:00,2.42,62.3,8345,20.6,6.1,118.8
SR-004049,CNC-03,2026-09-26T10:40:00,2.2,62.7,8430,22.6,6.29,124.0
SR-004050,CNC-03,2026-09-26T10:50:00,2.37,62.2,8390,22.9,6.29,117.3
SR-004051,CNC-03,2026-09-26T11:00:00,2.28,63.5,8259,21.6,6.04,119.1
SR-004052,CNC-03,2026-09-26T11:10:00,2.48,62.9,8511,21.6,6.3,120.8
SR-004053,CNC-03,2026-09-26T11:20:00,2.32,62.9,8452,22.0,6.19,120.0
SR-004054,CNC-03,2026-09-26T11:30:00,2.52,63.1,8416,21.9,6.23,117.7
SR-004055,CNC-03,2026-09-26T11:40:00,2.18,62.8,8534,20.5,6.2,116.7
SR-004056,CNC-03,2026-09-26T11:50:00,2.41,63.5,8481,22.3,6.33,117.3
SR-004057,CNC-03,2026-09-26T12:00:00,2.47,62.9,8793,22.1,6.27,116.1
SR-004058,CNC-03,2026-09-26T12:10:00,2.32,64.2,8602,21.4,6.24,115.4
SR-004059,CNC-03,2026-09-26T12:20:00,2.44,62.9,8453,22.1,6.44,118.5
SR-004060,CNC-03,2026-09-26T12:30:00,2.33,62.8,8609,22.3,5.94,118.7
SR-004061,CNC-03,2026-09-26T12:40:00,2.4,61.5,8322,21.7,6.31,120.4
SR-004062,CNC-03,2026-09-26T12:50:00,2.38,62.5,8320,20.5,6.36,116.2
SR-004063,CNC-03,2026-09-26T13:00:00,2.37,63.4,8348,22.1,6.28,118.1
SR-004064,CNC-03,2026-09-26T13:10:00,2.24,63.0,8423,22.5,6.27,117.9
SR-004065,CNC-03,2026-09-26T13:20:00,2.34,63.8,8724,21.3,6.37,117.5
SR-004066,CNC-03,2026-09-26T13:30:00,2.46,61.8,8740,22.0,6.18,118.3
SR-004067,CNC-03,2026-09-26T13:40:00,2.36,62.3,8541,22.6,5.98,120.3
SR-004068,CNC-03,2026-09-26T13:50:00,2.58,62.2,8398,21.3,6.05,113.8
SR-004069,CNC-03,2026-09-26T14:00:00,2.44,63.1,8539,22.6,6.22,117.9
SR-004070,CNC-03,2026-09-26T14:10:00,2.38,64.2,8402,21.1,6.27,116.4
SR-004071,CNC-03,2026-09-26T14:20:00,2.58,61.2,8407,21.4,6.2,116.1
SR-004072,CNC-03,2026-09-26T14:30:00,2.32,62.6,8228,21.7,6.14,118.3
SR-004073,CNC-03,2026-09-26T14:40:00,2.56,64.3,8425,23.1,6.07,118.3
SR-004074,CNC-03,2026-09-26T14:50:00,2.21,62.6,8642,22.6,6.0,119.9
SR-004075,CNC-03,2026-09-26T15:00:00,2.42,61.2,8655,22.1,6.27,118.6
SR-004076,CNC-03,2026-09-26T15:10:00,2.5,62.7,8342,21.5,6.24,117.4
SR-004077,CNC-03,2026-09-26T15:20:00,2.43,64.3,8529,22.0,5.94,116.3
SR-004078,CNC-03,2026-09-26T15:30:00,2.75,62.9,8436,20.6,6.25,118.5
SR-004079,CNC-03,2026-09-26T15:40:00,2.34,62.4,8337,21.3,6.15,118.0
SR-004080,CNC-03,2026-09-26T15:50:00,2.42,63.5,8711,21.6,6.05,117.9
SR-004081,CNC-03,2026-09-26T16:00:00,2.32,62.6,8389,20.6,6.17,112.4
SR-004082,CNC-03,2026-09-26T16:10:00,2.48,60.6,8316,24.2,6.24,117.9
SR-004083,CNC-03,2026-09-26T16:20:00,2.41,61.2,8481,21.1,6.03,117.3
SR-004084,CNC-03,2026-09-26T16:30:00,2.51,62.6,8532,22.8,6.31,115.2
SR-004085,CNC-03,2026-09-26T16:40:00,2.38,62.3,8422,22.7,6.33,112.9
SR-004086,CNC-03,2026-09-26T16:50:00,2.33,62.6,8738,21.3,6.2,116.6
SR-004087,CNC-03,2026-09-26T17:00:00,2.25,63.0,8406,22.5,6.04,118.1
SR-004088,CNC-03,2026-09-26T17:10:00,2.54,62.8,8293,22.4,6.26,116.5
SR-004089,CNC-03,2026-09-26T17:20:00,2.5,62.1,8654,22.3,6.18,120.2
SR-004090,CNC-03,2026-09-26T17:30:00,2.33,61.9,8364,21.7,6.15,119.1
SR-004091,CNC-03,2026-09-26T17:40:00,2.39,61.6,8661,22.9,6.22,118.3
SR-004092,CNC-03,2026-09-26T17:50:00,2.56,62.7,8207,21.8,6.21,117.3
SR-004093,CNC-03,2026-09-26T18:00:00,2.52,61.9,8539,22.7,6.41,113.8
SR-004094,CNC-03,2026-09-26T18:10:00,2.37,61.1,8434,20.7,6.44,116.8
SR-004095,CNC-03,2026-09-26T18:20:00,2.36,61.3,8583,21.7,6.01,120.2
SR-004096,CNC-03,2026-09-26T18:30:00,2.49,62.4,8611,22.6,6.18,114.6
SR-004097,CNC-03,2026-09-26T18:40:00,2.5,61.0,8471,24.3,6.25,118.2
SR-004098,CNC-03,2026-09-26T18:50:00,2.24,62.3,8496,21.4,6.25,113.9
SR-004099,CNC-03,2026-09-26T19:00:00,2.6,62.4,8461,22.8,5.99,116.5
SR-004100,CNC-03,2026-09-26T19:10:00,2.44,62.1,8486,20.2,6.26,115.6
SR-004101,CNC-03,2026-09-26T19:20:00,2.28,61.1,8371,20.0,6.1,115.5
SR-004102,CNC-03,2026-09-26T19:30:00,2.69,60.6,8414,23.4,6.5,117.2
SR-004103,CNC-03,2026-09-26T19:40:00,2.57,61.2,8501,22.2,6.44,120.4
SR-004104,CNC-03,2026-09-26T19:50:00,2.4,60.5,8414,21.4,6.4,114.6
SR-004105,CNC-03,2026-09-26T20:00:00,2.42,62.4,8634,21.1,6.09,117.8
SR-004106,CNC-03,2026-09-26T20:10:00,2.39,60.6,8453,22.0,6.32,119.3
SR-004107,CNC-03,2026-09-26T20:20:00,2.55,61.1,8338,23.3,6.42,120.9
SR-004108,CNC-03,2026-09-26T20:30:00,2.38,61.1,8427,22.0,6.43,115.4
SR-004109,CNC-03,2026-09-26T20:40:00,2.44,60.5,8422,23.3,6.4,116.9
SR-004110,CNC-03,2026-09-26T20:50:00,2.62,60.8,8754,22.4,6.15,117.7
SR-004111,CNC-03,2026-09-26T21:00:00,2.43,60.2,8808,23.8,6.21,120.3
SR-004112,CNC-03,2026-09-26T21:10:00,2.31,62.0,8650,22.3,6.29,115.6
SR-004113,CNC-03,2026-09-26T21:20:00,2.12,61.6,8544,21.5,6.19,119.4
SR-004114,CNC-03,2026-09-26T21:30:00,2.33,60.4,8599,24.1,6.09,114.7
SR-004115,CNC-03,2026-09-26T21:40:00,2.36,62.2,8493,21.1,6.24,113.9
SR-004116,CNC-03,2026-09-26T21:50:00,2.42,61.6,8559,21.3,6.28,117.4
SR-004117,CNC-03,2026-09-26T22:00:00,2.38,59.9,8355,21.7,6.2,118.0
SR-004118,CNC-03,2026-09-26T22:10:00,2.31,62.6,8318,21.2,6.03,118.5
SR-004119,CNC-03,2026-09-26T22:20:00,2.44,60.1,8615,22.0,6.42,118.6
SR-004120,CNC-03,2026-09-26T22:30:00,2.23,60.8,8304,23.1,5.88,117.4
SR-004121,CNC-03,2026-09-26T22:40:00,2.23,60.7,8494,21.4,6.19,117.7
SR-004122,CNC-03,2026-09-26T22:50:00,2.41,60.9,8395,23.2,6.14,119.5
SR-004123,CNC-03,2026-09-26T23:00:00,2.53,60.3,8425,22.1,6.19,114.6
SR-004124,CNC-03,2026-09-26T23:10:00,2.25,61.1,8643,21.8,6.19,120.3
SR-004125,CNC-03,2026-09-26T23:20:00,2.39,62.7,8587,23.4,6.31,118.4
SR-004126,CNC-03,2026-09-26T23:30:00,2.2,60.8,8420,23.2,6.1,118.7
SR-004127,CNC-03,2026-09-26T23:40:00,2.68,60.7,8330,22.7,6.4,118.6
SR-004128,CNC-03,2026-09-26T23:50:00,2.53,59.4,8581,21.5,6.03,115.9
SR-004129,CNC-03,2026-09-27T00:00:00,2.39,60.6,8312,24.2,6.23,117.3
SR-004130,CNC-03,2026-09-27T00:10:00,2.45,61.7,8356,22.5,6.02,118.8
SR-004131,CNC-03,2026-09-27T00:20:00,2.67,61.5,8322,22.4,6.0,116.3
SR-004132,CNC-03,2026-09-27T00:30:00,2.39,62.2,8567,21.3,6.18,116.2
SR-004133,CNC-03,2026-09-27T00:40:00,2.27,60.1,8462,22.9,6.3,119.1
SR-004134,CNC-03,2026-09-27T00:50:00,2.45,59.8,8531,22.3,6.21,120.3
SR-004135,CNC-03,2026-09-27T01:00:00,2.39,61.8,8643,21.9,6.16,112.4
SR-004136,CNC-03,2026-09-27T01:10:00,2.44,61.1,8809,22.4,6.27,117.7
SR-004137,CNC-03,2026-09-27T01:20:00,2.19,61.8,8635,22.1,6.13,118.8
SR-004138,CNC-03,2026-09-27T01:30:00,2.37,60.2,8503,23.3,6.27,122.3
SR-004139,CNC-03,2026-09-27T01:40:00,2.47,61.7,8645,23.0,6.08,117.1
SR-004140,CNC-03,2026-09-27T01:50:00,2.36,61.3,8621,21.3,6.25,119.0
SR-004141,CNC-03,2026-09-27T02:00:00,2.36,61.9,8355,21.7,6.34,120.3
SR-004142,CNC-03,2026-09-27T02:10:00,2.43,60.7,8430,21.4,6.22,113.7
SR-004143,CNC-03,2026-09-27T02:20:00,2.42,62.4,8435,22.5,6.24,117.8
SR-004144,CNC-03,2026-09-27T02:30:00,2.33,60.0,8803,22.8,6.27,115.7
SR-004145,CNC-03,2026-09-27T02:40:00,2.44,61.4,8482,23.6,6.18,120.0
SR-004146,CNC-03,2026-09-27T02:50:00,2.58,60.7,8565,21.9,6.22,117.3
SR-004147,CNC-03,2026-09-27T03:00:00,2.57,61.4,8604,23.1,6.28,115.0
SR-004148,CNC-03,2026-09-27T03:10:00,2.59,60.2,8474,23.0,6.3,116.4
SR-004149,CNC-03,2026-09-27T03:20:00,2.31,60.3,8402,23.6,6.31,115.4
SR-004150,CNC-03,2026-09-27T03:30:00,2.28,61.3,8337,22.4,6.44,116.4
SR-004151,CNC-03,2026-09-27T03:40:00,2.32,62.0,8374,20.7,5.93,115.8
SR-004152,CNC-03,2026-09-27T03:50:00,2.33,62.2,8514,20.8,6.09,116.7
SR-004153,CNC-03,2026-09-27T04:00:00,2.44,60.0,8442,22.8,6.26,117.1
SR-004154,CNC-03,2026-09-27T04:10:00,2.49,62.3,8635,21.8,6.23,119.3
SR-004155,CNC-03,2026-09-27T04:20:00,2.27,59.8,8496,21.9,6.41,117.8
SR-004156,CNC-03,2026-09-27T04:30:00,2.38,62.6,8473,21.8,6.3,118.7
SR-004157,CNC-03,2026-09-27T04:40:00,2.53,61.6,8523,21.1,6.27,115.5
SR-004158,CNC-03,2026-09-27T04:50:00,2.47,61.4,8557,21.5,6.32,117.9
SR-004159,CNC-03,2026-09-27T05:00:00,2.43,62.4,8326,23.0,6.49,118.9
SR-004160,CNC-03,2026-09-27T05:10:00,2.27,61.1,8579,21.6,6.16,117.2
SR-004161,CNC-03,2026-09-27T05:20:00,2.65,63.0,8511,20.5,6.31,115.9
SR-004162,CNC-03,2026-09-27T05:30:00,2.34,62.5,8522,22.3,6.17,120.2
SR-004163,CNC-03,2026-09-27T05:40:00,2.3,62.1,8701,22.8,6.23,121.1
SR-004164,CNC-03,2026-09-27T05:50:00,2.51,62.2,8488,22.3,6.27,117.9
SR-004165,CNC-03,2026-09-27T06:00:00,2.43,60.5,8168,21.3,6.0,119.6
SR-004166,CNC-03,2026-09-27T06:10:00,2.4,63.0,8289,21.0,6.38,118.6
SR-004167,CNC-03,2026-09-27T06:20:00,2.71,62.5,8701,22.6,6.23,113.6
SR-004168,CNC-03,2026-09-27T06:30:00,2.37,62.4,8269,20.9,6.41,116.8
SR-004169,CNC-03,2026-09-27T06:40:00,2.43,62.3,8638,20.9,6.11,119.9
SR-004170,CNC-03,2026-09-27T06:50:00,2.36,61.6,8250,21.0,6.2,121.8
SR-004171,CNC-03,2026-09-27T07:00:00,2.3,62.8,8487,22.2,6.17,114.2
SR-004172,CNC-03,2026-09-27T07:10:00,2.57,62.5,8356,23.0,6.5,114.9
SR-004173,CNC-03,2026-09-27T07:20:00,2.35,63.2,8599,21.9,6.12,117.6
SR-004174,CNC-03,2026-09-27T07:30:00,2.26,63.7,8404,21.2,6.11,116.8
SR-004175,CNC-03,2026-09-27T07:40:00,2.46,62.1,8673,22.7,6.24,117.0
SR-004176,CNC-03,2026-09-27T07:50:00,2.39,61.8,8603,21.8,6.17,120.2
SR-004177,CNC-03,2026-09-27T08:00:00,2.5,62.7,8501,21.8,6.09,120.7
SR-004178,CNC-03,2026-09-27T08:10:00,2.46,62.2,8572,22.7,6.22,119.9
SR-004179,CNC-03,2026-09-27T08:20:00,2.41,63.4,8623,22.9,6.14,119.5
SR-004180,CNC-03,2026-09-27T08:30:00,2.37,61.8,8307,22.3,6.27,123.8
SR-004181,CNC-03,2026-09-27T08:40:00,2.35,62.6,8600,22.8,6.6,118.8
SR-004182,CNC-03,2026-09-27T08:50:00,2.58,63.2,8636,21.8,6.3,120.4
SR-004183,CNC-03,2026-09-27T09:00:00,2.65,62.6,8465,22.4,6.05,122.1
SR-004184,CNC-03,2026-09-27T09:10:00,2.46,61.0,8594,22.5,6.14,122.2
SR-004185,CNC-03,2026-09-27T09:20:00,2.59,62.7,8468,21.5,5.99,116.0
SR-004186,CNC-03,2026-09-27T09:30:00,2.23,61.9,8634,21.6,6.32,120.8
SR-004187,CNC-03,2026-09-27T09:40:00,2.52,62.7,8478,22.3,6.25,121.0
SR-004188,CNC-03,2026-09-27T09:50:00,2.28,63.4,8611,21.7,6.19,117.6
SR-004189,CNC-03,2026-09-27T10:00:00,2.32,62.1,8386,19.3,6.32,120.9
SR-004190,CNC-03,2026-09-27T10:10:00,2.5,62.4,8525,21.4,6.3,118.7
SR-004191,CNC-03,2026-09-27T10:20:00,2.15,61.9,8317,23.1,6.1,114.8
SR-004192,CNC-03,2026-09-27T10:30:00,2.36,64.2,8502,21.1,6.28,119.2
SR-004193,CNC-03,2026-09-27T10:40:00,2.48,63.2,8523,21.9,6.26,120.9
SR-004194,CNC-03,2026-09-27T10:50:00,2.28,63.5,8464,21.3,6.14,114.7
SR-004195,CNC-03,2026-09-27T11:00:00,2.4,63.5,8792,21.3,6.31,117.4
SR-004196,CNC-03,2026-09-27T11:10:00,2.45,63.9,8789,21.7,6.33,117.3
SR-004197,CNC-03,2026-09-27T11:20:00,2.38,63.4,8241,21.5,6.16,119.7
SR-004198,CNC-03,2026-09-27T11:30:00,2.43,62.4,8402,21.5,6.3,119.5
SR-004199,CNC-03,2026-09-27T11:40:00,2.38,62.3,8535,21.9,6.27,117.5
SR-004200,CNC-03,2026-09-27T11:50:00,2.65,62.4,8554,22.0,6.19,117.4
SR-004201,CNC-03,2026-09-27T12:00:00,2.21,62.4,8513,22.3,6.29,122.3
SR-004202,CNC-03,2026-09-27T12:10:00,2.24,62.8,8732,22.6,6.27,118.3
SR-004203,CNC-03,2026-09-27T12:20:00,2.54,62.8,8470,22.2,6.25,120.3
SR-004204,CNC-03,2026-09-27T12:30:00,2.18,63.2,8656,23.9,5.97,122.7
SR-004205,CNC-03,2026-09-27T12:40:00,2.39,62.6,8304,21.6,6.05,120.0
SR-004206,CNC-03,2026-09-27T12:50:00,2.49,62.1,8518,21.3,6.2,120.2
SR-004207,CNC-03,2026-09-27T13:00:00,2.4,61.3,8453,21.3,6.12,121.4
SR-004208,CNC-03,2026-09-27T13:10:00,2.33,63.6,8647,23.3,6.19,117.9
SR-004209,CNC-03,2026-09-27T13:20:00,2.31,63.4,8442,21.8,6.13,119.3
SR-004210,CNC-03,2026-09-27T13:30:00,2.56,63.6,8641,21.9,6.15,119.8
SR-004211,CNC-03,2026-09-27T13:40:00,2.3,62.2,8622,22.8,6.39,116.9
SR-004212,CNC-03,2026-09-27T13:50:00,2.26,62.8,8530,21.3,6.22,115.0
SR-004213,CNC-03,2026-09-27T14:00:00,2.47,62.7,8483,21.6,6.18,114.4
SR-004214,CNC-03,2026-09-27T14:10:00,2.34,63.8,8694,21.6,6.06,117.3
SR-004215,CNC-03,2026-09-27T14:20:00,2.44,62.1,8385,23.0,6.36,119.5
SR-004216,CNC-03,2026-09-27T14:30:00,2.41,62.4,8452,20.5,6.11,114.5
SR-004217,CNC-03,2026-09-27T14:40:00,2.49,63.0,8587,22.0,6.22,119.1
SR-004218,CNC-03,2026-09-27T14:50:00,2.48,61.8,8509,22.9,6.16,119.7
SR-004219,CNC-03,2026-09-27T15:00:00,2.26,64.1,8699,21.5,6.11,115.2
SR-004220,CNC-03,2026-09-27T15:10:00,2.3,62.4,8373,22.6,6.08,119.2
SR-004221,CNC-03,2026-09-27T15:20:00,2.6,63.5,8260,23.5,6.12,116.8
SR-004222,CNC-03,2026-09-27T15:30:00,2.4,63.3,8514,21.5,6.35,118.5
SR-004223,CNC-03,2026-09-27T15:40:00,2.41,62.1,8612,23.0,6.22,116.5
SR-004224,CNC-03,2026-09-27T15:50:00,2.48,62.5,8344,21.7,5.98,116.6
SR-004225,CNC-03,2026-09-27T16:00:00,2.52,61.6,8720,20.9,6.03,117.4
SR-004226,CNC-03,2026-09-27T16:10:00,2.48,63.0,8718,22.3,6.13,120.1
SR-004227,CNC-03,2026-09-27T16:20:00,2.62,62.0,8606,22.8,6.0,122.8
SR-004228,CNC-03,2026-09-27T16:30:00,2.38,62.7,8448,22.2,6.29,121.2
SR-004229,CNC-03,2026-09-27T16:40:00,2.2,62.0,8413,22.6,6.12,113.8
SR-004230,CNC-03,2026-09-27T16:50:00,2.37,60.1,8468,21.9,6.05,116.0
SR-004231,CNC-03,2026-09-27T17:00:00,2.29,63.0,8354,22.1,6.25,121.6
SR-004232,CNC-03,2026-09-27T17:10:00,2.32,64.0,8472,23.6,6.49,116.6
SR-004233,CNC-03,2026-09-27T17:20:00,2.55,61.4,8489,22.7,6.31,118.5
SR-004234,CNC-03,2026-09-27T17:30:00,2.5,62.2,8334,20.9,6.17,116.0
SR-004235,CNC-03,2026-09-27T17:40:00,2.11,61.8,8289,21.0,6.21,118.7
SR-004236,CNC-03,2026-09-27T17:50:00,2.51,61.8,8617,22.3,6.02,118.8
SR-004237,CNC-03,2026-09-27T18:00:00,2.39,60.7,8670,21.9,6.08,117.1
SR-004238,CNC-03,2026-09-27T18:10:00,2.33,61.1,8436,23.3,6.07,110.7
SR-004239,CNC-03,2026-09-27T18:20:00,2.48,62.7,8408,22.6,6.22,122.2
SR-004240,CNC-03,2026-09-27T18:30:00,2.57,61.2,8565,21.9,6.1,118.8
SR-004241,CNC-03,2026-09-27T18:40:00,2.39,62.6,8557,21.9,6.24,120.1
SR-004242,CNC-03,2026-09-27T18:50:00,2.29,61.4,8351,20.4,6.12,116.2
SR-004243,CNC-03,2026-09-27T19:00:00,2.44,62.1,8436,21.6,6.25,119.1
SR-004244,CNC-03,2026-09-27T19:10:00,2.37,61.7,8557,21.0,5.86,119.5
SR-004245,CNC-03,2026-09-27T19:20:00,2.18,61.5,8572,23.1,6.17,116.6
SR-004246,CNC-03,2026-09-27T19:30:00,2.44,60.3,8459,22.5,6.04,119.4
SR-004247,CNC-03,2026-09-27T19:40:00,2.41,61.7,8370,21.8,6.25,113.6
SR-004248,CNC-03,2026-09-27T19:50:00,2.46,62.4,8638,21.3,6.12,121.7
SR-004249,CNC-03,2026-09-27T20:00:00,2.34,63.1,8540,23.2,6.06,117.6
SR-004250,CNC-03,2026-09-27T20:10:00,2.44,62.3,8615,21.5,6.21,122.2
SR-004251,CNC-03,2026-09-27T20:20:00,2.39,61.5,8541,21.4,6.2,119.4
SR-004252,CNC-03,2026-09-27T20:30:00,2.31,62.4,8323,22.9,6.08,115.3
SR-004253,CNC-03,2026-09-27T20:40:00,2.49,62.8,8364,21.6,6.29,119.3
SR-004254,CNC-03,2026-09-27T20:50:00,2.39,59.9,8659,22.1,6.2,120.6
SR-004255,CNC-03,2026-09-27T21:00:00,2.47,60.8,8469,22.1,6.09,115.0
SR-004256,CNC-03,2026-09-27T21:10:00,2.67,61.4,8401,20.8,6.18,118.9
SR-004257,CNC-03,2026-09-27T21:20:00,2.29,61.0,8538,23.5,6.13,116.2
SR-004258,CNC-03,2026-09-27T21:30:00,2.23,61.2,8560,20.8,6.22,119.1
SR-004259,CNC-03,2026-09-27T21:40:00,2.45,60.9,8332,21.6,6.19,115.8
SR-004260,CNC-03,2026-09-27T21:50:00,2.13,60.1,8468,21.6,6.19,118.3
SR-004261,CNC-03,2026-09-27T22:00:00,2.33,61.5,8321,22.5,6.17,116.4
SR-004262,CNC-03,2026-09-27T22:10:00,2.26,62.6,8559,21.5,6.07,118.4
SR-004263,CNC-03,2026-09-27T22:20:00,2.43,60.1,8550,22.6,6.33,120.0
SR-004264,CNC-03,2026-09-27T22:30:00,2.48,61.2,8370,21.1,6.33,119.9
SR-004265,CNC-03,2026-09-27T22:40:00,2.21,63.1,8449,22.3,6.28,121.6
SR-004266,CNC-03,2026-09-27T22:50:00,2.21,59.6,8363,22.0,6.52,119.1
SR-004267,CNC-03,2026-09-27T23:00:00,2.24,62.1,8624,23.6,6.12,116.9
SR-004268,CNC-03,2026-09-27T23:10:00,2.26,61.4,8454,21.8,6.11,118.0
SR-004269,CNC-03,2026-09-27T23:20:00,2.5,59.7,8426,21.5,6.23,120.2
SR-004270,CNC-03,2026-09-27T23:30:00,2.31,62.5,8626,20.3,6.09,120.4
SR-004271,CNC-03,2026-09-27T23:40:00,2.47,61.9,8508,21.8,6.37,118.1
SR-004272,CNC-03,2026-09-27T23:50:00,2.54,62.8,8365,22.2,6.32,118.0
SR-004273,CNC-03,2026-09-28T00:00:00,2.43,62.8,8444,21.4,6.3,116.6
SR-004274,CNC-03,2026-09-28T00:10:00,2.45,60.7,8258,21.4,6.3,120.1
SR-004275,CNC-03,2026-09-28T00:20:00,2.6,62.0,8592,21.8,6.11,119.0
SR-004276,CNC-03,2026-09-28T00:30:00,2.34,61.5,8655,21.9,6.01,120.7
SR-004277,CNC-03,2026-09-28T00:40:00,2.31,60.4,8435,21.4,6.18,115.4
SR-004278,CNC-03,2026-09-28T00:50:00,2.26,61.2,8431,22.1,6.08,116.7
SR-004279,CNC-03,2026-09-28T01:00:00,2.42,61.1,8569,19.6,6.2,115.0
SR-004280,CNC-03,2026-09-28T01:10:00,2.52,60.9,8656,21.6,5.96,117.9
SR-004281,CNC-03,2026-09-28T01:20:00,2.41,62.4,8535,21.7,6.19,117.1
SR-004282,CNC-03,2026-09-28T01:30:00,2.45,61.1,8333,21.5,6.47,120.2
SR-004283,CNC-03,2026-09-28T01:40:00,2.43,60.8,8572,21.3,6.09,115.8
SR-004284,CNC-03,2026-09-28T01:50:00,2.35,60.9,8375,22.8,6.32,113.0
SR-004285,CNC-03,2026-09-28T02:00:00,2.21,61.8,8490,22.2,6.31,115.1
SR-004286,CNC-03,2026-09-28T02:10:00,2.35,62.0,8403,22.8,6.15,120.7
SR-004287,CNC-03,2026-09-28T02:20:00,2.42,62.5,8736,19.6,6.5,117.9
SR-004288,CNC-03,2026-09-28T02:30:00,2.52,61.3,8650,22.4,6.16,117.1
SR-004289,CNC-03,2026-09-28T02:40:00,2.19,59.9,8526,23.0,6.08,118.7
SR-004290,CNC-03,2026-09-28T02:50:00,2.36,61.7,8473,20.8,6.17,117.4
SR-004291,CNC-03,2026-09-28T03:00:00,2.58,60.7,8402,22.6,6.07,116.2
SR-004292,CNC-03,2026-09-28T03:10:00,2.28,61.9,8489,22.6,6.02,114.0
SR-004293,CNC-03,2026-09-28T03:20:00,2.52,60.5,8708,21.5,6.26,120.3
SR-004294,CNC-03,2026-09-28T03:30:00,2.36,60.7,8643,21.9,6.29,115.6
SR-004295,CNC-03,2026-09-28T03:40:00,2.25,61.1,8253,22.9,6.38,119.5
SR-004296,CNC-03,2026-09-28T03:50:00,2.4,62.5,8638,23.6,6.26,113.8
SR-004297,CNC-03,2026-09-28T04:00:00,2.47,62.7,8638,21.8,6.17,119.0
SR-004298,CNC-03,2026-09-28T04:10:00,2.39,61.1,8407,21.4,6.29,115.9
SR-004299,CNC-03,2026-09-28T04:20:00,2.32,61.5,8617,21.6,6.06,119.3
SR-004300,CNC-03,2026-09-28T04:30:00,2.58,61.8,8526,21.3,6.14,115.1
SR-004301,CNC-03,2026-09-28T04:40:00,2.41,61.8,8489,20.9,6.22,117.4
SR-004302,CNC-03,2026-09-28T04:50:00,2.57,62.2,8659,21.0,6.29,119.6
SR-004303,CNC-03,2026-09-28T05:00:00,2.49,61.8,8274,21.9,6.16,121.8
SR-004304,CNC-03,2026-09-28T05:10:00,2.41,60.9,8394,21.9,6.02,115.8
SR-004305,CNC-03,2026-09-28T05:20:00,2.6,61.8,8532,21.9,6.08,111.8
SR-004306,CNC-03,2026-09-28T05:30:00,2.32,63.9,8330,21.6,6.1,119.1
SR-004307,CNC-03,2026-09-28T05:40:00,2.59,61.5,8490,21.6,6.07,122.1
SR-004308,CNC-03,2026-09-28T05:50:00,2.47,61.3,8454,23.3,6.11,118.3
SR-004309,CNC-03,2026-09-28T06:00:00,2.65,61.5,8543,22.8,6.05,122.3
SR-004310,CNC-03,2026-09-28T06:10:00,2.36,62.9,8232,22.1,6.18,117.6
SR-004311,CNC-03,2026-09-28T06:20:00,2.35,63.2,8603,21.5,6.05,117.7
SR-004312,CNC-03,2026-09-28T06:30:00,2.42,62.3,8635,22.2,6.33,117.4
SR-004313,CNC-03,2026-09-28T06:40:00,2.47,62.8,8477,22.6,6.41,118.4
SR-004314,CNC-03,2026-09-28T06:50:00,2.43,63.3,8421,22.4,6.01,120.8
SR-004315,CNC-03,2026-09-28T07:00:00,2.56,62.6,8373,23.5,6.11,117.6
SR-004316,CNC-03,2026-09-28T07:10:00,2.55,62.7,8542,22.2,6.26,114.7
SR-004317,CNC-03,2026-09-28T07:20:00,2.7,62.3,8493,23.6,6.23,120.6
SR-004318,CNC-03,2026-09-28T07:30:00,2.4,62.3,8342,22.0,6.4,116.2
SR-004319,CNC-03,2026-09-28T07:40:00,2.71,62.2,8536,22.2,6.2,119.5
SR-004320,CNC-03,2026-09-28T07:50:00,2.54,64.9,8438,21.2,6.03,118.7
SR-004321,CNC-03,2026-09-28T08:00:00,2.27,63.1,8510,22.2,6.09,119.4
SR-004322,CNC-03,2026-09-28T08:10:00,2.47,61.4,8493,23.4,6.1,118.0
SR-004323,CNC-03,2026-09-28T08:20:00,2.48,63.5,8535,22.8,6.22,117.5
SR-004324,CNC-03,2026-09-28T08:30:00,2.68,62.5,8481,21.3,6.18,117.3
SR-004325,CNC-03,2026-09-28T08:40:00,2.51,63.1,8485,23.1,6.44,118.9
SR-004326,CNC-03,2026-09-28T08:50:00,2.5,62.8,8297,21.6,6.24,119.9
SR-004327,CNC-03,2026-09-28T09:00:00,2.68,62.3,8631,22.8,6.2,117.2
SR-004328,CNC-03,2026-09-28T09:10:00,2.51,62.3,8533,23.7,6.1,118.9
SR-004329,CNC-03,2026-09-28T09:20:00,2.48,64.3,8718,22.3,6.2,121.2
SR-004330,CNC-03,2026-09-28T09:30:00,2.46,64.4,8381,23.0,6.01,119.3
SR-004331,CNC-03,2026-09-28T09:40:00,2.39,62.6,8313,22.4,6.06,113.9
SR-004332,CNC-03,2026-09-28T09:50:00,2.38,63.5,8479,22.2,6.39,117.2
SR-004333,CNC-03,2026-09-28T10:00:00,2.58,64.8,8677,22.8,6.18,120.3
SR-004334,CNC-03,2026-09-28T10:10:00,2.6,63.5,8360,23.1,6.31,118.8
SR-004335,CNC-03,2026-09-28T10:20:00,2.43,65.0,8512,22.8,5.88,116.9
SR-004336,CNC-03,2026-09-28T10:30:00,2.67,63.3,8404,22.3,6.28,120.1
SR-004337,CNC-03,2026-09-28T10:40:00,2.53,63.7,8238,22.5,6.28,116.1
SR-004338,CNC-03,2026-09-28T10:50:00,2.42,62.9,8256,23.0,6.08,120.1
SR-004339,CNC-03,2026-09-28T11:00:00,2.59,64.0,8688,22.4,6.06,118.4
SR-004340,CNC-03,2026-09-28T11:10:00,2.59,62.8,8724,22.5,5.93,120.7
SR-004341,CNC-03,2026-09-28T11:20:00,2.49,62.5,8458,21.2,6.03,115.5
SR-004342,CNC-03,2026-09-28T11:30:00,2.44,64.0,8744,22.1,6.11,120.0
SR-004343,CNC-03,2026-09-28T11:40:00,2.56,65.0,8622,22.0,6.02,119.1
SR-004344,CNC-03,2026-09-28T11:50:00,2.61,63.1,8349,23.3,6.13,121.4
SR-004345,CNC-03,2026-09-28T12:00:00,2.44,62.9,8592,21.0,6.2,119.5
SR-004346,CNC-03,2026-09-28T12:10:00,2.65,63.5,8583,20.8,6.14,116.2
SR-004347,CNC-03,2026-09-28T12:20:00,2.71,63.5,8495,23.1,6.24,119.8
SR-004348,CNC-03,2026-09-28T12:30:00,2.54,63.6,8476,22.2,6.21,113.4
SR-004349,CNC-03,2026-09-28T12:40:00,2.72,64.1,8758,22.5,6.04,120.4
SR-004350,CNC-03,2026-09-28T12:50:00,2.53,63.1,8197,22.7,6.07,118.9
SR-004351,CNC-03,2026-09-28T13:00:00,2.63,63.1,8494,23.5,6.1,122.0
SR-004352,CNC-03,2026-09-28T13:10:00,2.53,64.1,8407,20.9,6.04,116.4
SR-004353,CNC-03,2026-09-28T13:20:00,2.28,64.0,8423,23.9,6.0,118.3
SR-004354,CNC-03,2026-09-28T13:30:00,2.47,62.7,8642,22.8,6.15,117.0
SR-004355,CNC-03,2026-09-28T13:40:00,2.83,64.2,8307,22.6,6.19,118.8
SR-004356,CNC-03,2026-09-28T13:50:00,2.53,63.2,8551,22.3,6.2,119.6
SR-004357,CNC-03,2026-09-28T14:00:00,2.39,64.2,8398,20.4,6.31,117.4
SR-004358,CNC-03,2026-09-28T14:10:00,2.82,65.1,8649,22.7,6.09,119.1
SR-004359,CNC-03,2026-09-28T14:20:00,2.72,63.0,8443,22.2,6.23,115.4
SR-004360,CNC-03,2026-09-28T14:30:00,2.59,62.6,8686,22.7,6.09,120.1
SR-004361,CNC-03,2026-09-28T14:40:00,2.4,64.2,8499,22.2,6.23,118.3
SR-004362,CNC-03,2026-09-28T14:50:00,2.35,63.2,8404,22.0,6.24,121.6
SR-004363,CNC-03,2026-09-28T15:00:00,2.82,63.6,8616,21.5,6.11,115.3
SR-004364,CNC-03,2026-09-28T15:10:00,2.72,63.0,8621,22.2,6.01,114.1
SR-004365,CNC-03,2026-09-28T15:20:00,2.67,62.5,8539,22.4,6.11,116.6
SR-004366,CNC-03,2026-09-28T15:30:00,2.42,63.4,8461,23.7,5.9,117.7
SR-004367,CNC-03,2026-09-28T15:40:00,2.52,63.8,8463,22.8,6.06,117.3
SR-004368,CNC-03,2026-09-28T15:50:00,2.66,63.8,8476,21.1,6.1,120.2
SR-004369,CNC-03,2026-09-28T16:00:00,2.68,62.7,8663,22.0,6.1,118.0
SR-004370,CNC-03,2026-09-28T16:10:00,3.0,63.0,8495,21.9,6.33,117.5
SR-004371,CNC-03,2026-09-28T16:20:00,2.43,63.0,8581,23.2,6.19,115.5
SR-004372,CNC-03,2026-09-28T16:30:00,2.81,62.5,8597,21.4,6.15,118.8
SR-004373,CNC-03,2026-09-28T16:40:00,2.42,62.9,8528,21.8,6.15,122.0
SR-004374,CNC-03,2026-09-28T16:50:00,2.75,62.4,8445,23.2,6.09,117.3
SR-004375,CNC-03,2026-09-28T17:00:00,2.69,63.9,8517,21.1,6.2,113.7
SR-004376,CNC-03,2026-09-28T17:10:00,2.55,61.7,8561,21.5,6.13,116.2
SR-004377,CNC-03,2026-09-28T17:20:00,2.79,64.0,8376,21.4,6.24,119.4
SR-004378,CNC-03,2026-09-28T17:30:00,2.8,63.3,8572,22.6,6.1,116.0
SR-004379,CNC-03,2026-09-28T17:40:00,2.67,61.6,8633,20.7,6.1,118.2
SR-004380,CNC-03,2026-09-28T17:50:00,2.63,62.5,8631,21.3,6.02,115.4
SR-004381,CNC-03,2026-09-28T18:00:00,2.49,63.3,8339,24.0,5.88,115.0
SR-004382,CNC-03,2026-09-28T18:10:00,2.65,64.1,8493,23.2,6.09,119.7
SR-004383,CNC-03,2026-09-28T18:20:00,2.72,64.5,8478,21.7,6.06,118.8
SR-004384,CNC-03,2026-09-28T18:30:00,2.71,62.4,8466,22.3,6.36,115.8
SR-004385,CNC-03,2026-09-28T18:40:00,2.68,62.3,8482,22.3,6.1,120.5
SR-004386,CNC-03,2026-09-28T18:50:00,2.6,62.1,8480,23.0,6.09,117.5
SR-004387,CNC-03,2026-09-28T19:00:00,2.56,63.5,8312,21.6,6.33,117.2
SR-004388,CNC-03,2026-09-28T19:10:00,2.75,64.7,8640,22.4,6.01,117.2
SR-004389,CNC-03,2026-09-28T19:20:00,2.48,62.9,8546,22.4,6.21,124.0
SR-004390,CNC-03,2026-09-28T19:30:00,2.68,63.5,8518,23.2,6.36,117.5
SR-004391,CNC-03,2026-09-28T19:40:00,2.6,62.8,8552,22.8,6.16,114.9
SR-004392,CNC-03,2026-09-28T19:50:00,2.66,63.2,8281,20.6,6.1,117.3
SR-004393,CNC-03,2026-09-28T20:00:00,2.68,61.7,8399,23.4,5.95,115.7
SR-004394,CNC-03,2026-09-28T20:10:00,2.69,62.5,8371,21.4,6.19,115.1
SR-004395,CNC-03,2026-09-28T20:20:00,2.78,62.9,8472,21.6,6.1,119.4
SR-004396,CNC-03,2026-09-28T20:30:00,2.58,63.2,8441,24.2,6.05,123.9
SR-004397,CNC-03,2026-09-28T20:40:00,2.56,61.5,8365,22.4,6.24,125.0
SR-004398,CNC-03,2026-09-28T20:50:00,2.74,62.7,8444,22.2,6.18,119.5
SR-004399,CNC-03,2026-09-28T21:00:00,2.71,60.7,8318,23.8,6.13,117.7
SR-004400,CNC-03,2026-09-28T21:10:00,2.77,62.6,8359,21.7,6.08,115.5
SR-004401,CNC-03,2026-09-28T21:20:00,2.65,62.8,8555,23.3,6.14,116.7
SR-004402,CNC-03,2026-09-28T21:30:00,2.67,62.6,8608,22.5,6.11,121.0
SR-004403,CNC-03,2026-09-28T21:40:00,2.78,62.8,8723,23.7,6.27,115.0
SR-004404,CNC-03,2026-09-28T21:50:00,2.59,62.5,8494,22.4,5.93,118.4
SR-004405,CNC-03,2026-09-28T22:00:00,2.64,62.6,8649,23.3,6.06,122.4
SR-004406,CNC-03,2026-09-28T22:10:00,2.76,62.0,8158,24.3,6.13,117.4
SR-004407,CNC-03,2026-09-28T22:20:00,2.7,62.4,8472,20.8,6.01,119.0
SR-004408,CNC-03,2026-09-28T22:30:00,2.69,62.4,8646,21.6,6.02,117.4
SR-004409,CNC-03,2026-09-28T22:40:00,2.78,63.5,8471,22.3,6.16,117.7
SR-004410,CNC-03,2026-09-28T22:50:00,2.69,63.0,8620,21.5,6.21,116.8
SR-004411,CNC-03,2026-09-28T23:00:00,2.72,61.6,8226,22.3,6.11,119.3
SR-004412,CNC-03,2026-09-28T23:10:00,2.68,62.0,8557,23.2,6.08,120.0
SR-004413,CNC-03,2026-09-28T23:20:00,2.86,62.9,8433,22.8,5.97,116.4
SR-004414,CNC-03,2026-09-28T23:30:00,2.76,63.5,8302,21.8,5.98,118.7
SR-004415,CNC-03,2026-09-28T23:40:00,2.77,61.9,8590,23.1,6.12,117.0
SR-004416,CNC-03,2026-09-28T23:50:00,2.88,62.2,8572,23.0,6.11,117.5
SR-004417,CNC-03,2026-09-29T00:00:00,2.81,61.6,8505,23.7,6.05,118.8
SR-004418,CNC-03,2026-09-29T00:10:00,2.67,61.8,8556,22.7,6.04,121.3
SR-004419,CNC-03,2026-09-29T00:20:00,2.72,62.8,8302,24.9,6.08,119.6
SR-004420,CNC-03,2026-09-29T00:30:00,2.85,63.4,8609,21.9,5.69,118.0
SR-004421,CNC-03,2026-09-29T00:40:00,2.74,61.8,8652,23.4,5.94,120.0
SR-004422,CNC-03,2026-09-29T00:50:00,2.72,60.0,8670,22.6,6.24,119.1
SR-004423,CNC-03,2026-09-29T01:00:00,2.75,63.1,8200,21.8,6.12,115.9
SR-004424,CNC-03,2026-09-29T01:10:00,2.66,61.5,8227,21.6,5.88,120.8
SR-004425,CNC-03,2026-09-29T01:20:00,2.81,62.0,8554,22.0,5.94,122.1
SR-004426,CNC-03,2026-09-29T01:30:00,2.79,62.3,8348,23.3,6.16,115.3
SR-004427,CNC-03,2026-09-29T01:40:00,2.73,62.8,8421,22.1,5.96,118.8
SR-004428,CNC-03,2026-09-29T01:50:00,2.67,64.3,8434,22.8,6.12,119.4
SR-004429,CNC-03,2026-09-29T02:00:00,2.95,61.9,8582,23.0,6.2,120.0
SR-004430,CNC-03,2026-09-29T02:10:00,2.94,63.9,8374,22.0,5.81,117.5
SR-004431,CNC-03,2026-09-29T02:20:00,2.71,61.6,8739,24.2,6.17,121.4
SR-004432,CNC-03,2026-09-29T02:30:00,2.86,63.3,8435,22.4,6.1,117.2
SR-004433,CNC-03,2026-09-29T02:40:00,2.76,63.8,8307,22.0,6.11,117.3
SR-004434,CNC-03,2026-09-29T02:50:00,2.82,63.1,8360,22.5,6.14,118.2
SR-004435,CNC-03,2026-09-29T03:00:00,2.82,63.0,8373,23.3,5.95,117.9
SR-004436,CNC-03,2026-09-29T03:10:00,2.94,62.1,8604,24.4,5.98,120.1
SR-004437,CNC-03,2026-09-29T03:20:00,2.87,62.8,8384,22.6,6.21,119.3
SR-004438,CNC-03,2026-09-29T03:30:00,2.8,63.2,8338,22.3,6.27,116.4
SR-004439,CNC-03,2026-09-29T03:40:00,2.46,64.5,8598,22.1,6.03,119.2
SR-004440,CNC-03,2026-09-29T03:50:00,2.8,63.7,8539,22.2,5.98,118.6
SR-004441,CNC-03,2026-09-29T04:00:00,2.82,63.4,8501,21.9,6.06,117.8
SR-004442,CNC-03,2026-09-29T04:10:00,2.89,63.5,8581,20.2,6.08,118.2
SR-004443,CNC-03,2026-09-29T04:20:00,2.94,63.5,8530,22.3,5.77,116.2
SR-004444,CNC-03,2026-09-29T04:30:00,3.01,63.0,8463,22.6,6.14,119.1
SR-004445,CNC-03,2026-09-29T04:40:00,2.93,63.3,8484,21.9,6.01,118.5
SR-004446,CNC-03,2026-09-29T04:50:00,2.83,64.8,8387,23.4,6.21,112.2
SR-004447,CNC-03,2026-09-29T05:00:00,2.82,62.5,8436,22.0,6.12,122.1
SR-004448,CNC-03,2026-09-29T05:10:00,2.85,63.5,8207,22.8,6.06,117.8
SR-004449,CNC-03,2026-09-29T05:20:00,2.97,64.7,8452,23.8,6.03,119.1
SR-004450,CNC-03,2026-09-29T05:30:00,2.83,64.6,8774,21.5,6.11,117.5
SR-004451,CNC-03,2026-09-29T05:40:00,2.9,63.4,8409,23.6,5.96,118.7
SR-004452,CNC-03,2026-09-29T05:50:00,2.92,64.7,8340,21.8,5.97,119.2
SR-004453,CNC-03,2026-09-29T06:00:00,2.91,64.4,8600,22.2,5.93,119.0
SR-004454,CNC-03,2026-09-29T06:10:00,2.94,63.0,8459,23.4,6.05,119.3
SR-004455,CNC-03,2026-09-29T06:20:00,2.77,63.4,8834,21.1,6.0,115.8
SR-004456,CNC-03,2026-09-29T06:30:00,2.81,64.3,8510,22.8,6.12,120.6
SR-004457,CNC-03,2026-09-29T06:40:00,2.94,64.2,8427,21.6,6.22,118.9
SR-004458,CNC-03,2026-09-29T06:50:00,2.95,64.1,8534,21.8,6.16,117.8
SR-004459,CNC-03,2026-09-29T07:00:00,2.8,64.8,8722,22.0,5.92,115.1
SR-004460,CNC-03,2026-09-29T07:10:00,3.1,63.2,8579,23.5,6.35,118.4
SR-004461,CNC-03,2026-09-29T07:20:00,2.92,63.3,8394,23.2,6.01,120.3
SR-004462,CNC-03,2026-09-29T07:30:00,3.04,64.0,8553,21.1,5.94,114.1
SR-004463,CNC-03,2026-09-29T07:40:00,2.96,64.9,8300,22.2,6.07,119.0
SR-004464,CNC-03,2026-09-29T07:50:00,3.04,63.6,8475,22.6,6.14,115.9
SR-004465,CNC-03,2026-09-29T08:00:00,2.93,64.6,8575,24.3,6.11,119.0
SR-004466,CNC-03,2026-09-29T08:10:00,2.85,63.0,8459,22.3,5.96,116.2
SR-004467,CNC-03,2026-09-29T08:20:00,3.17,63.8,8499,24.6,6.07,114.1
SR-004468,CNC-03,2026-09-29T08:30:00,2.99,64.8,8624,24.1,6.28,117.2
SR-004469,CNC-03,2026-09-29T08:40:00,2.77,63.9,8436,21.2,6.14,119.2
SR-004470,CNC-03,2026-09-29T08:50:00,2.98,64.5,8483,22.9,5.9,119.1
SR-004471,CNC-03,2026-09-29T09:00:00,2.94,64.8,8668,21.4,6.17,119.7
SR-004472,CNC-03,2026-09-29T09:10:00,2.71,64.8,8479,24.4,5.97,119.8
SR-004473,CNC-03,2026-09-29T09:20:00,3.01,64.4,8460,23.5,5.86,114.6
SR-004474,CNC-03,2026-09-29T09:30:00,2.88,64.5,8695,23.4,5.97,119.6
SR-004475,CNC-03,2026-09-29T09:40:00,2.84,64.2,8820,24.0,5.78,115.1
SR-004476,CNC-03,2026-09-29T09:50:00,2.97,63.7,8449,22.8,6.13,119.7
SR-004477,CNC-03,2026-09-29T10:00:00,2.96,66.0,8379,22.7,6.04,116.4
SR-004478,CNC-03,2026-09-29T10:10:00,3.2,65.0,8549,22.3,6.05,121.3
SR-004479,CNC-03,2026-09-29T10:20:00,3.02,64.5,8463,22.7,6.11,118.1
SR-004480,CNC-03,2026-09-29T10:30:00,3.06,64.9,8613,21.9,5.94,116.6
SR-004481,CNC-03,2026-09-29T10:40:00,2.89,64.3,8521,23.2,5.9,116.7
SR-004482,CNC-03,2026-09-29T10:50:00,2.99,66.0,8508,21.7,6.01,119.5
SR-004483,CNC-03,2026-09-29T11:00:00,2.87,63.4,8636,21.3,6.08,117.8
SR-004484,CNC-03,2026-09-29T11:10:00,3.11,64.0,8380,22.8,6.02,118.0
SR-004485,CNC-03,2026-09-29T11:20:00,2.61,65.5,8632,24.4,5.91,115.3
SR-004486,CNC-03,2026-09-29T11:30:00,2.94,66.3,8477,23.3,6.04,119.5
SR-004487,CNC-03,2026-09-29T11:40:00,2.78,65.7,8625,22.9,6.02,118.3
SR-004488,CNC-03,2026-09-29T11:50:00,2.84,66.8,8489,22.7,6.1,119.2
SR-004489,CNC-03,2026-09-29T12:00:00,3.04,65.4,8449,24.3,6.2,118.3
SR-004490,CNC-03,2026-09-29T12:10:00,3.35,65.8,8331,22.3,5.95,119.6
SR-004491,CNC-03,2026-09-29T12:20:00,3.03,65.3,8416,21.9,6.03,117.5
SR-004492,CNC-03,2026-09-29T12:30:00,3.04,66.2,8660,21.9,6.05,122.8
SR-004493,CNC-03,2026-09-29T12:40:00,3.04,65.2,8552,23.4,6.07,117.5
SR-004494,CNC-03,2026-09-29T12:50:00,3.06,64.5,8475,22.2,5.92,118.3
SR-004495,CNC-03,2026-09-29T13:00:00,3.25,64.4,8305,23.8,6.06,118.2
SR-004496,CNC-03,2026-09-29T13:10:00,3.03,65.2,8578,23.6,5.92,119.6
SR-004497,CNC-03,2026-09-29T13:20:00,3.11,64.3,8574,23.1,6.05,115.8
SR-004498,CNC-03,2026-09-29T13:30:00,3.01,63.7,8550,22.4,5.9,119.0
SR-004499,CNC-03,2026-09-29T13:40:00,3.04,65.2,8506,22.4,5.72,119.3
SR-004500,CNC-03,2026-09-29T13:50:00,2.84,66.3,8510,23.5,6.02,117.6
SR-004501,CNC-03,2026-09-29T14:00:00,2.97,65.4,8734,21.6,6.06,122.6
SR-004502,CNC-03,2026-09-29T14:10:00,3.24,66.3,8585,24.3,6.26,118.7
SR-004503,CNC-03,2026-09-29T14:20:00,2.99,66.0,8397,23.2,5.9,114.5
SR-004504,CNC-03,2026-09-29T14:30:00,3.29,66.2,8599,21.8,6.04,118.0
SR-004505,CNC-03,2026-09-29T14:40:00,3.16,65.4,8468,21.6,5.95,116.8
SR-004506,CNC-03,2026-09-29T14:50:00,2.99,66.7,8415,23.6,5.94,117.0
SR-004507,CNC-03,2026-09-29T15:00:00,3.0,64.5,8391,23.6,6.07,116.8
SR-004508,CNC-03,2026-09-29T15:10:00,3.06,65.1,8311,21.4,6.2,116.4
SR-004509,CNC-03,2026-09-29T15:20:00,2.98,64.8,8170,21.9,5.84,119.7
SR-004510,CNC-03,2026-09-29T15:30:00,3.0,64.7,8453,22.0,5.89,115.6
SR-004511,CNC-03,2026-09-29T15:40:00,2.89,65.7,8604,23.1,5.89,115.7
SR-004512,CNC-03,2026-09-29T15:50:00,3.22,64.8,8331,24.3,6.03,117.0
SR-004513,CNC-03,2026-09-29T16:00:00,2.87,65.6,8483,24.6,6.09,122.8
SR-004514,CNC-03,2026-09-29T16:10:00,3.15,64.0,8652,21.6,6.09,122.9
SR-004515,CNC-03,2026-09-29T16:20:00,3.06,65.4,8472,23.5,5.88,118.0
SR-004516,CNC-03,2026-09-29T16:30:00,3.25,64.7,8708,22.7,6.12,116.9
SR-004517,CNC-03,2026-09-29T16:40:00,3.09,65.1,8396,21.7,5.97,120.0
SR-004518,CNC-03,2026-09-29T16:50:00,2.95,65.1,8491,23.0,5.82,116.0
SR-004519,CNC-03,2026-09-29T17:00:00,2.98,63.0,8680,23.8,5.91,119.4
SR-004520,CNC-03,2026-09-29T17:10:00,3.19,64.3,8616,24.2,6.01,119.4
SR-004521,CNC-03,2026-09-29T17:20:00,2.9,65.1,8519,22.7,6.18,114.3
SR-004522,CNC-03,2026-09-29T17:30:00,3.17,67.0,8369,23.9,5.96,117.9
SR-004523,CNC-03,2026-09-29T17:40:00,3.06,64.5,8532,23.6,5.73,123.2
SR-004524,CNC-03,2026-09-29T17:50:00,3.14,64.3,8771,22.8,5.92,120.9
SR-004525,CNC-03,2026-09-29T18:00:00,2.98,63.6,8684,22.8,6.2,117.9
SR-004526,CNC-03,2026-09-29T18:10:00,2.94,64.5,8408,23.6,6.12,120.2
SR-004527,CNC-03,2026-09-29T18:20:00,3.26,64.9,8464,24.9,5.94,116.5
SR-004528,CNC-03,2026-09-29T18:30:00,3.17,64.3,8551,23.0,5.91,119.8
SR-004529,CNC-03,2026-09-29T18:40:00,3.35,65.1,8404,22.1,6.0,119.5
SR-004530,CNC-03,2026-09-29T18:50:00,3.04,64.6,8575,23.0,6.07,119.2
SR-004531,CNC-03,2026-09-29T19:00:00,3.05,64.1,8443,25.3,5.89,117.6
SR-004532,CNC-03,2026-09-29T19:10:00,3.38,63.6,8338,22.7,5.83,116.3
SR-004533,CNC-03,2026-09-29T19:20:00,3.39,65.9,8345,23.2,5.91,119.8
SR-004534,CNC-03,2026-09-29T19:30:00,2.99,64.3,8395,24.0,5.91,115.1
SR-004535,CNC-03,2026-09-29T19:40:00,3.26,65.7,8339,23.6,6.02,117.8
SR-004536,CNC-03,2026-09-29T19:50:00,3.26,62.9,8378,23.2,5.91,119.0
SR-004537,CNC-03,2026-09-29T20:00:00,3.08,63.8,8563,23.8,5.98,119.3
SR-004538,CNC-03,2026-09-29T20:10:00,3.19,64.5,8257,23.5,5.81,117.2
SR-004539,CNC-03,2026-09-29T20:20:00,3.16,64.9,8696,22.7,5.81,115.5
SR-004540,CNC-03,2026-09-29T20:30:00,3.37,64.9,8491,22.2,5.75,117.4
SR-004541,CNC-03,2026-09-29T20:40:00,3.15,63.1,8465,22.4,6.03,119.5
SR-004542,CNC-03,2026-09-29T20:50:00,3.11,65.9,8463,24.3,5.8,118.7
SR-004543,CNC-03,2026-09-29T21:00:00,3.23,64.1,8593,23.5,5.88,121.1
SR-004544,CNC-03,2026-09-29T21:10:00,3.29,63.5,8554,22.4,6.04,118.0
SR-004545,CNC-03,2026-09-29T21:20:00,3.19,64.2,8509,22.2,6.26,119.9
SR-004546,CNC-03,2026-09-29T21:30:00,3.4,63.4,8491,23.2,5.82,117.8
SR-004547,CNC-03,2026-09-29T21:40:00,3.32,62.6,8331,21.5,5.93,114.2
SR-004548,CNC-03,2026-09-29T21:50:00,3.07,63.8,8609,22.6,5.91,117.7
SR-004549,CNC-03,2026-09-29T22:00:00,3.11,65.9,8584,22.7,6.14,121.2
SR-004550,CNC-03,2026-09-29T22:10:00,3.17,64.2,8802,22.8,5.92,116.4
SR-004551,CNC-03,2026-09-29T22:20:00,3.39,64.5,8286,23.2,6.06,118.9
SR-004552,CNC-03,2026-09-29T22:30:00,3.16,64.9,8381,22.2,6.15,112.8
SR-004553,CNC-03,2026-09-29T22:40:00,3.46,63.0,8292,22.0,5.94,118.3
SR-004554,CNC-03,2026-09-29T22:50:00,3.12,64.4,8615,22.5,6.16,120.1
SR-004555,CNC-03,2026-09-29T23:00:00,3.35,64.4,8497,23.1,5.84,119.5
SR-004556,CNC-03,2026-09-29T23:10:00,2.95,63.8,8391,22.4,6.06,117.3
SR-004557,CNC-03,2026-09-29T23:20:00,3.19,63.5,8462,23.7,5.92,116.6
SR-004558,CNC-03,2026-09-29T23:30:00,3.46,63.8,8283,22.7,5.72,117.2
SR-004559,CNC-03,2026-09-29T23:40:00,3.19,63.0,8411,22.4,5.89,120.1
SR-004560,CNC-03,2026-09-29T23:50:00,3.3,65.4,8339,23.8,6.19,119.6
SR-004561,CNC-03,2026-09-30T00:00:00,3.4,64.2,8516,23.6,5.88,122.9
SR-004562,CNC-03,2026-09-30T00:10:00,3.35,65.2,8651,23.4,6.02,117.4
SR-004563,CNC-03,2026-09-30T00:20:00,3.35,65.4,8670,23.6,6.1,120.1
SR-004564,CNC-03,2026-09-30T00:30:00,3.47,63.3,8495,20.9,6.13,120.6
SR-004565,CNC-03,2026-09-30T00:40:00,3.22,65.2,8344,22.1,5.85,120.5
SR-004566,CNC-03,2026-09-30T00:50:00,3.53,65.3,8625,24.0,5.88,120.5
SR-004567,CNC-03,2026-09-30T01:00:00,3.2,64.8,8666,21.4,5.95,118.8
SR-004568,CNC-03,2026-09-30T01:10:00,3.38,63.1,8413,23.1,5.99,117.7
SR-004569,CNC-03,2026-09-30T01:20:00,3.32,64.6,8469,22.1,5.99,119.5
SR-004570,CNC-03,2026-09-30T01:30:00,3.27,64.1,8551,21.3,5.99,121.3
SR-004571,CNC-03,2026-09-30T01:40:00,3.21,63.0,8593,21.8,6.07,113.7
SR-004572,CNC-03,2026-09-30T01:50:00,3.34,65.9,8244,21.9,5.96,120.3
SR-004573,CNC-03,2026-09-30T02:00:00,3.38,64.7,8464,23.0,5.88,116.8
SR-004574,CNC-03,2026-09-30T02:10:00,3.16,64.3,8453,21.7,5.97,118.4
SR-004575,CNC-03,2026-09-30T02:20:00,3.3,64.9,8559,24.3,6.01,118.0
SR-004576,CNC-03,2026-09-30T02:30:00,3.53,64.9,8219,22.3,5.98,118.6
SR-004577,CNC-03,2026-09-30T02:40:00,3.4,64.3,8800,21.6,6.08,117.4
SR-004578,CNC-03,2026-09-30T02:50:00,3.34,65.9,8501,21.7,5.83,117.0
SR-004579,CNC-03,2026-09-30T03:00:00,3.46,64.0,8321,21.9,6.09,118.1
SR-004580,CNC-03,2026-09-30T03:10:00,3.44,65.5,8795,21.6,6.16,112.7
SR-004581,CNC-03,2026-09-30T03:20:00,3.35,65.3,8356,22.3,5.87,114.8
SR-004582,CNC-03,2026-09-30T03:30:00,3.35,65.0,8357,23.2,5.77,115.0
SR-004583,CNC-03,2026-09-30T03:40:00,3.49,64.8,8303,24.9,5.88,117.0
SR-004584,CNC-03,2026-09-30T03:50:00,3.11,65.7,8420,23.1,5.89,118.2
SR-004585,CNC-03,2026-09-30T04:00:00,3.43,64.0,8560,22.4,5.75,121.5
SR-004586,CNC-03,2026-09-30T04:10:00,3.55,65.6,8575,23.7,5.92,116.9
SR-004587,CNC-03,2026-09-30T04:20:00,3.32,65.5,8527,23.6,5.82,115.7
SR-004588,CNC-03,2026-09-30T04:30:00,3.29,65.1,8605,22.0,6.04,115.0
SR-004589,CNC-03,2026-09-30T04:40:00,3.49,65.4,8517,24.1,5.93,120.5
SR-004590,CNC-03,2026-09-30T04:50:00,3.52,65.5,8293,22.9,6.17,114.1
SR-004591,CNC-03,2026-09-30T05:00:00,3.49,64.5,8650,22.9,6.18,121.9
SR-004592,CNC-03,2026-09-30T05:10:00,3.22,65.7,8360,23.4,5.86,116.5
SR-004593,CNC-03,2026-09-30T05:20:00,3.56,68.0,8553,24.0,5.97,117.7
SR-004594,CNC-03,2026-09-30T05:30:00,3.56,64.6,8382,24.9,5.83,114.4
SR-004595,CNC-03,2026-09-30T05:40:00,3.48,66.3,8647,21.6,6.25,117.2
SR-004596,CNC-03,2026-09-30T05:50:00,3.36,67.1,8517,23.3,6.06,120.2
SR-004597,CNC-03,2026-09-30T06:00:00,3.6,65.7,8465,23.1,6.02,115.9
SR-004598,CNC-03,2026-09-30T06:10:00,3.44,66.0,8400,24.3,6.01,119.5
SR-004599,CNC-03,2026-09-30T06:20:00,3.45,67.1,8407,22.9,5.94,116.9
SR-004600,CNC-03,2026-09-30T06:30:00,3.42,66.4,8721,22.6,5.91,118.9
SR-004601,CNC-03,2026-09-30T06:40:00,3.51,66.4,8503,22.2,5.98,119.7
SR-004602,CNC-03,2026-09-30T06:50:00,3.43,64.7,8412,23.6,5.76,117.7
SR-004603,CNC-03,2026-09-30T07:00:00,3.39,65.7,8552,23.6,5.83,120.6
SR-004604,CNC-03,2026-09-30T07:10:00,3.52,67.3,8579,23.7,5.89,118.0
SR-004605,CNC-03,2026-09-30T07:20:00,3.4,66.3,8684,22.0,6.01,120.4
SR-004606,CNC-03,2026-09-30T07:30:00,3.47,66.4,8463,23.3,5.92,118.9
SR-004607,CNC-03,2026-09-30T07:40:00,3.4,67.4,8393,22.5,5.81,118.9
SR-004608,CNC-03,2026-09-30T07:50:00,3.72,65.5,8653,23.4,5.94,112.7
SR-004609,CNC-03,2026-09-30T08:00:00,3.58,66.4,8615,22.7,5.74,113.5
SR-004610,CNC-03,2026-09-30T08:10:00,3.43,67.5,8256,22.6,5.91,119.7
SR-004611,CNC-03,2026-09-30T08:20:00,3.69,66.5,8364,23.8,5.62,119.7
SR-004612,CNC-03,2026-09-30T08:30:00,3.49,68.3,8498,23.8,6.02,113.7
SR-004613,CNC-03,2026-09-30T08:40:00,3.34,67.6,8476,22.8,5.81,115.9
SR-004614,CNC-03,2026-09-30T08:50:00,3.46,66.0,8509,24.0,5.98,118.7
SR-004615,CNC-03,2026-09-30T09:00:00,3.57,67.5,8352,24.1,5.72,116.7
SR-004616,CNC-03,2026-09-30T09:10:00,3.47,66.8,8542,22.8,5.8,116.8
SR-004617,CNC-03,2026-09-30T09:20:00,3.32,65.2,8523,22.8,5.94,120.5
SR-004618,CNC-03,2026-09-30T09:30:00,3.37,66.6,8461,22.5,5.88,118.9
SR-004619,CNC-03,2026-09-30T09:40:00,3.55,66.4,8620,23.7,5.71,114.9
SR-004620,CNC-03,2026-09-30T09:50:00,3.48,67.5,8382,22.0,5.94,119.3
SR-004621,CNC-03,2026-09-30T10:00:00,3.5,67.5,8458,21.4,5.87,117.2
SR-004622,CNC-03,2026-09-30T10:10:00,3.68,66.5,8390,24.1,5.93,115.7
SR-004623,CNC-03,2026-09-30T10:20:00,3.47,67.2,8396,25.1,6.27,118.5
SR-004624,CNC-03,2026-09-30T10:30:00,3.59,65.5,8452,24.2,6.04,115.8
SR-004625,CNC-03,2026-09-30T10:40:00,3.64,67.9,8425,22.6,5.88,113.7
SR-004626,CNC-03,2026-09-30T10:50:00,3.47,66.9,8411,22.9,5.76,112.8
SR-004627,CNC-03,2026-09-30T11:00:00,3.57,66.9,8471,22.4,5.85,119.7
SR-004628,CNC-03,2026-09-30T11:10:00,3.65,68.9,8564,23.4,5.81,114.4
SR-004629,CNC-03,2026-09-30T11:20:00,3.64,67.4,8524,23.9,5.81,118.5
SR-004630,CNC-03,2026-09-30T11:30:00,3.82,66.4,8326,23.9,5.8,116.6
SR-004631,CNC-03,2026-09-30T11:40:00,3.42,65.2,8622,22.5,5.93,115.4
SR-004632,CNC-03,2026-09-30T11:50:00,3.8,67.9,8615,22.5,5.72,120.2
SR-004633,CNC-03,2026-09-30T12:00:00,3.62,67.8,8871,23.9,5.83,120.4
SR-004634,CNC-03,2026-09-30T12:10:00,3.59,68.2,8277,22.4,5.83,122.1
SR-004635,CNC-03,2026-09-30T12:20:00,3.81,66.8,8461,23.1,5.72,119.1
SR-004636,CNC-03,2026-09-30T12:30:00,3.32,67.2,8559,23.7,5.76,118.5
SR-004637,CNC-03,2026-09-30T12:40:00,3.63,67.7,8470,24.5,5.8,118.3
SR-004638,CNC-03,2026-09-30T12:50:00,3.65,68.8,8455,23.2,5.93,115.3
SR-004639,CNC-03,2026-09-30T13:00:00,3.71,66.9,8492,23.0,6.1,114.9
SR-004640,CNC-03,2026-09-30T13:10:00,3.63,69.1,8478,23.5,5.73,117.9
SR-004641,CNC-03,2026-09-30T13:20:00,3.63,68.4,8625,24.0,5.77,116.8
SR-004642,CNC-03,2026-09-30T13:30:00,3.49,66.4,8597,24.1,5.75,121.4
SR-004643,CNC-03,2026-09-30T13:40:00,3.74,66.1,8547,22.8,5.99,119.4
SR-004644,CNC-03,2026-09-30T13:50:00,3.93,67.1,8608,21.7,5.84,121.3
SR-004645,CNC-03,2026-09-30T14:00:00,3.61,67.6,8591,21.4,6.01,120.2
SR-004646,CNC-03,2026-09-30T14:10:00,3.6,68.1,8427,24.3,5.94,114.2
SR-004647,CNC-03,2026-09-30T14:20:00,3.53,67.6,8500,23.9,5.99,116.3
SR-004648,CNC-03,2026-09-30T14:30:00,3.86,66.9,8628,22.9,5.9,120.7
SR-004649,CNC-03,2026-09-30T14:40:00,3.64,67.8,8508,24.6,5.89,122.3
SR-004650,CNC-03,2026-09-30T14:50:00,3.61,67.3,8639,22.7,5.85,122.6
SR-004651,CNC-03,2026-09-30T15:00:00,3.78,66.1,8545,23.5,5.78,113.4
SR-004652,CNC-03,2026-09-30T15:10:00,3.64,67.6,8540,23.9,5.97,120.7
SR-004653,CNC-03,2026-09-30T15:20:00,3.5,66.6,8461,23.1,6.05,115.2
SR-004654,CNC-03,2026-09-30T15:30:00,3.6,66.8,8205,23.2,5.62,116.6
SR-004655,CNC-03,2026-09-30T15:40:00,3.69,66.8,8595,24.0,5.91,116.7
SR-004656,CNC-03,2026-09-30T15:50:00,3.68,66.7,8278,23.8,6.07,117.4
SR-004657,CNC-03,2026-09-30T16:00:00,3.61,66.8,8521,22.2,5.73,117.1
SR-004658,CNC-03,2026-09-30T16:10:00,3.65,68.3,8417,22.8,5.92,117.5
SR-004659,CNC-03,2026-09-30T16:20:00,3.61,65.1,8386,22.0,6.14,116.2
SR-004660,CNC-03,2026-09-30T16:30:00,3.52,67.5,8446,22.9,5.93,117.1
SR-004661,CNC-03,2026-09-30T16:40:00,3.69,69.3,8509,23.3,5.97,117.3
SR-004662,CNC-03,2026-09-30T16:50:00,3.63,67.6,8640,23.4,5.85,118.9
SR-004663,CNC-03,2026-09-30T17:00:00,3.48,67.7,8455,22.7,5.95,116.8
SR-004664,CNC-03,2026-09-30T17:10:00,3.6,68.2,8476,22.9,5.73,118.2
SR-004665,CNC-03,2026-09-30T17:20:00,3.68,67.7,8485,22.5,5.93,116.5
SR-004666,CNC-03,2026-09-30T17:30:00,3.71,66.8,8508,24.1,5.79,118.8
SR-004667,CNC-03,2026-09-30T17:40:00,3.59,68.5,8445,22.7,5.9,118.0
SR-004668,CNC-03,2026-09-30T17:50:00,3.63,68.0,8427,22.5,5.94,119.7
SR-004669,CNC-03,2026-09-30T18:00:00,3.62,67.8,8433,23.0,5.79,112.8
SR-004670,CNC-03,2026-09-30T18:10:00,3.82,66.0,8420,23.9,5.87,116.2
SR-004671,CNC-03,2026-09-30T18:20:00,3.58,66.7,8722,23.5,5.91,119.3
SR-004672,CNC-03,2026-09-30T18:30:00,3.78,65.3,8645,22.9,6.09,118.4
SR-004673,CNC-03,2026-09-30T18:40:00,3.78,66.4,8333,23.8,6.09,115.5
SR-004674,CNC-03,2026-09-30T18:50:00,3.86,67.0,8451,24.2,5.77,115.4
SR-004675,CNC-03,2026-09-30T19:00:00,3.79,65.8,8483,22.3,5.9,118.4
SR-004676,CNC-03,2026-09-30T19:10:00,3.69,66.9,8325,22.2,6.07,118.8
SR-004677,CNC-03,2026-09-30T19:20:00,3.69,65.8,8548,22.3,5.86,120.3
SR-004678,CNC-03,2026-09-30T19:30:00,3.83,67.8,8504,21.9,5.61,115.6
SR-004679,CNC-03,2026-09-30T19:40:00,3.73,64.9,8395,23.0,5.89,111.6
SR-004680,CNC-03,2026-09-30T19:50:00,3.91,66.5,8406,21.9,5.75,117.2
SR-004681,CNC-03,2026-09-30T20:00:00,3.87,67.0,8369,23.6,5.86,118.5
SR-004682,CNC-03,2026-09-30T20:10:00,3.81,66.6,8686,23.8,5.93,116.8
SR-004683,CNC-03,2026-09-30T20:20:00,3.8,67.3,8575,23.1,5.95,119.6
SR-004684,CNC-03,2026-09-30T20:30:00,3.73,67.1,8288,24.2,5.92,119.7
SR-004685,CNC-03,2026-09-30T20:40:00,3.83,66.2,8544,24.0,5.7,116.6
SR-004686,CNC-03,2026-09-30T20:50:00,3.92,68.4,8654,23.9,5.98,121.7
SR-004687,CNC-03,2026-09-30T21:00:00,3.74,66.3,8484,24.0,5.82,118.5
SR-004688,CNC-03,2026-09-30T21:10:00,3.84,66.4,8576,23.5,5.78,113.2
SR-004689,CNC-03,2026-09-30T21:20:00,3.62,66.7,8559,22.8,5.8,118.0
SR-004690,CNC-03,2026-09-30T21:30:00,3.92,65.4,8680,24.4,5.84,119.2
SR-004691,CNC-03,2026-09-30T21:40:00,3.85,65.8,8589,23.3,6.09,121.9
SR-004692,CNC-03,2026-09-30T21:50:00,3.89,66.4,8523,23.6,5.8,116.5
SR-004693,CNC-03,2026-09-30T22:00:00,4.01,66.6,8364,20.8,5.89,117.2
SR-004694,CNC-03,2026-09-30T22:10:00,3.88,64.8,8573,21.8,5.74,113.5
SR-004695,CNC-03,2026-09-30T22:20:00,3.81,67.0,8560,24.3,5.75,117.8
SR-004696,CNC-03,2026-09-30T22:30:00,3.95,66.8,8598,22.9,5.93,120.8
SR-004697,CNC-03,2026-09-30T22:40:00,4.0,66.0,8566,23.4,5.76,118.8
SR-004698,CNC-03,2026-09-30T22:50:00,3.9,68.2,8488,23.5,5.75,116.6
SR-004699,CNC-03,2026-09-30T23:00:00,3.78,65.1,8521,21.8,5.83,117.5
SR-004700,CNC-03,2026-09-30T23:10:00,3.7,66.5,8338,22.2,5.91,119.6
SR-004701,CNC-03,2026-09-30T23:20:00,3.75,65.6,8555,24.9,6.01,120.9
SR-004702,CNC-03,2026-09-30T23:30:00,3.91,67.0,8545,23.7,5.79,120.2
SR-004703,CNC-03,2026-09-30T23:40:00,3.97,66.4,8517,24.8,5.7,116.2
SR-004704,CNC-03,2026-09-30T23:50:00,3.89,65.5,8737,24.1,5.7,115.9
SR-004705,CNC-03,2026-10-01T00:00:00,3.73,64.9,8436,22.8,5.98,118.2
SR-004706,CNC-03,2026-10-01T00:10:00,3.96,66.1,8353,22.7,5.92,110.3
SR-004707,CNC-03,2026-10-01T00:20:00,3.93,64.9,8355,21.9,5.91,115.7
SR-004708,CNC-03,2026-10-01T00:30:00,3.89,66.4,8402,22.5,5.99,119.4
SR-004709,CNC-03,2026-10-01T00:40:00,3.93,65.7,8402,23.6,5.77,119.1
SR-004710,CNC-03,2026-10-01T00:50:00,3.96,66.0,8444,24.9,5.66,115.2
SR-004711,CNC-03,2026-10-01T01:00:00,3.85,66.1,8447,24.1,6.06,117.6
SR-004712,CNC-03,2026-10-01T01:10:00,4.1,65.3,8442,23.3,5.82,114.9
SR-004713,CNC-03,2026-10-01T01:20:00,3.88,66.8,8548,23.4,5.89,122.0
SR-004714,CNC-03,2026-10-01T01:30:00,4.01,63.8,8393,23.6,6.02,113.5
SR-004715,CNC-03,2026-10-01T01:40:00,4.14,67.0,8636,23.3,5.85,121.3
SR-004716,CNC-03,2026-10-01T01:50:00,3.93,67.0,8674,22.2,5.77,117.3
SR-004717,CNC-03,2026-10-01T02:00:00,3.98,67.5,8438,23.2,5.9,123.5
SR-004718,CNC-03,2026-10-01T02:10:00,3.85,67.9,8404,22.9,5.86,117.4
SR-004719,CNC-03,2026-10-01T02:20:00,3.84,67.9,8644,23.3,5.79,117.3
SR-004720,CNC-03,2026-10-01T02:30:00,3.95,66.2,8406,23.3,5.93,115.8
SR-004721,CNC-03,2026-10-01T02:40:00,3.82,67.7,8610,23.0,5.74,114.5
SR-004722,CNC-03,2026-10-01T02:50:00,4.16,66.5,8729,23.8,5.96,121.0
SR-004723,CNC-03,2026-10-01T03:00:00,3.91,66.1,8417,22.4,5.95,117.9
SR-004724,CNC-03,2026-10-01T03:10:00,3.85,67.7,8646,24.9,5.8,111.2
SR-004725,CNC-03,2026-10-01T03:20:00,4.02,67.3,8379,22.5,5.85,119.0
SR-004726,CNC-03,2026-10-01T03:30:00,4.0,67.3,8493,21.9,5.65,114.7
SR-004727,CNC-03,2026-10-01T03:40:00,3.95,67.5,8623,23.3,5.88,118.0
SR-004728,CNC-03,2026-10-01T03:50:00,3.97,67.5,8795,23.1,5.97,123.0
SR-004729,CNC-03,2026-10-01T04:00:00,3.79,67.2,8373,21.8,5.83,119.6
SR-004730,CNC-03,2026-10-01T04:10:00,4.06,67.9,8579,22.6,5.68,114.3
SR-004731,CNC-03,2026-10-01T04:20:00,4.17,68.1,8250,23.1,5.92,115.2
SR-004732,CNC-03,2026-10-01T04:30:00,3.99,67.6,8564,22.9,5.63,119.0
SR-004733,CNC-03,2026-10-01T04:40:00,3.99,68.3,8456,22.3,5.74,116.5
SR-004734,CNC-03,2026-10-01T04:50:00,4.0,68.6,8521,23.4,5.69,117.6
SR-004735,CNC-03,2026-10-01T05:00:00,3.92,68.0,8544,25.3,5.85,117.4
SR-004736,CNC-03,2026-10-01T05:10:00,3.94,68.4,8615,24.0,5.85,118.2
SR-004737,CNC-03,2026-10-01T05:20:00,3.93,66.2,8564,22.7,5.78,115.9
SR-004738,CNC-03,2026-10-01T05:30:00,4.03,67.9,8686,23.9,5.62,118.4
SR-004739,CNC-03,2026-10-01T05:40:00,4.21,67.1,8675,23.4,5.92,123.6
SR-004740,CNC-03,2026-10-01T05:50:00,3.99,66.9,8418,23.6,6.03,117.4
SR-004741,CNC-03,2026-10-01T06:00:00,4.34,69.3,8414,24.6,5.9,115.4
SR-004742,CNC-03,2026-10-01T06:10:00,4.08,66.4,8517,25.2,5.65,121.1
SR-004743,CNC-03,2026-10-01T06:20:00,3.98,67.8,8593,24.6,5.54,117.2
SR-004744,CNC-03,2026-10-01T06:30:00,4.24,67.5,8465,24.2,5.71,116.7
SR-004745,CNC-03,2026-10-01T06:40:00,4.08,66.4,8714,24.0,5.95,116.5
SR-004746,CNC-03,2026-10-01T06:50:00,4.07,67.6,8308,25.1,5.83,118.6
SR-004747,CNC-03,2026-10-01T07:00:00,4.18,68.9,8330,23.8,5.75,116.0
SR-004748,CNC-03,2026-10-01T07:10:00,4.12,66.8,8304,25.0,5.72,117.5
SR-004749,CNC-03,2026-10-01T07:20:00,4.29,68.8,8594,23.5,5.69,117.3
SR-004750,CNC-03,2026-10-01T07:30:00,3.99,67.8,8586,24.4,5.74,113.5
SR-004751,CNC-03,2026-10-01T07:40:00,4.27,68.7,8461,24.2,5.71,121.3
SR-004752,CNC-03,2026-10-01T07:50:00,4.1,68.2,8456,21.7,5.86,115.4
SR-004753,CNC-03,2026-10-01T08:00:00,4.37,68.0,8433,22.5,5.61,117.7
SR-004754,CNC-03,2026-10-01T08:10:00,4.14,69.8,8243,22.9,5.82,116.3
SR-004755,CNC-03,2026-10-01T08:20:00,4.15,70.4,8405,22.4,5.65,119.2
SR-004756,CNC-03,2026-10-01T08:30:00,4.01,67.6,8602,22.2,5.9,121.1
SR-004757,CNC-03,2026-10-01T08:40:00,4.1,69.3,8609,22.9,5.72,117.6
SR-004758,CNC-03,2026-10-01T08:50:00,4.15,70.0,8523,23.2,5.67,119.4
SR-004759,CNC-03,2026-10-01T09:00:00,4.14,69.4,8428,22.8,5.85,123.4
SR-004760,CNC-03,2026-10-01T09:10:00,4.14,68.8,8374,22.4,5.86,118.2
SR-004761,CNC-03,2026-10-01T09:20:00,4.27,68.3,8440,22.1,5.86,119.8
SR-004762,CNC-03,2026-10-01T09:30:00,4.27,69.8,8367,23.6,5.85,117.3
SR-004763,CNC-03,2026-10-01T09:40:00,4.39,68.6,8483,23.1,5.57,123.9
SR-004764,CNC-03,2026-10-01T09:50:00,4.17,70.0,8515,23.2,5.76,123.0
SR-004765,CNC-03,2026-10-01T10:00:00,4.28,69.2,8428,23.8,5.81,117.3
SR-004766,CNC-03,2026-10-01T10:10:00,4.11,69.6,8457,24.0,5.97,118.6
SR-004767,CNC-03,2026-10-01T10:20:00,4.32,68.2,8451,23.1,5.69,118.6
SR-004768,CNC-03,2026-10-01T10:30:00,4.13,69.1,8258,22.9,5.51,119.2
SR-004769,CNC-03,2026-10-01T10:40:00,4.24,68.7,8354,22.8,5.83,121.6
SR-004770,CNC-03,2026-10-01T10:50:00,4.16,69.1,8387,23.4,5.76,119.0
SR-004771,CNC-03,2026-10-01T11:00:00,4.11,68.4,8339,23.7,5.75,119.6
SR-004772,CNC-03,2026-10-01T11:10:00,4.28,68.5,8388,22.6,5.81,114.5
SR-004773,CNC-03,2026-10-01T11:20:00,4.34,68.9,8333,24.5,5.75,112.4
SR-004774,CNC-03,2026-10-01T11:30:00,3.99,69.9,8554,24.3,5.87,118.1
SR-004775,CNC-03,2026-10-01T11:40:00,4.29,69.0,8208,23.4,5.73,121.8
SR-004776,CNC-03,2026-10-01T11:50:00,4.34,68.0,8348,22.7,5.67,118.6
SR-004777,CNC-03,2026-10-01T12:00:00,4.25,68.8,8443,24.8,5.93,116.9
SR-004778,CNC-03,2026-10-01T12:10:00,4.32,68.7,8614,24.5,5.95,117.3
SR-004779,CNC-03,2026-10-01T12:20:00,4.2,69.7,8521,24.9,5.8,116.7
SR-004780,CNC-03,2026-10-01T12:30:00,4.41,69.8,8525,22.6,5.7,117.8
SR-004781,CNC-03,2026-10-01T12:40:00,4.46,68.8,8740,23.0,5.67,117.2
SR-004782,CNC-03,2026-10-01T12:50:00,4.41,69.7,8572,23.2,5.92,115.6
SR-004783,CNC-03,2026-10-01T13:00:00,4.3,69.0,8433,22.7,5.82,117.6
SR-004784,CNC-03,2026-10-01T13:10:00,4.35,69.5,8394,22.7,6.0,118.3
SR-004785,CNC-03,2026-10-01T13:20:00,4.05,69.4,8367,24.0,5.73,120.9
SR-004786,CNC-03,2026-10-01T13:30:00,4.17,69.1,8363,24.0,5.92,121.4
SR-004787,CNC-03,2026-10-01T13:40:00,4.25,69.0,8420,23.0,5.73,116.3
SR-004788,CNC-03,2026-10-01T13:50:00,4.25,69.2,8479,23.2,5.91,116.3
SR-004789,CNC-03,2026-10-01T14:00:00,4.32,69.9,8468,24.7,5.86,117.2
SR-004790,CNC-03,2026-10-01T14:10:00,4.36,71.3,8449,24.4,5.54,118.8
SR-004791,CNC-03,2026-10-01T14:20:00,4.2,68.4,8445,23.0,5.66,117.9
SR-004792,CNC-03,2026-10-01T14:30:00,4.28,68.5,8516,24.3,5.75,118.3
SR-004793,CNC-03,2026-10-01T14:40:00,4.49,68.9,8654,23.5,5.73,119.3
SR-004794,CNC-03,2026-10-01T14:50:00,4.22,69.8,8403,22.2,5.79,117.5
SR-004795,CNC-03,2026-10-01T15:00:00,4.3,68.8,8700,23.0,5.71,115.6
SR-004796,CNC-03,2026-10-01T15:10:00,4.34,69.8,8640,25.0,5.8,115.6
SR-004797,CNC-03,2026-10-01T15:20:00,4.62,68.4,8672,23.6,5.74,118.5
SR-004798,CNC-03,2026-10-01T15:30:00,4.2,69.0,8578,22.9,5.77,115.0
SR-004799,CNC-03,2026-10-01T15:40:00,4.33,70.7,8470,24.7,5.71,119.0
SR-004800,CNC-03,2026-10-01T15:50:00,4.45,68.5,8300,22.2,5.78,117.0
SR-004801,CNC-03,2026-10-01T16:00:00,4.43,68.6,8670,23.3,5.82,116.5
SR-004802,CNC-03,2026-10-01T16:10:00,4.58,68.0,8503,21.9,5.97,116.7
SR-004803,CNC-03,2026-10-01T16:20:00,4.54,69.6,8334,23.3,5.78,117.9
SR-004804,CNC-03,2026-10-01T16:30:00,4.24,68.6,8459,24.8,5.92,117.0
SR-004805,CNC-03,2026-10-01T16:40:00,4.54,67.7,8455,25.5,5.88,118.8
SR-004806,CNC-03,2026-10-01T16:50:00,4.34,67.3,8317,21.3,6.08,114.9
SR-004807,CNC-03,2026-10-01T17:00:00,4.52,69.7,8482,23.5,5.43,111.9
SR-004808,CNC-03,2026-10-01T17:10:00,4.56,69.4,8250,24.3,5.7,117.3
SR-004809,CNC-03,2026-10-01T17:20:00,4.39,69.3,8811,25.3,5.83,116.9
SR-004810,CNC-03,2026-10-01T17:30:00,4.28,70.6,8546,23.0,5.86,116.7
SR-004811,CNC-03,2026-10-01T17:40:00,4.43,70.8,8520,22.9,5.62,119.0
SR-004812,CNC-03,2026-10-01T17:50:00,4.55,67.1,8391,23.1,5.63,113.4
SR-004813,CNC-03,2026-10-01T18:00:00,4.49,67.9,8551,22.0,5.73,116.5
SR-004814,CNC-03,2026-10-01T18:10:00,4.38,68.1,8312,23.7,5.62,119.5
SR-004815,CNC-03,2026-10-01T18:20:00,4.48,67.0,8412,24.9,5.81,116.9
SR-004816,CNC-03,2026-10-01T18:30:00,4.43,68.2,8420,23.6,5.7,118.3
SR-004817,CNC-03,2026-10-01T18:40:00,4.51,69.7,8553,23.0,5.79,118.5
SR-004818,CNC-03,2026-10-01T18:50:00,4.54,69.4,8447,23.0,5.9,114.9
SR-004819,CNC-03,2026-10-01T19:00:00,4.37,68.6,8571,24.0,5.68,118.7
SR-004820,CNC-03,2026-10-01T19:10:00,4.6,68.4,8304,22.0,5.83,114.2
SR-004821,CNC-03,2026-10-01T19:20:00,4.51,68.8,8414,24.3,5.75,116.8
SR-004822,CNC-03,2026-10-01T19:30:00,4.73,68.4,8464,23.1,5.83,115.5
SR-004823,CNC-03,2026-10-01T19:40:00,4.51,69.4,8624,24.1,5.91,116.0
SR-004824,CNC-03,2026-10-01T19:50:00,4.58,68.9,8242,22.9,5.84,113.9
SR-004825,CNC-03,2026-10-01T20:00:00,4.65,67.9,8519,24.3,5.71,120.4
SR-004826,CNC-03,2026-10-01T20:10:00,4.44,68.6,8500,21.9,5.96,115.8
SR-004827,CNC-03,2026-10-01T20:20:00,4.56,68.8,8631,24.7,5.75,117.7
SR-004828,CNC-03,2026-10-01T20:30:00,4.33,68.2,8529,24.1,5.64,120.1
SR-004829,CNC-03,2026-10-01T20:40:00,4.45,67.2,8498,23.9,5.56,117.8
SR-004830,CNC-03,2026-10-01T20:50:00,4.42,69.6,8591,22.1,5.65,117.4
SR-004831,CNC-03,2026-10-01T21:00:00,4.54,69.7,8327,24.6,5.59,117.7
SR-004832,CNC-03,2026-10-01T21:10:00,4.65,68.4,8302,22.7,5.64,118.9
SR-004833,CNC-03,2026-10-01T21:20:00,4.4,68.2,8550,22.3,5.8,119.7
SR-004834,CNC-03,2026-10-01T21:30:00,4.39,68.6,8499,22.6,5.85,119.5
SR-004835,CNC-03,2026-10-01T21:40:00,4.51,67.2,8628,24.8,5.57,120.5
SR-004836,CNC-03,2026-10-01T21:50:00,4.55,67.8,8491,23.4,5.64,120.4
SR-004837,CNC-03,2026-10-01T22:00:00,4.59,68.3,8292,23.1,5.77,116.2
SR-004838,CNC-03,2026-10-01T22:10:00,4.55,68.0,8501,22.1,5.85,117.5
SR-004839,CNC-03,2026-10-01T22:20:00,4.46,68.5,8554,22.6,5.73,118.1
SR-004840,CNC-03,2026-10-01T22:30:00,4.6,69.0,8317,23.6,5.79,120.2
SR-004841,CNC-03,2026-10-01T22:40:00,4.54,69.2,8626,23.5,5.65,119.5
SR-004842,CNC-03,2026-10-01T22:50:00,4.7,67.4,8581,24.9,5.79,112.7
SR-004843,CNC-03,2026-10-01T23:00:00,4.59,69.2,8556,25.1,5.84,115.9
SR-004844,CNC-03,2026-10-01T23:10:00,4.84,68.4,8315,24.5,5.92,118.4
SR-004845,CNC-03,2026-10-01T23:20:00,4.71,68.7,8457,23.1,5.54,115.3
SR-004846,CNC-03,2026-10-01T23:30:00,4.55,68.4,8334,25.0,5.83,116.2
SR-004847,CNC-03,2026-10-01T23:40:00,4.65,70.0,8572,23.8,5.71,116.1
SR-004848,CNC-03,2026-10-01T23:50:00,4.62,68.5,8475,23.8,5.38,116.2
SR-004849,CNC-03,2026-10-02T00:00:00,4.7,69.9,8411,24.8,5.74,121.8
SR-004850,CNC-03,2026-10-02T00:10:00,4.5,69.0,8553,23.4,5.74,118.8
SR-004851,CNC-03,2026-10-02T00:20:00,4.72,68.2,8444,23.0,5.56,120.5
SR-004852,CNC-03,2026-10-02T00:30:00,4.68,69.6,8706,23.6,5.63,117.7
SR-004853,CNC-03,2026-10-02T00:40:00,4.56,69.9,8437,23.6,5.78,115.5
SR-004854,CNC-03,2026-10-02T00:50:00,4.68,68.8,8309,23.3,5.7,114.6
SR-004855,CNC-03,2026-10-02T01:00:00,4.49,69.2,8290,24.6,5.67,121.3
SR-004856,CNC-03,2026-10-02T01:10:00,4.66,68.6,8441,24.2,5.82,120.7
SR-004857,CNC-03,2026-10-02T01:20:00,4.71,70.3,8376,24.5,5.78,116.7
SR-004858,CNC-03,2026-10-02T01:30:00,4.72,68.9,8517,23.6,5.6,120.5
SR-004859,CNC-03,2026-10-02T01:40:00,4.92,69.8,8845,24.3,5.6,114.7
SR-004860,CNC-03,2026-10-02T01:50:00,4.69,69.9,8259,23.4,5.85,120.4
SR-004861,CNC-03,2026-10-02T02:00:00,4.6,69.2,8530,24.0,5.66,115.9
SR-004862,CNC-03,2026-10-02T02:10:00,4.6,68.2,8601,25.0,5.65,113.8
SR-004863,CNC-03,2026-10-02T02:20:00,4.83,68.9,8429,24.4,5.69,117.4
SR-004864,CNC-03,2026-10-02T02:30:00,4.75,66.5,8314,23.2,5.72,120.6
SR-004865,CNC-03,2026-10-02T02:40:00,4.85,68.4,8477,25.1,5.72,117.7
SR-004866,CNC-03,2026-10-02T02:50:00,4.73,69.6,8340,24.9,5.77,115.8
SR-004867,CNC-03,2026-10-02T03:00:00,4.84,68.7,8513,23.7,5.92,119.8
SR-004868,CNC-03,2026-10-02T03:10:00,4.72,69.7,8336,24.5,5.68,113.3
SR-004869,CNC-03,2026-10-02T03:20:00,4.62,69.4,8437,24.1,5.59,118.8
SR-004870,CNC-03,2026-10-02T03:30:00,4.82,69.4,8413,22.7,5.5,117.1
SR-004871,CNC-03,2026-10-02T03:40:00,4.84,69.2,8452,24.3,5.7,115.1
SR-004872,CNC-03,2026-10-02T03:50:00,4.8,68.1,8455,24.4,5.64,118.8
SR-004873,CNC-03,2026-10-02T04:00:00,4.7,70.2,8391,23.6,5.78,118.0
SR-004874,CNC-03,2026-10-02T04:10:00,4.67,69.2,8552,23.6,5.68,117.4
SR-004875,CNC-03,2026-10-02T04:20:00,4.5,71.3,8371,23.8,5.71,121.1
SR-004876,CNC-03,2026-10-02T04:30:00,4.58,70.2,8633,23.8,5.7,116.9
SR-004877,CNC-03,2026-10-02T04:40:00,4.83,69.5,8472,23.2,5.58,114.7
SR-004878,CNC-03,2026-10-02T04:50:00,4.99,68.7,8604,23.7,5.71,121.1
SR-004879,CNC-03,2026-10-02T05:00:00,4.73,69.4,8517,23.0,5.84,115.5
SR-004880,CNC-03,2026-10-02T05:10:00,4.7,70.2,8619,23.4,5.58,119.3
SR-004881,CNC-03,2026-10-02T05:20:00,4.5,69.2,8491,26.0,5.8,121.5
SR-004882,CNC-03,2026-10-02T05:30:00,4.88,69.4,8353,24.3,5.72,119.7
SR-004883,CNC-03,2026-10-02T05:40:00,4.85,69.0,8385,23.8,5.74,117.3
SR-004884,CNC-03,2026-10-02T05:50:00,4.93,69.7,8560,25.1,5.6,117.8
SR-004885,CNC-03,2026-10-02T06:00:00,4.81,69.9,8520,23.3,5.74,122.5
SR-004886,CNC-03,2026-10-02T06:10:00,4.76,71.0,8423,24.1,5.62,114.7
SR-004887,CNC-03,2026-10-02T06:20:00,5.04,71.9,8716,24.5,5.74,114.2
SR-004888,CNC-03,2026-10-02T06:30:00,4.58,69.5,8504,24.2,5.47,118.3
SR-004889,CNC-03,2026-10-02T06:40:00,4.79,70.4,8607,23.6,5.56,116.9
SR-004890,CNC-03,2026-10-02T06:50:00,4.74,69.7,8620,25.4,5.82,116.5
SR-004891,CNC-03,2026-10-02T07:00:00,4.81,70.6,8540,24.2,5.61,115.5
SR-004892,CNC-03,2026-10-02T07:10:00,4.66,69.9,8586,23.7,5.6,114.3
SR-004893,CNC-03,2026-10-02T07:20:00,4.9,70.3,8555,23.8,5.49,118.0
SR-004894,CNC-03,2026-10-02T07:30:00,5.06,70.4,8309,24.5,5.87,118.4
SR-004895,CNC-03,2026-10-02T07:40:00,4.92,71.3,8468,24.2,5.65,124.4
SR-004896,CNC-03,2026-10-02T07:50:00,4.72,72.1,8320,23.3,5.75,118.2
SR-004897,CNC-03,2026-10-02T08:00:00,5.04,71.0,8742,24.0,5.71,114.7
SR-004898,CNC-03,2026-10-02T08:10:00,4.63,71.5,8432,24.7,5.5,121.6
SR-004899,CNC-03,2026-10-02T08:20:00,4.83,70.1,8592,22.2,5.49,115.7
SR-004900,CNC-03,2026-10-02T08:30:00,4.99,71.8,8562,25.1,5.58,116.2
SR-004901,CNC-03,2026-10-02T08:40:00,5.12,69.7,8494,23.5,5.73,118.6
SR-004902,CNC-03,2026-10-02T08:50:00,4.7,70.7,8618,24.4,5.71,113.9
SR-004903,CNC-03,2026-10-02T09:00:00,4.74,71.3,8317,22.6,5.46,121.0
SR-004904,CNC-03,2026-10-02T09:10:00,4.95,71.1,8602,24.9,5.61,118.0
SR-004905,CNC-03,2026-10-02T09:20:00,4.9,69.7,8739,25.8,5.77,121.3
SR-004906,CNC-03,2026-10-02T09:30:00,4.98,71.5,8505,24.4,5.56,117.9
SR-004907,CNC-03,2026-10-02T09:40:00,4.72,70.7,8600,23.8,5.74,114.4
SR-004908,CNC-03,2026-10-02T09:50:00,4.83,69.6,8541,24.1,5.6,120.6
SR-004909,CNC-03,2026-10-02T10:00:00,4.93,71.0,8362,25.5,5.74,119.5
SR-004910,CNC-03,2026-10-02T10:10:00,4.79,71.5,8403,23.1,5.7,122.4
SR-004911,CNC-03,2026-10-02T10:20:00,4.94,69.9,8454,24.7,5.59,118.2
SR-004912,CNC-03,2026-10-02T10:30:00,5.11,71.0,8392,24.8,5.79,116.0
SR-004913,CNC-03,2026-10-02T10:40:00,4.86,72.1,8435,23.7,5.66,116.9
SR-004914,CNC-03,2026-10-02T10:50:00,5.03,71.2,8441,23.4,5.61,114.9
SR-004915,CNC-03,2026-10-02T11:00:00,4.87,71.7,8334,23.1,5.74,120.8
SR-004916,CNC-03,2026-10-02T11:10:00,4.98,71.1,8565,25.2,5.7,114.3
SR-004917,CNC-03,2026-10-02T11:20:00,4.99,71.5,8368,24.8,5.61,118.3
SR-004918,CNC-03,2026-10-02T11:30:00,4.92,72.2,8367,22.6,5.92,118.6
SR-004919,CNC-03,2026-10-02T11:40:00,5.18,71.2,8569,23.7,5.66,114.4
SR-004920,CNC-03,2026-10-02T11:50:00,5.0,71.8,8668,24.1,5.7,117.5
SR-004921,CNC-03,2026-10-02T12:00:00,5.03,71.6,8573,24.2,5.62,121.3
SR-004922,CNC-03,2026-10-02T12:10:00,4.95,71.7,8379,25.2,5.78,117.3
SR-004923,CNC-03,2026-10-02T12:20:00,4.99,72.5,8758,23.5,5.69,116.1
SR-004924,CNC-03,2026-10-02T12:30:00,5.12,70.3,8529,23.2,5.83,114.2
SR-004925,CNC-03,2026-10-02T12:40:00,4.86,71.7,8630,24.5,5.78,118.9
SR-004926,CNC-03,2026-10-02T12:50:00,5.12,72.0,8332,25.2,5.6,116.4
SR-004927,CNC-03,2026-10-02T13:00:00,4.94,71.6,8630,23.4,5.62,116.8
SR-004928,CNC-03,2026-10-02T13:10:00,5.0,72.8,8355,24.4,5.7,118.0
SR-004929,CNC-03,2026-10-02T13:20:00,5.18,71.3,8529,24.0,5.93,120.0
SR-004930,CNC-03,2026-10-02T13:30:00,5.09,70.7,8501,24.0,5.46,114.0
SR-004931,CNC-03,2026-10-02T13:40:00,5.22,71.3,8576,24.6,5.63,117.9
SR-004932,CNC-03,2026-10-02T13:50:00,5.06,71.3,8583,23.2,5.77,119.9
SR-004933,CNC-03,2026-10-02T14:00:00,5.0,72.0,8441,23.9,5.8,119.0
SR-004934,CNC-03,2026-10-02T14:10:00,4.98,70.4,8417,24.4,5.51,116.9
SR-004935,CNC-03,2026-10-02T14:20:00,4.99,72.9,8208,23.8,5.86,118.4
SR-004936,CNC-03,2026-10-02T14:30:00,5.07,71.7,8606,24.0,5.72,119.9
SR-004937,CNC-03,2026-10-02T14:40:00,5.05,72.7,8376,25.8,5.77,116.6
SR-004938,CNC-03,2026-10-02T14:50:00,5.02,71.6,8417,24.8,5.49,114.8
SR-004939,CNC-03,2026-10-02T15:00:00,5.27,73.3,8540,23.0,5.81,121.1
SR-004940,CNC-03,2026-10-02T15:10:00,5.1,71.2,8514,23.5,5.51,117.0
SR-004941,CNC-03,2026-10-02T15:20:00,5.13,72.3,8679,23.8,5.71,120.0
SR-004942,CNC-03,2026-10-02T15:30:00,5.29,71.9,8682,23.7,5.78,118.3
SR-004943,CNC-03,2026-10-02T15:40:00,5.13,72.4,8423,23.2,5.72,119.4
SR-004944,CNC-03,2026-10-02T15:50:00,5.34,71.4,8580,22.2,5.75,118.4
SR-004945,CNC-03,2026-10-02T16:00:00,5.04,73.0,8276,25.4,5.81,120.5
SR-004946,CNC-03,2026-10-02T16:10:00,5.17,71.4,8520,23.7,5.35,118.3
SR-004947,CNC-03,2026-10-02T16:20:00,5.32,72.6,8658,22.8,5.63,117.4
SR-004948,CNC-03,2026-10-02T16:30:00,5.24,71.9,8481,23.2,5.68,118.0
SR-004949,CNC-03,2026-10-02T16:40:00,4.92,71.4,8606,25.0,5.51,115.3
SR-004950,CNC-03,2026-10-02T16:50:00,5.05,71.1,8603,23.3,5.64,120.9
SR-004951,CNC-03,2026-10-02T17:00:00,5.14,71.5,8494,24.6,5.67,121.3
SR-004952,CNC-03,2026-10-02T17:10:00,5.19,72.0,8447,25.3,5.7,119.2
SR-004953,CNC-03,2026-10-02T17:20:00,5.0,71.0,8358,24.6,5.78,116.4
SR-004954,CNC-03,2026-10-02T17:30:00,5.06,71.8,8575,23.9,5.58,121.1
SR-004955,CNC-03,2026-10-02T17:40:00,5.24,72.4,8567,24.6,5.4,118.5
SR-004956,CNC-03,2026-10-02T17:50:00,5.2,71.1,8674,23.4,5.63,117.9
SR-004957,CNC-03,2026-10-02T18:00:00,5.36,71.8,8534,23.4,5.65,116.3
SR-004958,CNC-03,2026-10-02T18:10:00,5.46,72.1,8485,24.1,5.64,118.0
SR-004959,CNC-03,2026-10-02T18:20:00,5.27,71.0,8371,22.3,5.87,118.0
SR-004960,CNC-03,2026-10-02T18:30:00,5.38,71.8,8571,22.8,5.5,115.6
SR-004961,CNC-03,2026-10-02T18:40:00,5.04,70.9,8445,25.3,5.7,119.7
SR-004962,CNC-03,2026-10-02T18:50:00,5.08,70.8,8521,23.3,5.67,120.8
SR-004963,CNC-03,2026-10-02T19:00:00,5.28,72.2,8532,22.7,5.8,112.7
SR-004964,CNC-03,2026-10-02T19:10:00,5.25,70.0,8325,24.2,5.49,119.5
SR-004965,CNC-03,2026-10-02T19:20:00,4.97,72.7,8486,24.4,5.69,119.9
SR-004966,CNC-03,2026-10-02T19:30:00,5.37,71.0,8513,22.4,5.83,115.1
SR-004967,CNC-03,2026-10-02T19:40:00,5.24,70.9,8590,23.1,5.5,118.4
SR-004968,CNC-03,2026-10-02T19:50:00,5.32,70.9,8668,25.6,5.66,122.7
SR-004969,CNC-03,2026-10-02T20:00:00,5.45,70.6,8594,24.4,5.68,118.5
SR-004970,CNC-03,2026-10-02T20:10:00,5.34,71.0,8309,26.2,5.5,117.7
SR-004971,CNC-03,2026-10-02T20:20:00,5.21,70.9,8388,24.4,5.73,119.1
SR-004972,CNC-03,2026-10-02T20:30:00,5.42,70.8,8454,23.7,5.67,118.9
SR-004973,CNC-03,2026-10-02T20:40:00,5.36,70.7,8398,23.2,5.63,120.0
SR-004974,CNC-03,2026-10-02T20:50:00,5.34,70.8,8430,23.6,5.54,116.0
SR-004975,CNC-03,2026-10-02T21:00:00,5.22,69.7,8382,23.4,5.57,118.7
SR-004976,CNC-03,2026-10-02T21:10:00,5.18,71.3,8223,23.9,5.41,120.9
SR-004977,CNC-03,2026-10-02T21:20:00,5.16,70.0,8304,24.1,5.71,118.8
SR-004978,CNC-03,2026-10-02T21:30:00,5.35,69.7,8689,24.3,5.57,120.2
SR-004979,CNC-03,2026-10-02T21:40:00,5.39,70.9,8519,24.6,5.68,122.6
SR-004980,CNC-03,2026-10-02T21:50:00,5.11,70.6,8649,23.2,5.51,119.0
SR-004981,CNC-03,2026-10-02T22:00:00,5.24,71.5,8496,23.2,5.45,118.7
SR-004982,CNC-03,2026-10-02T22:10:00,5.24,71.3,8505,24.6,5.5,119.4
SR-004983,CNC-03,2026-10-02T22:20:00,5.37,73.1,8623,23.8,5.69,114.3
SR-004984,CNC-03,2026-10-02T22:30:00,5.34,70.8,8465,25.6,5.69,120.7
SR-004985,CNC-03,2026-10-02T22:40:00,4.98,70.5,8613,23.6,5.63,114.6
SR-004986,CNC-03,2026-10-02T22:50:00,5.41,70.1,8291,24.1,5.55,118.4
SR-004987,CNC-03,2026-10-02T23:00:00,5.19,71.5,8310,23.4,5.43,117.9
SR-004988,CNC-03,2026-10-02T23:10:00,5.41,71.5,8456,23.7,5.48,113.4
SR-004989,CNC-03,2026-10-02T23:20:00,5.41,69.8,8675,23.5,5.41,120.4
SR-004990,CNC-03,2026-10-02T23:30:00,5.4,71.3,8308,25.4,5.69,114.2
SR-004991,CNC-03,2026-10-02T23:40:00,5.44,71.4,8494,25.1,5.51,120.3
SR-004992,CNC-03,2026-10-02T23:50:00,5.46,70.3,8523,24.5,5.34,116.9
SR-004993,CNC-04,2026-09-17T00:00:00,2.45,61.0,8495,24.1,6.07,119.4
SR-004994,CNC-04,2026-09-17T01:00:00,2.15,60.8,8408,21.7,6.2,114.2
SR-004995,CNC-04,2026-09-17T02:00:00,2.23,59.1,8422,23.0,6.21,112.3
SR-004996,CNC-04,2026-09-17T03:00:00,2.5,59.8,8498,22.2,6.23,120.9
SR-004997,CNC-04,2026-09-17T04:00:00,2.37,61.7,8357,21.8,6.3,113.5
SR-004998,CNC-04,2026-09-17T05:00:00,2.47,61.3,8437,21.7,6.23,121.3
SR-004999,CNC-04,2026-09-17T06:00:00,2.4,61.9,8632,22.9,6.18,121.7
SR-005000,CNC-04,2026-09-17T07:00:00,2.45,62.8,8261,21.4,6.21,119.3
SR-005001,CNC-04,2026-09-17T08:00:00,2.37,63.3,8705,20.9,6.12,120.8
SR-005002,CNC-04,2026-09-17T09:00:00,2.69,62.9,8465,20.8,6.22,119.1
SR-005003,CNC-04,2026-09-17T10:00:00,2.35,62.7,8667,22.6,6.12,116.7
SR-005004,CNC-04,2026-09-17T11:00:00,2.61,63.0,8574,22.2,6.01,120.4
SR-005005,CNC-04,2026-09-17T12:00:00,2.6,63.3,8393,23.6,6.23,120.1
SR-005006,CNC-04,2026-09-17T13:00:00,2.51,62.3,8535,21.6,6.23,118.5
SR-005007,CNC-04,2026-09-17T14:00:00,2.33,62.2,8637,21.1,6.14,116.6
SR-005008,CNC-04,2026-09-17T15:00:00,2.24,62.8,8512,22.3,6.38,118.9
SR-005009,CNC-04,2026-09-17T16:00:00,2.35,61.2,8429,21.2,6.23,118.2
SR-005010,CNC-04,2026-09-17T17:00:00,2.43,61.9,8535,22.2,6.19,118.7
SR-005011,CNC-04,2026-09-17T18:00:00,2.02,62.5,8577,22.7,6.23,117.7
SR-005012,CNC-04,2026-09-17T19:00:00,2.47,61.4,8650,22.4,6.34,120.2
SR-005013,CNC-04,2026-09-17T20:00:00,2.66,61.0,8409,21.2,6.38,118.8
SR-005014,CNC-04,2026-09-17T21:00:00,2.43,61.2,8419,21.8,6.32,114.1
SR-005015,CNC-04,2026-09-17T22:00:00,2.4,61.7,8639,20.5,6.19,115.7
SR-005016,CNC-04,2026-09-17T23:00:00,2.52,59.9,8647,21.6,6.32,119.3
SR-005017,CNC-04,2026-09-18T00:00:00,2.29,62.0,8469,22.2,6.42,120.3
SR-005018,CNC-04,2026-09-18T01:00:00,2.6,62.1,8437,21.5,6.14,114.0
SR-005019,CNC-04,2026-09-18T02:00:00,2.38,61.4,8497,21.7,6.24,118.2
SR-005020,CNC-04,2026-09-18T03:00:00,2.34,61.0,8550,22.6,6.28,112.5
SR-005021,CNC-04,2026-09-18T04:00:00,2.38,61.8,8443,22.1,6.18,117.4
SR-005022,CNC-04,2026-09-18T05:00:00,2.28,62.7,8477,22.7,6.1,113.7
SR-005023,CNC-04,2026-09-18T06:00:00,2.27,61.8,8405,20.5,6.38,117.9
SR-005024,CNC-04,2026-09-18T07:00:00,2.39,62.5,8757,21.2,6.13,118.8
SR-005025,CNC-04,2026-09-18T08:00:00,2.18,63.2,8394,21.9,6.27,119.3
SR-005026,CNC-04,2026-09-18T09:00:00,2.47,62.6,8350,23.0,6.12,116.9
SR-005027,CNC-04,2026-09-18T10:00:00,2.4,63.0,8800,22.3,6.0,115.2
SR-005028,CNC-04,2026-09-18T11:00:00,2.59,62.2,8256,20.6,6.15,119.8
SR-005029,CNC-04,2026-09-18T12:00:00,2.32,63.3,8532,21.5,6.35,115.8
SR-005030,CNC-04,2026-09-18T13:00:00,2.54,64.1,8354,21.1,6.27,117.9
SR-005031,CNC-04,2026-09-18T14:00:00,2.3,63.9,8508,21.6,6.07,116.7
SR-005032,CNC-04,2026-09-18T15:00:00,2.44,62.6,8748,22.0,6.14,116.3
SR-005033,CNC-04,2026-09-18T16:00:00,2.34,62.3,8496,24.6,6.24,119.7
SR-005034,CNC-04,2026-09-18T17:00:00,2.27,62.8,8284,21.7,6.29,114.7
SR-005035,CNC-04,2026-09-18T18:00:00,2.12,62.5,8565,21.6,6.1,117.4
SR-005036,CNC-04,2026-09-18T19:00:00,2.4,62.2,8687,23.3,6.19,117.9
SR-005037,CNC-04,2026-09-18T20:00:00,2.35,61.3,8582,22.9,6.36,123.5
SR-005038,CNC-04,2026-09-18T21:00:00,2.49,61.6,8596,21.9,6.25,114.2
SR-005039,CNC-04,2026-09-18T22:00:00,2.38,60.2,8326,21.7,6.36,117.5
SR-005040,CNC-04,2026-09-18T23:00:00,2.23,61.0,8474,21.4,6.08,118.3
SR-005041,CNC-04,2026-09-19T00:00:00,2.36,60.6,8416,21.0,6.43,120.4
SR-005042,CNC-04,2026-09-19T01:00:00,2.55,61.5,8556,22.5,6.19,117.0
SR-005043,CNC-04,2026-09-19T02:00:00,2.44,63.8,8592,22.7,6.06,115.8
SR-005044,CNC-04,2026-09-19T03:00:00,2.46,61.7,8299,21.2,6.35,118.3
SR-005045,CNC-04,2026-09-19T04:00:00,2.47,60.0,8592,23.2,6.35,117.0
SR-005046,CNC-04,2026-09-19T05:00:00,2.67,61.5,8423,22.1,6.19,119.7
SR-005047,CNC-04,2026-09-19T06:00:00,2.41,62.4,8538,21.8,6.2,118.7
SR-005048,CNC-04,2026-09-19T07:00:00,2.38,61.0,8654,21.5,6.18,112.5
SR-005049,CNC-04,2026-09-19T08:00:00,2.43,62.7,8462,23.8,6.33,116.4
SR-005050,CNC-04,2026-09-19T09:00:00,2.41,63.4,8363,21.8,6.33,118.8
SR-005051,CNC-04,2026-09-19T10:00:00,2.31,63.4,8129,21.7,6.17,120.6
SR-005052,CNC-04,2026-09-19T11:00:00,2.18,63.9,8325,22.7,6.13,116.9
SR-005053,CNC-04,2026-09-19T12:00:00,2.27,62.6,8474,22.6,6.14,118.1
SR-005054,CNC-04,2026-09-19T13:00:00,2.44,63.8,8400,21.6,6.12,120.9
SR-005055,CNC-04,2026-09-19T14:00:00,2.42,63.1,8463,22.4,6.26,117.5
SR-005056,CNC-04,2026-09-19T15:00:00,2.39,62.7,8606,22.3,6.11,118.6
SR-005057,CNC-04,2026-09-19T16:00:00,2.43,61.9,8387,21.9,6.14,123.3
SR-005058,CNC-04,2026-09-19T17:00:00,2.23,62.4,8448,21.6,6.07,121.2
SR-005059,CNC-04,2026-09-19T18:00:00,2.47,62.2,8497,23.2,6.29,116.3
SR-005060,CNC-04,2026-09-19T19:00:00,2.38,62.3,8522,20.9,6.13,114.5
SR-005061,CNC-04,2026-09-19T20:00:00,2.43,62.3,8473,22.0,6.21,118.9
SR-005062,CNC-04,2026-09-19T21:00:00,2.21,59.8,8407,23.0,6.09,119.5
SR-005063,CNC-04,2026-09-19T22:00:00,2.31,62.4,8553,21.2,6.27,116.6
SR-005064,CNC-04,2026-09-19T23:00:00,2.53,60.7,8295,22.1,6.27,120.2
SR-005065,CNC-04,2026-09-20T00:00:00,2.44,60.4,8421,23.5,6.41,116.0
SR-005066,CNC-04,2026-09-20T01:00:00,2.74,61.7,8466,22.2,6.25,117.1
SR-005067,CNC-04,2026-09-20T02:00:00,2.34,60.2,8489,22.1,6.37,121.5
SR-005068,CNC-04,2026-09-20T03:00:00,2.25,61.4,8414,22.4,6.13,119.7
SR-005069,CNC-04,2026-09-20T04:00:00,2.34,62.3,8503,20.8,6.17,120.9
SR-005070,CNC-04,2026-09-20T05:00:00,2.59,61.3,8630,22.9,6.14,120.1
SR-005071,CNC-04,2026-09-20T06:00:00,2.16,61.2,8735,22.7,6.18,119.3
SR-005072,CNC-04,2026-09-20T07:00:00,2.38,62.1,8570,21.3,6.04,119.3
SR-005073,CNC-04,2026-09-20T08:00:00,2.37,61.4,8821,21.7,6.25,118.9
SR-005074,CNC-04,2026-09-20T09:00:00,2.4,61.2,8664,22.4,6.27,118.7
SR-005075,CNC-04,2026-09-20T10:00:00,2.28,63.9,8325,21.0,6.17,120.5
SR-005076,CNC-04,2026-09-20T11:00:00,2.23,62.2,8312,22.3,6.25,117.7
SR-005077,CNC-04,2026-09-20T12:00:00,2.49,62.1,8506,21.9,6.28,117.6
SR-005078,CNC-04,2026-09-20T13:00:00,2.4,63.9,8580,20.2,6.25,118.1
SR-005079,CNC-04,2026-09-20T14:00:00,2.43,63.6,8537,21.9,6.09,117.8
SR-005080,CNC-04,2026-09-20T15:00:00,2.45,63.0,8580,22.3,6.12,118.3
SR-005081,CNC-04,2026-09-20T16:00:00,2.32,63.7,8502,22.1,6.16,119.6
SR-005082,CNC-04,2026-09-20T17:00:00,2.6,61.9,8417,22.4,6.18,116.3
SR-005083,CNC-04,2026-09-20T18:00:00,2.49,61.9,8498,22.6,6.11,116.9
SR-005084,CNC-04,2026-09-20T19:00:00,2.5,62.0,8404,21.3,6.19,118.6
SR-005085,CNC-04,2026-09-20T20:00:00,2.57,62.4,8155,22.3,6.22,114.4
SR-005086,CNC-04,2026-09-20T21:00:00,2.51,62.2,8743,20.8,6.29,117.1
SR-005087,CNC-04,2026-09-20T22:00:00,2.56,61.9,8529,21.9,6.13,113.1
SR-005088,CNC-04,2026-09-20T23:00:00,2.42,59.3,8588,21.3,6.17,116.0
SR-005089,CNC-04,2026-09-21T00:00:00,2.32,61.3,8384,21.1,6.01,120.6
SR-005090,CNC-04,2026-09-21T01:00:00,2.18,61.3,8420,22.8,6.25,119.7
SR-005091,CNC-04,2026-09-21T02:00:00,2.5,59.3,8568,22.6,6.05,121.2
SR-005092,CNC-04,2026-09-21T03:00:00,2.45,63.7,8523,22.9,6.14,114.8
SR-005093,CNC-04,2026-09-21T04:00:00,2.45,61.3,8638,22.3,6.35,116.9
SR-005094,CNC-04,2026-09-21T05:00:00,2.34,62.2,8215,22.5,6.24,114.9
SR-005095,CNC-04,2026-09-21T06:00:00,2.5,62.2,8547,22.3,6.16,119.9
SR-005096,CNC-04,2026-09-21T07:00:00,2.43,61.2,8159,20.4,6.04,118.7
SR-005097,CNC-04,2026-09-21T08:00:00,2.46,62.0,8495,20.0,6.13,121.0
SR-005098,CNC-04,2026-09-21T09:00:00,2.39,62.9,8515,22.0,6.1,115.3
SR-005099,CNC-04,2026-09-21T10:00:00,2.09,61.3,8576,23.0,6.01,119.0
SR-005100,CNC-04,2026-09-21T11:00:00,2.33,62.9,8256,21.7,6.13,117.4
SR-005101,CNC-04,2026-09-21T12:00:00,2.39,62.2,8581,23.1,6.09,117.1
SR-005102,CNC-04,2026-09-21T13:00:00,2.19,63.1,8182,20.8,6.32,119.0
SR-005103,CNC-04,2026-09-21T14:00:00,2.43,62.8,8506,21.4,6.04,116.9
SR-005104,CNC-04,2026-09-21T15:00:00,2.31,62.0,8764,21.5,5.99,115.6
SR-005105,CNC-04,2026-09-21T16:00:00,2.47,61.5,8491,21.8,6.28,117.0
SR-005106,CNC-04,2026-09-21T17:00:00,2.33,62.2,8579,22.0,6.49,121.1
SR-005107,CNC-04,2026-09-21T18:00:00,2.55,63.0,8726,23.7,6.17,114.8
SR-005108,CNC-04,2026-09-21T19:00:00,2.52,60.9,8623,22.6,6.19,113.3
SR-005109,CNC-04,2026-09-21T20:00:00,2.3,61.8,8511,22.1,6.09,116.0
SR-005110,CNC-04,2026-09-21T21:00:00,2.44,61.7,8457,21.5,6.09,121.6
SR-005111,CNC-04,2026-09-21T22:00:00,2.24,61.3,8459,22.1,6.2,118.6
SR-005112,CNC-04,2026-09-21T23:00:00,2.35,61.4,8529,21.1,6.07,121.7
SR-005113,CNC-04,2026-09-22T00:00:00,2.35,61.0,8460,23.4,6.26,118.0
SR-005114,CNC-04,2026-09-22T01:00:00,2.44,60.0,8361,22.6,6.28,118.2
SR-005115,CNC-04,2026-09-22T02:00:00,2.44,60.9,8567,22.1,6.25,118.2
SR-005116,CNC-04,2026-09-22T03:00:00,2.27,62.8,8660,21.1,6.3,120.5
SR-005117,CNC-04,2026-09-22T04:00:00,2.32,62.7,8457,22.4,5.95,118.9
SR-005118,CNC-04,2026-09-22T05:00:00,2.44,62.9,8351,22.6,6.23,120.3
SR-005119,CNC-04,2026-09-22T06:00:00,2.38,62.4,8635,22.3,6.3,115.8
SR-005120,CNC-04,2026-09-22T07:00:00,2.35,61.8,8426,22.4,6.08,114.4
SR-005121,CNC-04,2026-09-22T08:00:00,2.27,62.8,8742,22.6,6.31,112.6
SR-005122,CNC-04,2026-09-22T09:00:00,2.27,63.8,8795,20.4,6.1,115.6
SR-005123,CNC-04,2026-09-22T10:00:00,2.18,65.8,8526,22.2,6.17,114.4
SR-005124,CNC-04,2026-09-22T11:00:00,2.49,64.2,8559,21.8,6.17,117.3
SR-005125,CNC-04,2026-09-22T12:00:00,2.36,61.8,8415,20.5,6.28,117.2
SR-005126,CNC-04,2026-09-22T13:00:00,2.59,63.7,8616,23.3,6.16,117.6
SR-005127,CNC-04,2026-09-22T14:00:00,2.36,63.0,8468,21.8,6.09,113.0
SR-005128,CNC-04,2026-09-22T15:00:00,2.5,63.2,8413,22.8,6.13,118.5
SR-005129,CNC-04,2026-09-22T16:00:00,2.36,61.6,8595,21.8,5.82,118.4
SR-005130,CNC-04,2026-09-22T17:00:00,2.21,62.0,8567,22.4,6.21,114.5
SR-005131,CNC-04,2026-09-22T18:00:00,2.29,62.8,8539,22.5,6.11,120.5
SR-005132,CNC-04,2026-09-22T19:00:00,2.46,62.5,8520,21.5,6.25,115.7
SR-005133,CNC-04,2026-09-22T20:00:00,2.19,60.4,8577,21.8,6.23,121.7
SR-005134,CNC-04,2026-09-22T21:00:00,2.29,61.0,8823,23.6,6.37,117.8
SR-005135,CNC-04,2026-09-22T22:00:00,2.46,61.3,8466,21.9,6.22,114.3
SR-005136,CNC-04,2026-09-22T23:00:00,2.36,60.2,8463,22.6,6.15,116.1
SR-005137,CNC-04,2026-09-23T00:00:00,2.63,61.0,8378,21.4,6.06,118.5
SR-005138,CNC-04,2026-09-23T01:00:00,2.64,61.0,8430,22.8,6.21,118.1
SR-005139,CNC-04,2026-09-23T02:00:00,2.29,61.9,8486,23.1,6.27,118.7
SR-005140,CNC-04,2026-09-23T03:00:00,2.28,62.4,8595,21.4,6.25,120.9
SR-005141,CNC-04,2026-09-23T04:00:00,2.2,61.1,8421,22.4,6.17,113.7
SR-005142,CNC-04,2026-09-23T05:00:00,2.26,61.6,8487,22.0,6.09,121.1
SR-005143,CNC-04,2026-09-23T06:00:00,2.45,61.9,8829,22.5,6.19,119.7
SR-005144,CNC-04,2026-09-23T07:00:00,2.5,62.4,8464,21.7,6.15,120.9
SR-005145,CNC-04,2026-09-23T08:00:00,2.35,62.5,8562,21.5,6.19,120.3
SR-005146,CNC-04,2026-09-23T09:00:00,2.56,63.8,8750,23.3,6.33,120.2
SR-005147,CNC-04,2026-09-23T10:00:00,2.58,63.2,8561,21.7,6.19,119.1
SR-005148,CNC-04,2026-09-23T11:00:00,2.44,61.7,8310,21.5,6.26,119.2
SR-005149,CNC-04,2026-09-23T12:00:00,2.35,63.2,8518,20.2,6.01,117.4
SR-005150,CNC-04,2026-09-23T13:00:00,2.38,62.4,8380,21.3,6.23,117.3
SR-005151,CNC-04,2026-09-23T14:00:00,2.2,62.8,8580,22.3,6.01,112.1
SR-005152,CNC-04,2026-09-23T15:00:00,2.26,61.6,8486,20.3,6.26,115.7
SR-005153,CNC-04,2026-09-23T16:00:00,2.54,62.6,8516,21.3,6.3,114.1
SR-005154,CNC-04,2026-09-23T17:00:00,2.34,61.1,8415,22.0,6.39,125.0
SR-005155,CNC-04,2026-09-23T18:00:00,2.68,60.5,8238,22.4,6.26,118.0
SR-005156,CNC-04,2026-09-23T19:00:00,2.46,62.4,8673,22.4,5.97,118.8
SR-005157,CNC-04,2026-09-23T20:00:00,2.22,61.8,8564,21.1,6.15,118.1
SR-005158,CNC-04,2026-09-23T21:00:00,2.27,60.7,8410,21.6,6.32,117.7
SR-005159,CNC-04,2026-09-23T22:00:00,2.29,60.1,8547,22.3,6.25,118.6
SR-005160,CNC-04,2026-09-23T23:00:00,2.43,62.0,8563,22.1,6.37,117.5
SR-005161,CNC-04,2026-09-24T00:00:00,2.44,62.1,8361,22.3,5.99,117.3
SR-005162,CNC-04,2026-09-24T01:00:00,2.26,61.3,8565,23.7,6.34,119.1
SR-005163,CNC-04,2026-09-24T02:00:00,2.41,60.9,8821,20.6,6.24,117.8
SR-005164,CNC-04,2026-09-24T03:00:00,2.32,60.7,8564,22.1,6.18,117.3
SR-005165,CNC-04,2026-09-24T04:00:00,2.33,61.8,8556,22.6,6.23,116.8
SR-005166,CNC-04,2026-09-24T05:00:00,2.36,61.7,8398,22.2,6.07,120.4
SR-005167,CNC-04,2026-09-24T06:00:00,2.45,62.9,8471,22.1,5.9,116.9
SR-005168,CNC-04,2026-09-24T07:00:00,2.3,62.1,8535,22.7,6.23,114.6
SR-005169,CNC-04,2026-09-24T08:00:00,2.36,61.7,8530,22.8,6.02,119.2
SR-005170,CNC-04,2026-09-24T09:00:00,2.35,61.2,8620,21.2,6.24,118.8
SR-005171,CNC-04,2026-09-24T10:00:00,2.48,62.7,8554,20.8,6.25,119.8
SR-005172,CNC-04,2026-09-24T11:00:00,2.34,62.1,8553,22.7,6.13,114.9
SR-005173,CNC-04,2026-09-24T12:00:00,2.39,62.9,8427,21.0,6.39,119.9
SR-005174,CNC-04,2026-09-24T13:00:00,2.45,63.2,8600,21.5,6.16,119.2
SR-005175,CNC-04,2026-09-24T14:00:00,2.32,63.1,8613,20.4,6.09,116.2
SR-005176,CNC-04,2026-09-24T15:00:00,2.45,63.7,8489,22.9,6.1,114.5
SR-005177,CNC-04,2026-09-24T16:00:00,2.38,60.8,8383,21.6,6.35,120.7
SR-005178,CNC-04,2026-09-24T17:00:00,2.45,62.3,8600,21.8,6.22,119.7
SR-005179,CNC-04,2026-09-24T18:00:00,2.63,63.6,8635,21.5,6.13,118.6
SR-005180,CNC-04,2026-09-24T19:00:00,2.37,61.1,8586,21.3,6.24,117.7
SR-005181,CNC-04,2026-09-24T20:00:00,2.19,62.0,8732,22.1,5.98,120.2
SR-005182,CNC-04,2026-09-24T21:00:00,2.25,61.5,8537,21.9,6.14,118.2
SR-005183,CNC-04,2026-09-24T22:00:00,2.47,62.2,8693,22.1,6.25,119.0
SR-005184,CNC-04,2026-09-24T23:00:00,2.28,62.4,8534,21.8,6.19,120.4
SR-005185,CNC-04,2026-09-25T00:00:00,2.42,60.1,8511,21.1,6.08,118.9
SR-005186,CNC-04,2026-09-25T01:00:00,2.35,61.7,8365,22.4,6.36,116.6
SR-005187,CNC-04,2026-09-25T02:00:00,2.41,60.8,8482,21.5,6.17,117.8
SR-005188,CNC-04,2026-09-25T03:00:00,2.28,60.7,8331,21.2,5.85,114.6
SR-005189,CNC-04,2026-09-25T04:00:00,2.56,61.7,8395,21.3,6.16,118.8
SR-005190,CNC-04,2026-09-25T05:00:00,2.52,60.5,8503,21.6,6.16,119.8
SR-005191,CNC-04,2026-09-25T06:00:00,2.55,61.4,8457,23.4,6.18,121.1
SR-005192,CNC-04,2026-09-25T07:00:00,2.36,62.5,8217,23.8,6.1,119.0
SR-005193,CNC-04,2026-09-25T08:00:00,2.45,63.4,8588,22.9,6.24,121.1
SR-005194,CNC-04,2026-09-25T09:00:00,2.17,62.5,8367,23.4,6.2,121.9
SR-005195,CNC-04,2026-09-25T10:00:00,2.38,62.4,8499,20.3,6.39,115.9
SR-005196,CNC-04,2026-09-25T11:00:00,2.27,61.6,8273,20.8,6.38,114.2
SR-005197,CNC-04,2026-09-25T12:00:00,2.29,61.9,8501,22.4,6.13,116.1
SR-005198,CNC-04,2026-09-25T13:00:00,2.47,62.9,8627,22.9,6.19,117.3
SR-005199,CNC-04,2026-09-25T14:00:00,2.4,62.4,8705,20.2,5.97,116.5
SR-005200,CNC-04,2026-09-25T15:00:00,2.53,61.9,8370,22.3,6.21,116.7
SR-005201,CNC-04,2026-09-25T16:00:00,2.46,63.3,8549,23.2,6.04,119.5
SR-005202,CNC-04,2026-09-25T17:00:00,2.35,61.5,8451,23.1,5.97,120.0
SR-005203,CNC-04,2026-09-25T18:00:00,2.4,63.0,8547,22.9,6.05,116.4
SR-005204,CNC-04,2026-09-25T19:00:00,2.29,60.7,8521,21.3,6.18,119.7
SR-005205,CNC-04,2026-09-25T20:00:00,2.26,60.4,8596,23.5,6.13,120.9
SR-005206,CNC-04,2026-09-25T21:00:00,2.39,60.0,8456,20.8,6.15,115.1
SR-005207,CNC-04,2026-09-25T22:00:00,2.38,61.8,8630,21.9,6.15,116.1
SR-005208,CNC-04,2026-09-25T23:00:00,2.09,61.7,8503,22.2,5.99,113.7
SR-005209,CNC-04,2026-09-26T00:00:00,2.38,61.1,8305,21.5,6.29,116.8
SR-005210,CNC-04,2026-09-26T01:00:00,2.41,61.0,8594,22.4,6.12,115.8
SR-005211,CNC-04,2026-09-26T02:00:00,2.36,60.5,8553,21.2,6.21,117.1
SR-005212,CNC-04,2026-09-26T03:00:00,2.55,61.7,8392,21.3,6.19,115.8
SR-005213,CNC-04,2026-09-26T04:00:00,2.55,60.9,8743,23.0,6.25,119.6
SR-005214,CNC-04,2026-09-26T05:00:00,2.42,62.1,8398,21.1,5.95,118.3
SR-005215,CNC-04,2026-09-26T06:00:00,2.24,62.5,8512,21.8,6.14,118.8
SR-005216,CNC-04,2026-09-26T07:00:00,2.52,62.0,8405,21.1,6.12,118.0
SR-005217,CNC-04,2026-09-26T08:00:00,2.48,62.5,8289,22.6,6.22,118.0
SR-005218,CNC-04,2026-09-26T09:00:00,2.53,62.1,8457,23.7,6.36,117.6
SR-005219,CNC-04,2026-09-26T10:00:00,2.4,62.7,8416,21.2,6.53,116.0
SR-005220,CNC-04,2026-09-26T11:00:00,2.41,62.9,8517,21.4,6.23,120.4
SR-005221,CNC-04,2026-09-26T12:00:00,2.52,62.7,8619,22.7,6.24,120.8
SR-005222,CNC-04,2026-09-26T13:00:00,2.56,63.2,8612,21.5,6.05,114.8
SR-005223,CNC-04,2026-09-26T14:00:00,2.63,63.5,8572,21.5,6.27,120.5
SR-005224,CNC-04,2026-09-26T15:00:00,2.56,61.8,8306,23.7,6.07,118.5
SR-005225,CNC-04,2026-09-26T16:00:00,2.42,62.4,8690,21.1,6.04,117.1
SR-005226,CNC-04,2026-09-26T17:00:00,2.44,61.3,8479,21.5,6.38,118.9
SR-005227,CNC-04,2026-09-26T18:00:00,2.66,62.8,8518,22.8,6.19,115.0
SR-005228,CNC-04,2026-09-26T19:00:00,2.22,62.8,8543,22.2,6.28,117.6
SR-005229,CNC-04,2026-09-26T20:00:00,2.29,60.6,8281,21.0,6.06,114.6
SR-005230,CNC-04,2026-09-26T21:00:00,2.6,60.9,8514,20.9,6.0,118.1
SR-005231,CNC-04,2026-09-26T22:00:00,2.31,60.6,8492,22.2,6.27,119.1
SR-005232,CNC-04,2026-09-26T23:00:00,2.39,60.2,8644,23.6,6.03,120.1
SR-005233,CNC-04,2026-09-27T00:00:00,2.15,61.6,8456,21.0,6.18,120.6
SR-005234,CNC-04,2026-09-27T01:00:00,2.45,61.8,8459,22.2,6.06,120.3
SR-005235,CNC-04,2026-09-27T02:00:00,2.32,60.3,8708,23.0,6.22,119.5
SR-005236,CNC-04,2026-09-27T03:00:00,2.51,62.4,8642,22.9,6.36,114.4
SR-005237,CNC-04,2026-09-27T04:00:00,2.46,59.5,8625,23.2,6.17,122.6
SR-005238,CNC-04,2026-09-27T05:00:00,2.5,62.7,8455,22.2,6.13,119.7
SR-005239,CNC-04,2026-09-27T06:00:00,2.46,61.9,8346,21.5,6.29,117.9
SR-005240,CNC-04,2026-09-27T07:00:00,2.56,62.2,8811,22.8,6.13,120.7
SR-005241,CNC-04,2026-09-27T08:00:00,2.45,63.8,8446,22.2,6.15,120.3
SR-005242,CNC-04,2026-09-27T09:00:00,2.2,62.9,8380,23.5,6.17,114.8
SR-005243,CNC-04,2026-09-27T10:00:00,2.65,62.9,8198,21.2,5.99,119.4
SR-005244,CNC-04,2026-09-27T11:00:00,2.43,62.9,8597,20.5,6.14,118.6
SR-005245,CNC-04,2026-09-27T12:00:00,2.47,63.9,8276,22.7,6.17,119.0
SR-005246,CNC-04,2026-09-27T13:00:00,2.46,62.9,8482,21.6,6.14,118.5
SR-005247,CNC-04,2026-09-27T14:00:00,2.4,63.0,8459,22.2,6.13,120.0
SR-005248,CNC-04,2026-09-27T15:00:00,2.58,61.7,8544,21.9,6.17,117.1
SR-005249,CNC-04,2026-09-27T16:00:00,2.51,63.0,8547,22.5,6.16,114.5
SR-005250,CNC-04,2026-09-27T17:00:00,2.19,61.2,8524,21.3,6.12,116.5
SR-005251,CNC-04,2026-09-27T18:00:00,2.5,63.0,8418,21.9,6.29,119.7
SR-005252,CNC-04,2026-09-27T19:00:00,2.45,62.2,8452,21.7,6.14,118.6
SR-005253,CNC-04,2026-09-27T20:00:00,2.39,61.4,8438,21.6,6.06,118.3
SR-005254,CNC-04,2026-09-27T21:00:00,2.31,60.2,8541,23.5,6.18,117.3
SR-005255,CNC-04,2026-09-27T22:00:00,2.27,61.2,8627,23.0,5.89,119.8
SR-005256,CNC-04,2026-09-27T23:00:00,2.4,62.1,8241,22.4,6.03,119.6
SR-005257,CNC-04,2026-09-28T00:00:00,2.61,61.9,8671,22.5,6.23,119.7
SR-005258,CNC-04,2026-09-28T01:00:00,2.21,59.9,8489,22.3,6.15,119.6
SR-005259,CNC-04,2026-09-28T02:00:00,2.67,61.8,8191,22.6,6.32,120.1
SR-005260,CNC-04,2026-09-28T03:00:00,2.38,62.2,8545,22.3,6.15,117.7
SR-005261,CNC-04,2026-09-28T04:00:00,2.47,62.2,8382,22.0,6.36,116.5
SR-005262,CNC-04,2026-09-28T05:00:00,2.32,60.8,8618,21.1,6.2,121.2
SR-005263,CNC-04,2026-09-28T06:00:00,2.19,61.7,8431,22.2,6.17,117.4
SR-005264,CNC-04,2026-09-28T07:00:00,2.32,62.3,8599,20.8,6.02,116.3
SR-005265,CNC-04,2026-09-28T08:00:00,2.51,63.1,8491,22.2,6.03,117.2
SR-005266,CNC-04,2026-09-28T09:00:00,2.43,62.6,8591,19.4,6.31,119.9
SR-005267,CNC-04,2026-09-28T10:00:00,2.43,62.6,8445,20.1,6.46,116.5
SR-005268,CNC-04,2026-09-28T11:00:00,2.54,63.1,8419,21.6,6.21,123.7
SR-005269,CNC-04,2026-09-28T12:00:00,2.38,61.3,8430,22.2,6.51,118.5
SR-005270,CNC-04,2026-09-28T13:00:00,2.54,62.9,8368,22.1,6.26,121.3
SR-005271,CNC-04,2026-09-28T14:00:00,2.39,62.2,8387,23.2,6.14,119.5
SR-005272,CNC-04,2026-09-28T15:00:00,2.35,63.0,8492,21.1,6.19,122.8
SR-005273,CNC-04,2026-09-28T16:00:00,2.4,63.0,8699,22.6,6.25,118.2
SR-005274,CNC-04,2026-09-28T17:00:00,2.55,60.9,8649,21.3,6.23,117.9
SR-005275,CNC-04,2026-09-28T18:00:00,2.55,61.9,8429,20.8,6.14,115.8
SR-005276,CNC-04,2026-09-28T19:00:00,2.43,61.7,8432,20.8,6.35,114.3
SR-005277,CNC-04,2026-09-28T20:00:00,2.21,60.8,8493,23.4,6.18,115.5
SR-005278,CNC-04,2026-09-28T21:00:00,2.25,60.7,8590,22.3,6.18,121.3
SR-005279,CNC-04,2026-09-28T22:00:00,2.46,62.0,8321,22.5,6.31,115.8
SR-005280,CNC-04,2026-09-28T23:00:00,2.32,61.9,8503,22.2,6.2,120.9
SR-005281,CNC-04,2026-09-29T00:00:00,2.53,61.6,8642,20.2,6.25,123.4
SR-005282,CNC-04,2026-09-29T01:00:00,2.3,61.7,8509,22.3,6.45,118.7
SR-005283,CNC-04,2026-09-29T02:00:00,2.39,61.8,8116,21.1,6.22,116.5
SR-005284,CNC-04,2026-09-29T03:00:00,2.36,60.8,8661,21.6,6.27,117.4
SR-005285,CNC-04,2026-09-29T04:00:00,2.38,62.5,8361,21.5,6.04,117.6
SR-005286,CNC-04,2026-09-29T05:00:00,2.46,63.1,8551,20.8,5.91,119.2
SR-005287,CNC-04,2026-09-29T06:00:00,2.36,62.1,8424,22.2,6.34,119.2
SR-005288,CNC-04,2026-09-29T07:00:00,2.37,61.3,8608,21.8,6.12,117.6
SR-005289,CNC-04,2026-09-29T08:00:00,2.42,62.1,8715,22.5,6.12,119.4
SR-005290,CNC-04,2026-09-29T09:00:00,2.51,63.0,8464,21.1,6.0,123.5
SR-005291,CNC-04,2026-09-29T10:00:00,2.38,61.1,8452,22.7,6.03,115.5
SR-005292,CNC-04,2026-09-29T11:00:00,2.41,63.7,8662,21.8,6.31,117.4
SR-005293,CNC-04,2026-09-29T12:00:00,2.57,62.1,8680,21.9,6.27,118.7
SR-005294,CNC-04,2026-09-29T13:00:00,2.38,62.9,8465,21.6,6.21,121.4
SR-005295,CNC-04,2026-09-29T14:00:00,2.47,62.3,8469,21.1,6.27,124.4
SR-005296,CNC-04,2026-09-29T15:00:00,2.64,63.7,8409,22.5,5.95,117.2
SR-005297,CNC-04,2026-09-29T16:00:00,2.33,62.0,8441,19.6,6.14,113.6
SR-005298,CNC-04,2026-09-29T17:00:00,2.39,62.7,8216,21.7,6.27,120.9
SR-005299,CNC-04,2026-09-29T18:00:00,2.42,63.1,8409,22.4,6.27,117.5
SR-005300,CNC-04,2026-09-29T19:00:00,2.35,61.9,8471,21.9,6.18,118.5
SR-005301,CNC-04,2026-09-29T20:00:00,2.48,59.5,8624,21.9,6.16,119.2
SR-005302,CNC-04,2026-09-29T21:00:00,2.25,60.7,8429,21.4,6.06,116.2
SR-005303,CNC-04,2026-09-29T22:00:00,2.26,61.8,8575,21.5,6.21,114.0
SR-005304,CNC-04,2026-09-29T23:00:00,2.4,60.9,8548,22.1,6.48,118.7
SR-005305,CNC-04,2026-09-30T00:00:00,2.18,59.5,8540,21.2,6.14,119.2
SR-005306,CNC-04,2026-09-30T01:00:00,2.54,61.0,8520,22.3,6.13,115.2
SR-005307,CNC-04,2026-09-30T02:00:00,2.41,60.4,8447,22.2,6.25,117.2
SR-005308,CNC-04,2026-09-30T03:00:00,2.4,60.0,8586,21.7,6.11,119.4
SR-005309,CNC-04,2026-09-30T04:00:00,2.41,61.7,8661,21.9,6.08,115.7
SR-005310,CNC-04,2026-09-30T05:00:00,2.34,61.8,8463,22.0,6.13,117.6
SR-005311,CNC-04,2026-09-30T06:00:00,2.4,63.0,8682,23.4,6.2,113.8
SR-005312,CNC-04,2026-09-30T07:00:00,2.29,62.3,8335,21.2,6.17,119.6
SR-005313,CNC-04,2026-09-30T08:00:00,2.54,62.4,8461,21.9,6.18,115.4
SR-005314,CNC-04,2026-09-30T09:00:00,2.28,61.8,8475,21.5,6.31,113.9
SR-005315,CNC-04,2026-09-30T10:00:00,2.25,63.1,8434,21.8,6.2,118.9
SR-005316,CNC-04,2026-09-30T11:00:00,2.69,62.1,8618,21.9,6.0,114.4
SR-005317,CNC-04,2026-09-30T12:00:00,2.47,62.4,8723,21.3,6.17,122.2
SR-005318,CNC-04,2026-09-30T13:00:00,2.43,63.3,8540,20.9,6.15,116.8
SR-005319,CNC-04,2026-09-30T14:00:00,2.31,62.7,8373,22.8,6.23,116.0
SR-005320,CNC-04,2026-09-30T15:00:00,2.37,61.3,8477,21.8,6.19,118.0
SR-005321,CNC-04,2026-09-30T16:00:00,2.37,61.5,8359,19.8,6.14,116.5
SR-005322,CNC-04,2026-09-30T17:00:00,2.47,61.7,8618,22.0,6.26,114.8
SR-005323,CNC-04,2026-09-30T18:00:00,2.33,61.4,8610,22.6,6.24,119.1
SR-005324,CNC-04,2026-09-30T19:00:00,2.34,61.6,8397,22.6,6.4,120.3
SR-005325,CNC-04,2026-09-30T20:00:00,2.36,62.2,8411,20.9,6.09,115.8
SR-005326,CNC-04,2026-09-30T21:00:00,2.45,62.4,8551,22.2,6.18,122.5
SR-005327,CNC-04,2026-09-30T22:00:00,2.41,61.4,8371,23.0,6.22,114.5
SR-005328,CNC-04,2026-09-30T23:00:00,2.41,59.7,8493,22.8,6.23,119.0
SR-005329,CNC-04,2026-10-01T00:00:00,2.29,62.3,8542,23.1,6.35,115.3
SR-005330,CNC-04,2026-10-01T01:00:00,2.49,60.2,8358,22.3,5.95,119.6
SR-005331,CNC-04,2026-10-01T02:00:00,2.33,61.4,8461,20.9,6.27,118.9
SR-005332,CNC-04,2026-10-01T03:00:00,2.2,62.4,8441,21.9,6.18,114.7
SR-005333,CNC-04,2026-10-01T04:00:00,2.49,61.1,8368,23.3,5.92,118.3
SR-005334,CNC-04,2026-10-01T05:00:00,2.42,61.4,8620,21.8,6.36,120.0
SR-005335,CNC-04,2026-10-01T06:00:00,2.35,61.8,8548,21.7,6.28,122.4
SR-005336,CNC-04,2026-10-01T07:00:00,2.44,60.8,8450,21.7,6.24,118.4
SR-005337,CNC-04,2026-10-01T08:00:00,2.4,63.6,8559,23.4,6.39,113.4
SR-005338,CNC-04,2026-10-01T09:00:00,2.46,62.0,8549,21.4,6.38,115.6
SR-005339,CNC-04,2026-10-01T10:00:00,2.43,63.2,8624,23.1,6.11,117.9
SR-005340,CNC-04,2026-10-01T11:00:00,2.38,63.4,8516,20.8,6.18,115.6
SR-005341,CNC-04,2026-10-01T12:00:00,2.39,64.1,8352,23.6,6.4,116.6
SR-005342,CNC-04,2026-10-01T13:00:00,2.52,62.9,8274,23.6,6.19,116.9
SR-005343,CNC-04,2026-10-01T14:00:00,2.26,60.1,8416,22.5,6.24,115.6
SR-005344,CNC-04,2026-10-01T15:00:00,2.31,62.9,8809,22.9,6.2,117.5
SR-005345,CNC-04,2026-10-01T16:00:00,2.65,63.1,8524,22.4,6.4,119.3
SR-005346,CNC-04,2026-10-01T17:00:00,2.35,62.6,8628,23.2,6.16,116.2
SR-005347,CNC-04,2026-10-01T18:00:00,2.61,62.2,8682,22.4,6.06,117.0
SR-005348,CNC-04,2026-10-01T19:00:00,2.42,62.6,8469,20.2,6.12,121.3
SR-005349,CNC-04,2026-10-01T20:00:00,2.47,61.8,8064,21.1,6.23,122.2
SR-005350,CNC-04,2026-10-01T21:00:00,2.24,61.1,8507,23.2,6.2,116.1
SR-005351,CNC-04,2026-10-01T22:00:00,2.47,61.5,8746,23.0,6.46,119.6
SR-005352,CNC-04,2026-10-01T23:00:00,2.35,61.0,8624,22.0,6.2,113.5
SR-005353,CNC-04,2026-10-02T00:00:00,2.2,62.6,8464,20.5,6.2,118.7
SR-005354,CNC-04,2026-10-02T01:00:00,2.39,61.4,8450,22.6,6.15,121.7
SR-005355,CNC-04,2026-10-02T02:00:00,2.21,61.1,8444,21.0,6.37,118.1
SR-005356,CNC-04,2026-10-02T03:00:00,2.51,61.5,8424,22.0,6.0,118.2
SR-005357,CNC-04,2026-10-02T04:00:00,2.41,61.4,8653,22.2,6.42,118.7
SR-005358,CNC-04,2026-10-02T05:00:00,2.56,60.9,8607,22.1,6.02,122.0
SR-005359,CNC-04,2026-10-02T06:00:00,2.44,62.5,8510,21.6,6.03,113.5
SR-005360,CNC-04,2026-10-02T07:00:00,2.43,62.3,8491,22.1,6.25,117.6
SR-005361,CNC-04,2026-10-02T08:00:00,2.43,62.1,8360,21.2,6.25,117.9
SR-005362,CNC-04,2026-10-02T09:00:00,2.35,62.3,8571,22.8,6.1,113.0
SR-005363,CNC-04,2026-10-02T10:00:00,2.38,63.0,8460,23.1,6.15,119.4
SR-005364,CNC-04,2026-10-02T11:00:00,2.48,62.9,8168,20.6,6.21,118.3
SR-005365,CNC-04,2026-10-02T12:00:00,2.68,62.8,8425,22.7,6.21,116.2
SR-005366,CNC-04,2026-10-02T13:00:00,2.47,62.3,8464,21.3,6.44,122.9
SR-005367,CNC-04,2026-10-02T14:00:00,2.35,62.7,8257,22.7,6.04,119.5
SR-005368,CNC-04,2026-10-02T15:00:00,2.56,63.0,8517,22.0,6.41,116.7
SR-005369,CNC-04,2026-10-02T16:00:00,2.43,62.4,8445,21.0,6.18,116.2
SR-005370,CNC-04,2026-10-02T17:00:00,2.35,62.0,8360,22.3,6.1,116.5
SR-005371,CNC-04,2026-10-02T18:00:00,2.34,64.0,8317,20.9,6.1,116.7
SR-005372,CNC-04,2026-10-02T19:00:00,2.3,61.2,8550,21.6,6.2,123.9
SR-005373,CNC-04,2026-10-02T20:00:00,2.42,62.6,8529,21.2,6.04,117.0
SR-005374,CNC-04,2026-10-02T21:00:00,2.34,61.8,8525,22.5,6.21,116.6
SR-005375,CNC-04,2026-10-02T22:00:00,2.45,61.8,8749,21.6,6.14,114.4
SR-005376,CNC-04,2026-10-02T23:00:00,2.42,62.3,8458,21.8,6.24,115.3
SR-005377,CNC-05,2026-09-17T00:00:00,2.37,62.3,8622,22.6,6.22,115.8
SR-005378,CNC-05,2026-09-17T01:00:00,2.49,61.6,8490,22.1,6.12,115.4
SR-005379,CNC-05,2026-09-17T02:00:00,2.51,62.3,8610,20.7,6.16,119.1
SR-005380,CNC-05,2026-09-17T03:00:00,2.38,62.3,8579,22.0,6.18,117.3
SR-005381,CNC-05,2026-09-17T04:00:00,2.55,61.3,8429,22.3,6.25,117.7
SR-005382,CNC-05,2026-09-17T05:00:00,2.69,60.0,8289,21.4,6.22,120.3
SR-005383,CNC-05,2026-09-17T06:00:00,2.22,61.6,8204,19.7,6.38,114.6
SR-005384,CNC-05,2026-09-17T07:00:00,2.65,62.6,8495,22.2,6.44,115.5
SR-005385,CNC-05,2026-09-17T08:00:00,2.2,61.8,8192,22.8,6.53,120.0
SR-005386,CNC-05,2026-09-17T09:00:00,2.71,62.8,8435,22.4,6.27,117.3
SR-005387,CNC-05,2026-09-17T10:00:00,2.28,62.6,8763,23.5,6.34,122.1
SR-005388,CNC-05,2026-09-17T11:00:00,2.3,64.0,8486,21.5,6.32,117.3
SR-005389,CNC-05,2026-09-17T12:00:00,2.5,63.3,8471,22.6,6.23,117.9
SR-005390,CNC-05,2026-09-17T13:00:00,2.69,62.0,8356,21.2,6.22,115.9
SR-005391,CNC-05,2026-09-17T14:00:00,2.33,62.0,8585,21.2,6.17,120.3
SR-005392,CNC-05,2026-09-17T15:00:00,2.27,62.6,8483,22.1,6.11,116.0
SR-005393,CNC-05,2026-09-17T16:00:00,2.48,62.7,8531,22.6,6.41,119.1
SR-005394,CNC-05,2026-09-17T17:00:00,2.39,61.7,8598,23.0,6.16,115.6
SR-005395,CNC-05,2026-09-17T18:00:00,2.45,62.5,8474,23.2,6.29,118.1
SR-005396,CNC-05,2026-09-17T19:00:00,2.3,62.5,8449,23.4,6.29,116.5
SR-005397,CNC-05,2026-09-17T20:00:00,2.47,61.8,8325,21.0,6.07,120.4
SR-005398,CNC-05,2026-09-17T21:00:00,2.45,62.4,8545,23.1,6.17,119.4
SR-005399,CNC-05,2026-09-17T22:00:00,2.24,62.1,8516,22.9,6.07,119.9
SR-005400,CNC-05,2026-09-17T23:00:00,2.54,61.0,8505,21.4,5.94,119.8
SR-005401,CNC-05,2026-09-18T00:00:00,2.04,60.1,8435,22.4,6.05,117.3
SR-005402,CNC-05,2026-09-18T01:00:00,2.24,61.4,8481,23.3,6.05,119.6
SR-005403,CNC-05,2026-09-18T02:00:00,2.28,60.7,8422,21.4,6.22,116.6
SR-005404,CNC-05,2026-09-18T03:00:00,2.38,60.9,8350,21.4,6.13,117.9
SR-005405,CNC-05,2026-09-18T04:00:00,2.45,62.0,8528,23.0,6.24,111.8
SR-005406,CNC-05,2026-09-18T05:00:00,2.51,62.0,8388,22.0,6.12,121.8
SR-005407,CNC-05,2026-09-18T06:00:00,2.26,62.9,8411,20.6,6.38,123.5
SR-005408,CNC-05,2026-09-18T07:00:00,2.63,62.5,8562,22.5,6.1,119.5
SR-005409,CNC-05,2026-09-18T08:00:00,2.34,62.7,8444,20.9,6.37,116.9
SR-005410,CNC-05,2026-09-18T09:00:00,2.34,63.2,8368,20.9,5.98,118.3
SR-005411,CNC-05,2026-09-18T10:00:00,2.23,62.7,8414,22.1,6.51,113.3
SR-005412,CNC-05,2026-09-18T11:00:00,2.35,62.2,8829,22.2,6.39,117.4
SR-005413,CNC-05,2026-09-18T12:00:00,2.55,63.1,8775,22.4,6.13,117.6
SR-005414,CNC-05,2026-09-18T13:00:00,2.59,62.3,8636,22.4,6.27,116.8
SR-005415,CNC-05,2026-09-18T14:00:00,2.55,63.0,8386,22.2,6.05,117.0
SR-005416,CNC-05,2026-09-18T15:00:00,2.2,63.5,8453,21.3,6.24,118.9
SR-005417,CNC-05,2026-09-18T16:00:00,2.39,62.9,8587,20.3,6.09,116.7
SR-005418,CNC-05,2026-09-18T17:00:00,2.58,62.2,8542,21.8,6.42,118.1
SR-005419,CNC-05,2026-09-18T18:00:00,2.66,61.0,8322,21.4,6.52,119.1
SR-005420,CNC-05,2026-09-18T19:00:00,2.44,63.2,8493,21.5,6.09,118.6
SR-005421,CNC-05,2026-09-18T20:00:00,2.4,62.4,8635,22.7,6.23,115.6
SR-005422,CNC-05,2026-09-18T21:00:00,2.53,60.8,8579,21.5,6.28,114.8
SR-005423,CNC-05,2026-09-18T22:00:00,2.46,60.5,8507,22.6,6.24,114.7
SR-005424,CNC-05,2026-09-18T23:00:00,2.35,60.2,8486,20.2,6.4,114.8
SR-005425,CNC-05,2026-09-19T00:00:00,2.3,59.8,8481,22.9,6.22,120.3
SR-005426,CNC-05,2026-09-19T01:00:00,2.38,59.9,8334,21.4,6.2,117.8
SR-005427,CNC-05,2026-09-19T02:00:00,2.22,61.1,8606,20.3,6.4,113.3
SR-005428,CNC-05,2026-09-19T03:00:00,2.61,60.7,8572,23.3,5.93,116.4
SR-005429,CNC-05,2026-09-19T04:00:00,2.4,60.7,8529,20.5,6.18,120.9
SR-005430,CNC-05,2026-09-19T05:00:00,2.43,60.1,8673,21.4,6.39,118.2
SR-005431,CNC-05,2026-09-19T06:00:00,2.31,61.9,8563,22.5,6.47,117.0
SR-005432,CNC-05,2026-09-19T07:00:00,2.29,62.2,8220,22.0,6.23,118.6
SR-005433,CNC-05,2026-09-19T08:00:00,2.39,62.3,8190,23.7,6.11,118.1
SR-005434,CNC-05,2026-09-19T09:00:00,2.39,62.9,8500,22.4,6.26,119.7
SR-005435,CNC-05,2026-09-19T10:00:00,2.18,63.4,8684,21.4,6.36,117.4
SR-005436,CNC-05,2026-09-19T11:00:00,2.31,61.8,8421,21.9,6.18,120.5
SR-005437,CNC-05,2026-09-19T12:00:00,2.32,63.2,8626,22.1,6.24,115.2
SR-005438,CNC-05,2026-09-19T13:00:00,2.54,63.2,8552,21.0,6.13,117.3
SR-005439,CNC-05,2026-09-19T14:00:00,2.44,62.8,8364,22.5,6.24,118.4
SR-005440,CNC-05,2026-09-19T15:00:00,2.36,63.3,8537,22.3,6.27,122.8
SR-005441,CNC-05,2026-09-19T16:00:00,2.43,63.5,8461,20.0,6.19,118.8
SR-005442,CNC-05,2026-09-19T17:00:00,2.25,60.7,8567,21.1,6.19,117.0
SR-005443,CNC-05,2026-09-19T18:00:00,2.37,61.2,8829,23.6,6.3,115.1
SR-005444,CNC-05,2026-09-19T19:00:00,2.35,61.2,8370,21.8,6.09,121.7
SR-005445,CNC-05,2026-09-19T20:00:00,2.23,61.6,8608,22.9,6.09,121.3
SR-005446,CNC-05,2026-09-19T21:00:00,2.06,61.4,8432,22.1,6.05,118.3
SR-005447,CNC-05,2026-09-19T22:00:00,2.21,59.8,8555,22.6,6.22,120.2
SR-005448,CNC-05,2026-09-19T23:00:00,2.58,61.1,8572,22.6,6.36,122.5
SR-005449,CNC-05,2026-09-20T00:00:00,2.36,60.6,8415,22.3,6.17,120.5
SR-005450,CNC-05,2026-09-20T01:00:00,2.36,60.8,8543,22.5,6.07,122.0
SR-005451,CNC-05,2026-09-20T02:00:00,2.36,62.6,8508,21.4,6.31,116.9
SR-005452,CNC-05,2026-09-20T03:00:00,2.34,60.7,8406,21.1,6.24,115.6
SR-005453,CNC-05,2026-09-20T04:00:00,2.48,61.0,8491,21.7,6.31,116.5
SR-005454,CNC-05,2026-09-20T05:00:00,2.41,61.6,8541,22.7,6.16,116.5
SR-005455,CNC-05,2026-09-20T06:00:00,2.57,62.1,8599,20.3,6.15,115.9
SR-005456,CNC-05,2026-09-20T07:00:00,2.6,61.3,8361,21.1,6.23,117.3
SR-005457,CNC-05,2026-09-20T08:00:00,2.52,62.1,8288,21.3,6.15,115.3
SR-005458,CNC-05,2026-09-20T09:00:00,2.31,62.1,8704,21.8,6.14,116.8
SR-005459,CNC-05,2026-09-20T10:00:00,2.38,62.2,8569,22.6,6.06,118.7
SR-005460,CNC-05,2026-09-20T11:00:00,2.41,62.1,8428,20.6,6.26,112.9
SR-005461,CNC-05,2026-09-20T12:00:00,2.17,62.8,8499,22.4,6.11,117.5
SR-005462,CNC-05,2026-09-20T13:00:00,2.54,62.3,8600,21.6,6.23,120.3
SR-005463,CNC-05,2026-09-20T14:00:00,2.33,62.9,8361,23.3,6.25,119.2
SR-005464,CNC-05,2026-09-20T15:00:00,2.24,61.3,8524,21.1,6.05,117.8
SR-005465,CNC-05,2026-09-20T16:00:00,2.53,63.6,8371,22.1,6.21,119.0
SR-005466,CNC-05,2026-09-20T17:00:00,2.25,62.2,8522,21.9,6.47,119.7
SR-005467,CNC-05,2026-09-20T18:00:00,2.57,62.2,8570,21.4,6.24,120.4
SR-005468,CNC-05,2026-09-20T19:00:00,2.46,59.5,8496,22.8,6.31,120.3
SR-005469,CNC-05,2026-09-20T20:00:00,2.27,62.2,8366,23.0,5.89,117.9
SR-005470,CNC-05,2026-09-20T21:00:00,2.47,60.2,8536,24.1,6.21,114.9
SR-005471,CNC-05,2026-09-20T22:00:00,2.33,61.0,8414,23.3,6.09,117.0
SR-005472,CNC-05,2026-09-20T23:00:00,2.35,61.7,8604,21.1,6.23,117.4
SR-005473,CNC-05,2026-09-21T00:00:00,2.37,61.1,8497,22.7,6.26,118.6
SR-005474,CNC-05,2026-09-21T01:00:00,2.39,60.9,8466,21.9,6.25,119.1
SR-005475,CNC-05,2026-09-21T02:00:00,2.33,61.4,8498,23.4,6.33,116.2
SR-005476,CNC-05,2026-09-21T03:00:00,2.42,61.2,8417,21.8,6.29,116.9
SR-005477,CNC-05,2026-09-21T04:00:00,2.49,61.0,8474,22.7,6.09,110.9
SR-005478,CNC-05,2026-09-21T05:00:00,2.42,62.0,8594,23.5,6.24,114.7
SR-005479,CNC-05,2026-09-21T06:00:00,2.4,61.4,8459,21.4,6.04,113.6
SR-005480,CNC-05,2026-09-21T07:00:00,2.33,62.2,8604,22.7,6.39,120.8
SR-005481,CNC-05,2026-09-21T08:00:00,2.41,61.7,8429,22.1,6.18,120.8
SR-005482,CNC-05,2026-09-21T09:00:00,2.38,62.9,8550,22.7,6.07,117.7
SR-005483,CNC-05,2026-09-21T10:00:00,2.36,63.0,8447,22.2,6.08,120.5
SR-005484,CNC-05,2026-09-21T11:00:00,2.39,62.5,8462,22.3,6.12,116.7
SR-005485,CNC-05,2026-09-21T12:00:00,2.28,63.4,8182,22.2,5.96,121.1
SR-005486,CNC-05,2026-09-21T13:00:00,2.22,63.3,8395,22.2,6.19,118.3
SR-005487,CNC-05,2026-09-21T14:00:00,2.53,63.2,8470,22.7,6.17,117.7
SR-005488,CNC-05,2026-09-21T15:00:00,2.16,62.0,8486,21.0,6.2,115.0
SR-005489,CNC-05,2026-09-21T16:00:00,2.28,62.6,8289,22.5,6.2,117.5
SR-005490,CNC-05,2026-09-21T17:00:00,2.38,62.1,8416,22.7,6.26,119.2
SR-005491,CNC-05,2026-09-21T18:00:00,2.24,61.0,8546,23.0,5.99,119.1
SR-005492,CNC-05,2026-09-21T19:00:00,2.62,61.9,8333,21.8,6.03,120.0
SR-005493,CNC-05,2026-09-21T20:00:00,2.2,61.4,8398,22.1,6.18,121.5
SR-005494,CNC-05,2026-09-21T21:00:00,2.18,59.7,8469,21.7,6.34,119.6
SR-005495,CNC-05,2026-09-21T22:00:00,2.48,61.4,8498,22.3,6.08,120.4
SR-005496,CNC-05,2026-09-21T23:00:00,2.41,61.4,8458,22.3,6.14,116.7
SR-005497,CNC-05,2026-09-22T00:00:00,2.25,60.8,8492,22.0,6.16,119.0
SR-005498,CNC-05,2026-09-22T01:00:00,2.31,61.9,8605,22.6,6.08,121.7
SR-005499,CNC-05,2026-09-22T02:00:00,2.19,60.8,8715,21.7,6.19,115.9
SR-005500,CNC-05,2026-09-22T03:00:00,2.39,61.9,8384,23.4,6.21,112.4
SR-005501,CNC-05,2026-09-22T04:00:00,2.39,60.6,8519,21.7,6.49,113.9
SR-005502,CNC-05,2026-09-22T05:00:00,2.56,61.1,8396,21.1,6.12,116.7
SR-005503,CNC-05,2026-09-22T06:00:00,2.43,61.1,8689,23.2,6.21,116.7
SR-005504,CNC-05,2026-09-22T07:00:00,2.39,63.0,8380,22.1,6.19,121.4
SR-005505,CNC-05,2026-09-22T08:00:00,2.3,63.3,8423,22.2,6.15,115.1
SR-005506,CNC-05,2026-09-22T09:00:00,2.34,62.7,8571,22.2,6.06,115.7
SR-005507,CNC-05,2026-09-22T10:00:00,2.27,63.5,8567,22.0,6.22,118.0
SR-005508,CNC-05,2026-09-22T11:00:00,2.38,63.0,8558,23.2,6.03,118.2
SR-005509,CNC-05,2026-09-22T12:00:00,2.26,63.3,8490,22.6,6.25,118.4
SR-005510,CNC-05,2026-09-22T13:00:00,2.36,62.3,8476,22.6,6.25,117.2
SR-005511,CNC-05,2026-09-22T14:00:00,2.34,62.6,8429,22.8,6.25,117.0
SR-005512,CNC-05,2026-09-22T15:00:00,2.58,62.6,8684,22.7,6.16,116.7
SR-005513,CNC-05,2026-09-22T16:00:00,2.61,62.9,8526,22.5,6.09,117.9
SR-005514,CNC-05,2026-09-22T17:00:00,2.51,62.3,8125,23.1,6.17,117.3
SR-005515,CNC-05,2026-09-22T18:00:00,2.51,61.8,8568,23.2,6.31,114.9
SR-005516,CNC-05,2026-09-22T19:00:00,2.41,61.7,8291,22.5,6.18,117.9
SR-005517,CNC-05,2026-09-22T20:00:00,2.36,62.3,8245,22.7,6.31,117.4
SR-005518,CNC-05,2026-09-22T21:00:00,2.21,61.1,8304,21.7,6.36,119.4
SR-005519,CNC-05,2026-09-22T22:00:00,2.37,61.7,8300,23.3,6.13,116.6
SR-005520,CNC-05,2026-09-22T23:00:00,2.46,60.9,8765,22.3,6.32,117.0
SR-005521,CNC-05,2026-09-23T00:00:00,2.38,60.9,8364,21.5,6.32,113.8
SR-005522,CNC-05,2026-09-23T01:00:00,2.42,60.7,8100,21.5,6.29,115.4
SR-005523,CNC-05,2026-09-23T02:00:00,2.23,62.4,8331,24.3,6.15,113.9
SR-005524,CNC-05,2026-09-23T03:00:00,2.58,59.8,8626,21.7,6.05,112.7
SR-005525,CNC-05,2026-09-23T04:00:00,2.25,60.8,8523,23.1,6.2,117.5
SR-005526,CNC-05,2026-09-23T05:00:00,2.57,60.2,8539,22.2,6.22,119.3
SR-005527,CNC-05,2026-09-23T06:00:00,2.67,62.7,8572,22.3,6.15,121.2
SR-005528,CNC-05,2026-09-23T07:00:00,2.54,63.4,8547,20.8,5.91,117.8
SR-005529,CNC-05,2026-09-23T08:00:00,2.28,64.6,8385,23.2,6.15,120.1
SR-005530,CNC-05,2026-09-23T09:00:00,2.3,62.1,8432,21.8,6.12,117.8
SR-005531,CNC-05,2026-09-23T10:00:00,2.46,62.6,8583,21.6,6.24,119.5
SR-005532,CNC-05,2026-09-23T11:00:00,2.45,63.4,8416,23.3,6.12,118.2
SR-005533,CNC-05,2026-09-23T12:00:00,2.28,63.3,8421,20.6,6.14,116.0
SR-005534,CNC-05,2026-09-23T13:00:00,2.28,62.6,8407,22.2,6.07,121.0
SR-005535,CNC-05,2026-09-23T14:00:00,2.43,62.9,8303,21.2,6.12,116.7
SR-005536,CNC-05,2026-09-23T15:00:00,2.5,62.9,8616,20.6,6.31,117.8
SR-005537,CNC-05,2026-09-23T16:00:00,2.5,62.0,8389,23.3,6.54,122.3
SR-005538,CNC-05,2026-09-23T17:00:00,2.34,62.1,8531,21.6,6.15,117.7
SR-005539,CNC-05,2026-09-23T18:00:00,2.45,61.8,8507,21.0,6.18,120.2
SR-005540,CNC-05,2026-09-23T19:00:00,2.26,62.8,8411,22.3,6.29,115.4
SR-005541,CNC-05,2026-09-23T20:00:00,2.47,60.7,8281,21.7,6.22,116.0
SR-005542,CNC-05,2026-09-23T21:00:00,2.19,61.8,8349,22.7,6.49,119.1
SR-005543,CNC-05,2026-09-23T22:00:00,2.42,61.1,8411,23.2,6.23,116.8
SR-005544,CNC-05,2026-09-23T23:00:00,2.44,62.5,8484,21.0,6.19,116.8
SR-005545,CNC-05,2026-09-24T00:00:00,2.29,61.3,8529,21.6,6.32,121.3
SR-005546,CNC-05,2026-09-24T01:00:00,2.35,59.8,8430,22.1,6.04,117.4
SR-005547,CNC-05,2026-09-24T02:00:00,2.45,61.4,8603,20.2,6.05,114.2
SR-005548,CNC-05,2026-09-24T03:00:00,2.44,62.4,8455,21.3,6.15,119.3
SR-005549,CNC-05,2026-09-24T04:00:00,2.33,60.8,8512,22.8,6.53,120.5
SR-005550,CNC-05,2026-09-24T05:00:00,2.33,61.7,8712,23.9,6.32,118.7
SR-005551,CNC-05,2026-09-24T06:00:00,2.27,62.3,8458,21.4,6.31,117.1
SR-005552,CNC-05,2026-09-24T07:00:00,2.49,62.0,8425,22.6,6.21,119.7
SR-005553,CNC-05,2026-09-24T08:00:00,2.42,62.4,8287,22.1,6.31,118.3
SR-005554,CNC-05,2026-09-24T09:00:00,2.45,63.8,8506,22.9,6.26,117.4
SR-005555,CNC-05,2026-09-24T10:00:00,2.35,63.8,8779,22.1,6.08,116.6
SR-005556,CNC-05,2026-09-24T11:00:00,2.49,64.0,8231,23.4,6.26,123.5
SR-005557,CNC-05,2026-09-24T12:00:00,2.35,64.2,8744,20.8,6.31,117.4
SR-005558,CNC-05,2026-09-24T13:00:00,2.49,62.7,8566,21.8,6.24,115.3
SR-005559,CNC-05,2026-09-24T14:00:00,2.39,62.0,8273,20.6,6.16,117.2
SR-005560,CNC-05,2026-09-24T15:00:00,2.35,61.6,8413,22.5,6.16,116.7
SR-005561,CNC-05,2026-09-24T16:00:00,2.55,63.3,8555,22.4,6.13,119.4
SR-005562,CNC-05,2026-09-24T17:00:00,2.39,62.1,8596,21.8,6.39,119.9
SR-005563,CNC-05,2026-09-24T18:00:00,2.4,61.8,8426,21.1,6.38,120.4
SR-005564,CNC-05,2026-09-24T19:00:00,2.56,63.1,8665,20.9,6.15,120.7
SR-005565,CNC-05,2026-09-24T20:00:00,2.65,62.3,8746,21.0,5.83,115.7
SR-005566,CNC-05,2026-09-24T21:00:00,2.51,60.9,8502,22.0,6.23,119.9
SR-005567,CNC-05,2026-09-24T22:00:00,2.66,60.9,8435,22.0,6.13,116.3
SR-005568,CNC-05,2026-09-24T23:00:00,2.37,60.4,8303,20.6,6.24,117.5
SR-005569,CNC-05,2026-09-25T00:00:00,2.53,60.8,8480,20.9,6.01,117.0
SR-005570,CNC-05,2026-09-25T01:00:00,2.29,61.1,8681,22.5,6.05,118.4
SR-005571,CNC-05,2026-09-25T02:00:00,2.38,61.6,8332,22.6,5.98,121.9
SR-005572,CNC-05,2026-09-25T03:00:00,2.14,60.8,8298,21.3,6.25,119.9
SR-005573,CNC-05,2026-09-25T04:00:00,2.5,60.9,8511,22.9,6.17,120.3
SR-005574,CNC-05,2026-09-25T05:00:00,2.42,64.0,8610,22.2,6.12,115.0
SR-005575,CNC-05,2026-09-25T06:00:00,2.49,61.5,8520,21.6,6.21,114.6
SR-005576,CNC-05,2026-09-25T07:00:00,2.22,63.1,8515,23.7,6.13,117.6
SR-005577,CNC-05,2026-09-25T08:00:00,2.32,63.2,8511,20.7,6.12,120.7
SR-005578,CNC-05,2026-09-25T09:00:00,2.48,64.0,8601,21.3,6.27,119.2
SR-005579,CNC-05,2026-09-25T10:00:00,2.28,62.5,8348,23.1,6.26,115.3
SR-005580,CNC-05,2026-09-25T11:00:00,2.28,64.2,8569,22.3,5.93,118.0
SR-005581,CNC-05,2026-09-25T12:00:00,2.47,62.2,8649,21.2,6.15,120.4
SR-005582,CNC-05,2026-09-25T13:00:00,2.34,62.5,8426,21.6,6.25,117.1
SR-005583,CNC-05,2026-09-25T14:00:00,2.58,63.1,8541,21.9,6.34,117.4
SR-005584,CNC-05,2026-09-25T15:00:00,2.51,63.2,8363,23.0,6.22,114.7
SR-005585,CNC-05,2026-09-25T16:00:00,2.35,62.2,8598,20.8,6.15,116.9
SR-005586,CNC-05,2026-09-25T17:00:00,2.57,61.7,8531,21.5,6.13,120.4
SR-005587,CNC-05,2026-09-25T18:00:00,2.53,63.4,8557,20.4,6.12,115.4
SR-005588,CNC-05,2026-09-25T19:00:00,2.45,60.8,8392,21.0,6.4,123.6
SR-005589,CNC-05,2026-09-25T20:00:00,2.26,61.6,8443,22.3,5.99,123.9
SR-005590,CNC-05,2026-09-25T21:00:00,2.41,61.3,8430,22.3,6.13,118.3
SR-005591,CNC-05,2026-09-25T22:00:00,2.49,61.5,8410,21.2,6.12,122.1
SR-005592,CNC-05,2026-09-25T23:00:00,2.31,61.6,8593,24.0,6.12,118.9
SR-005593,CNC-05,2026-09-26T00:00:00,2.22,60.6,8431,23.8,6.3,116.5
SR-005594,CNC-05,2026-09-26T01:00:00,2.5,62.2,8606,22.6,6.25,118.0
SR-005595,CNC-05,2026-09-26T02:00:00,2.46,61.0,8703,21.6,5.99,109.0
SR-005596,CNC-05,2026-09-26T03:00:00,2.39,62.6,8440,21.9,6.27,116.6
SR-005597,CNC-05,2026-09-26T04:00:00,2.38,60.8,8478,22.1,6.25,116.8
SR-005598,CNC-05,2026-09-26T05:00:00,2.51,61.6,8590,20.3,6.33,116.3
SR-005599,CNC-05,2026-09-26T06:00:00,2.19,62.2,8330,22.4,6.3,116.0
SR-005600,CNC-05,2026-09-26T07:00:00,2.26,60.8,8604,22.2,6.17,117.5
SR-005601,CNC-05,2026-09-26T08:00:00,2.34,63.3,8507,20.6,6.25,115.7
SR-005602,CNC-05,2026-09-26T09:00:00,2.22,62.4,8488,21.8,6.11,119.8
SR-005603,CNC-05,2026-09-26T10:00:00,2.37,62.7,8436,22.2,6.02,118.8
SR-005604,CNC-05,2026-09-26T11:00:00,2.55,62.5,8428,21.2,6.4,122.3
SR-005605,CNC-05,2026-09-26T12:00:00,2.54,62.9,8208,21.9,6.11,120.2
SR-005606,CNC-05,2026-09-26T13:00:00,2.59,62.9,8536,23.3,6.04,119.6
SR-005607,CNC-05,2026-09-26T14:00:00,2.48,61.9,8573,22.4,6.21,112.1
SR-005608,CNC-05,2026-09-26T15:00:00,2.4,62.2,8361,22.5,6.26,116.5
SR-005609,CNC-05,2026-09-26T16:00:00,2.37,62.1,8662,21.6,6.24,118.4
SR-005610,CNC-05,2026-09-26T17:00:00,2.7,63.4,8452,22.1,6.05,120.7
SR-005611,CNC-05,2026-09-26T18:00:00,2.54,61.0,8411,21.9,6.15,118.5
SR-005612,CNC-05,2026-09-26T19:00:00,2.37,62.8,8628,20.6,6.08,117.6
SR-005613,CNC-05,2026-09-26T20:00:00,2.13,62.6,8532,21.8,6.08,121.7
SR-005614,CNC-05,2026-09-26T21:00:00,2.53,61.3,8313,21.9,6.27,116.4
SR-005615,CNC-05,2026-09-26T22:00:00,2.42,61.8,8315,21.4,6.06,118.6
SR-005616,CNC-05,2026-09-26T23:00:00,2.37,61.0,8534,22.1,6.2,118.9
SR-005617,CNC-05,2026-09-27T00:00:00,2.37,60.5,8401,22.4,6.14,115.6
SR-005618,CNC-05,2026-09-27T01:00:00,2.18,62.4,8526,22.8,6.36,118.4
SR-005619,CNC-05,2026-09-27T02:00:00,2.48,60.2,8355,24.1,6.26,122.1
SR-005620,CNC-05,2026-09-27T03:00:00,2.27,60.4,8355,22.8,6.3,118.4
SR-005621,CNC-05,2026-09-27T04:00:00,2.51,62.4,8437,23.6,6.35,120.3
SR-005622,CNC-05,2026-09-27T05:00:00,2.51,62.7,8525,23.0,6.08,116.3
SR-005623,CNC-05,2026-09-27T06:00:00,2.53,62.6,8342,20.9,6.25,117.4
SR-005624,CNC-05,2026-09-27T07:00:00,2.5,62.2,8377,21.7,6.28,119.4
SR-005625,CNC-05,2026-09-27T08:00:00,2.36,61.8,8613,21.0,6.09,116.5
SR-005626,CNC-05,2026-09-27T09:00:00,2.55,61.3,8418,21.7,6.15,120.1
SR-005627,CNC-05,2026-09-27T10:00:00,2.56,61.3,8189,20.5,6.23,118.8
SR-005628,CNC-05,2026-09-27T11:00:00,2.27,63.5,8672,22.6,6.28,117.2
SR-005629,CNC-05,2026-09-27T12:00:00,2.27,62.6,8437,22.5,5.89,118.0
SR-005630,CNC-05,2026-09-27T13:00:00,2.44,62.7,8438,23.1,6.34,120.5
SR-005631,CNC-05,2026-09-27T14:00:00,2.35,64.3,8517,22.2,6.19,116.5
SR-005632,CNC-05,2026-09-27T15:00:00,2.39,61.4,8421,22.6,6.14,113.7
SR-005633,CNC-05,2026-09-27T16:00:00,2.4,61.8,8518,21.8,6.21,116.4
SR-005634,CNC-05,2026-09-27T17:00:00,2.43,61.8,8563,21.3,6.29,120.5
SR-005635,CNC-05,2026-09-27T18:00:00,2.63,63.9,8503,21.0,6.04,118.0
SR-005636,CNC-05,2026-09-27T19:00:00,2.56,62.9,8457,22.3,6.21,119.1
SR-005637,CNC-05,2026-09-27T20:00:00,2.62,61.5,8421,22.4,6.15,113.8
SR-005638,CNC-05,2026-09-27T21:00:00,2.33,62.1,8550,21.0,6.14,118.5
SR-005639,CNC-05,2026-09-27T22:00:00,2.46,60.1,8383,22.5,6.39,117.7
SR-005640,CNC-05,2026-09-27T23:00:00,2.47,62.0,8233,21.7,6.15,118.1
SR-005641,CNC-05,2026-09-28T00:00:00,2.53,60.3,8402,22.3,6.01,120.7
SR-005642,CNC-05,2026-09-28T01:00:00,2.51,59.9,8513,21.5,6.05,115.5
SR-005643,CNC-05,2026-09-28T02:00:00,2.28,62.2,8476,22.8,6.35,119.4
SR-005644,CNC-05,2026-09-28T03:00:00,2.5,61.7,8759,21.2,6.18,116.6
SR-005645,CNC-05,2026-09-28T04:00:00,2.55,61.5,8542,21.6,5.97,120.0
SR-005646,CNC-05,2026-09-28T05:00:00,2.32,62.0,8436,22.9,6.06,117.6
SR-005647,CNC-05,2026-09-28T06:00:00,2.28,63.0,8308,22.6,6.16,120.2
SR-005648,CNC-05,2026-09-28T07:00:00,2.3,61.8,8362,22.0,5.94,113.4
SR-005649,CNC-05,2026-09-28T08:00:00,2.33,62.2,8466,22.4,6.1,116.5
SR-005650,CNC-05,2026-09-28T09:00:00,2.53,63.5,8643,20.9,6.18,117.6
SR-005651,CNC-05,2026-09-28T10:00:00,2.45,63.9,8311,22.1,6.24,119.3
SR-005652,CNC-05,2026-09-28T11:00:00,2.39,63.4,8339,23.3,6.11,115.2
SR-005653,CNC-05,2026-09-28T12:00:00,2.45,63.9,8458,22.3,6.15,119.1
SR-005654,CNC-05,2026-09-28T13:00:00,2.26,62.7,8659,22.7,6.29,114.9
SR-005655,CNC-05,2026-09-28T14:00:00,2.41,63.0,8725,21.9,6.26,114.0
SR-005656,CNC-05,2026-09-28T15:00:00,2.43,62.8,8313,22.6,6.22,117.6
SR-005657,CNC-05,2026-09-28T16:00:00,2.53,63.1,8390,21.1,6.16,118.0
SR-005658,CNC-05,2026-09-28T17:00:00,2.17,62.9,8522,23.1,6.12,119.5
SR-005659,CNC-05,2026-09-28T18:00:00,2.42,62.9,8491,21.7,6.12,114.7
SR-005660,CNC-05,2026-09-28T19:00:00,2.2,60.4,8523,21.0,6.32,117.1
SR-005661,CNC-05,2026-09-28T20:00:00,2.45,60.7,8481,20.5,6.02,119.9
SR-005662,CNC-05,2026-09-28T21:00:00,2.32,60.1,8355,21.4,6.12,114.6
SR-005663,CNC-05,2026-09-28T22:00:00,2.56,61.4,8708,22.4,6.1,116.7
SR-005664,CNC-05,2026-09-28T23:00:00,2.49,60.5,8582,22.6,6.24,121.8
SR-005665,CNC-05,2026-09-29T00:00:00,2.27,60.6,8663,22.8,6.3,119.6
SR-005666,CNC-05,2026-09-29T01:00:00,2.45,60.7,8614,23.8,6.27,114.6
SR-005667,CNC-05,2026-09-29T02:00:00,2.25,61.0,8457,21.5,6.29,118.2
SR-005668,CNC-05,2026-09-29T03:00:00,2.37,61.0,8380,20.8,6.39,118.3
SR-005669,CNC-05,2026-09-29T04:00:00,2.45,60.3,8604,20.8,6.17,113.9
SR-005670,CNC-05,2026-09-29T05:00:00,2.37,61.7,8618,22.1,6.26,116.0
SR-005671,CNC-05,2026-09-29T06:00:00,2.26,62.3,8543,21.1,6.05,115.8
SR-005672,CNC-05,2026-09-29T07:00:00,2.45,62.8,8374,22.6,6.25,117.4
SR-005673,CNC-05,2026-09-29T08:00:00,2.46,61.5,8400,21.0,6.2,117.8
SR-005674,CNC-05,2026-09-29T09:00:00,2.51,63.2,8655,21.2,6.42,117.9
SR-005675,CNC-05,2026-09-29T10:00:00,2.29,62.2,8558,22.6,6.27,118.0
SR-005676,CNC-05,2026-09-29T11:00:00,2.31,63.5,8498,21.8,6.25,118.6
SR-005677,CNC-05,2026-09-29T12:00:00,2.33,63.1,8462,22.9,6.14,117.6
SR-005678,CNC-05,2026-09-29T13:00:00,2.5,62.4,8525,23.7,6.34,119.6
SR-005679,CNC-05,2026-09-29T14:00:00,2.32,61.8,8658,22.1,6.12,115.3
SR-005680,CNC-05,2026-09-29T15:00:00,2.53,61.9,8544,21.2,6.2,115.4
SR-005681,CNC-05,2026-09-29T16:00:00,2.36,62.4,8608,22.9,6.34,119.0
SR-005682,CNC-05,2026-09-29T17:00:00,2.12,61.1,8281,22.6,6.19,117.8
SR-005683,CNC-05,2026-09-29T18:00:00,2.48,61.0,8602,22.7,6.24,114.9
SR-005684,CNC-05,2026-09-29T19:00:00,2.3,61.1,8424,22.0,6.13,119.7
SR-005685,CNC-05,2026-09-29T20:00:00,2.36,61.7,8401,22.3,6.24,115.4
SR-005686,CNC-05,2026-09-29T21:00:00,2.38,61.1,8457,21.0,6.11,119.0
SR-005687,CNC-05,2026-09-29T22:00:00,2.29,61.4,8506,21.7,6.1,118.9
SR-005688,CNC-05,2026-09-29T23:00:00,2.42,61.0,8555,23.0,6.25,118.7
SR-005689,CNC-05,2026-09-30T00:00:00,2.47,61.6,8468,23.3,6.15,119.9
SR-005690,CNC-05,2026-09-30T01:00:00,2.33,61.4,8531,20.8,6.3,120.6
SR-005691,CNC-05,2026-09-30T02:00:00,2.41,60.5,8533,22.8,5.92,117.7
SR-005692,CNC-05,2026-09-30T03:00:00,2.18,59.6,8463,21.8,6.29,118.9
SR-005693,CNC-05,2026-09-30T04:00:00,2.41,61.7,8473,22.0,6.19,121.8
SR-005694,CNC-05,2026-09-30T05:00:00,2.5,61.4,8392,21.7,6.18,120.8
SR-005695,CNC-05,2026-09-30T06:00:00,2.42,62.8,8801,22.6,6.28,119.7
SR-005696,CNC-05,2026-09-30T07:00:00,2.21,60.8,8719,21.7,6.33,111.9
SR-005697,CNC-05,2026-09-30T08:00:00,2.51,62.0,8471,22.3,6.09,115.7
SR-005698,CNC-05,2026-09-30T09:00:00,2.11,62.8,8646,22.8,6.28,114.3
SR-005699,CNC-05,2026-09-30T10:00:00,2.44,63.1,8141,22.2,6.29,116.2
SR-005700,CNC-05,2026-09-30T11:00:00,2.39,61.7,8399,21.8,6.02,114.5
SR-005701,CNC-05,2026-09-30T12:00:00,2.31,61.8,8340,21.3,6.29,113.8
SR-005702,CNC-05,2026-09-30T13:00:00,2.31,62.7,8467,21.8,6.15,119.7
SR-005703,CNC-05,2026-09-30T14:00:00,2.34,63.6,8353,23.7,6.13,116.9
SR-005704,CNC-05,2026-09-30T15:00:00,2.33,62.3,8569,22.4,6.1,116.8
SR-005705,CNC-05,2026-09-30T16:00:00,2.32,62.0,8633,21.6,6.14,120.2
SR-005706,CNC-05,2026-09-30T17:00:00,2.54,62.7,8180,22.0,6.22,120.2
SR-005707,CNC-05,2026-09-30T18:00:00,2.62,62.3,8623,22.0,6.23,113.9
SR-005708,CNC-05,2026-09-30T19:00:00,2.51,60.2,8641,22.9,6.09,119.6
SR-005709,CNC-05,2026-09-30T20:00:00,2.44,61.4,8531,20.1,6.06,117.3
SR-005710,CNC-05,2026-09-30T21:00:00,2.36,60.9,8582,21.8,6.27,119.1
SR-005711,CNC-05,2026-09-30T22:00:00,2.41,61.2,8474,20.7,6.26,114.0
SR-005712,CNC-05,2026-09-30T23:00:00,2.49,60.9,8500,22.8,6.17,115.5
SR-005713,CNC-05,2026-10-01T00:00:00,2.33,61.3,8574,22.1,6.34,115.4
SR-005714,CNC-05,2026-10-01T01:00:00,2.25,60.8,8817,21.6,6.36,118.5
SR-005715,CNC-05,2026-10-01T02:00:00,2.43,62.0,8340,20.8,6.1,120.3
SR-005716,CNC-05,2026-10-01T03:00:00,2.43,62.0,8720,22.3,6.3,117.7
SR-005717,CNC-05,2026-10-01T04:00:00,2.15,61.1,8375,22.7,6.23,115.6
SR-005718,CNC-05,2026-10-01T05:00:00,2.46,61.8,8499,22.1,6.24,117.5
SR-005719,CNC-05,2026-10-01T06:00:00,2.54,62.0,8241,22.4,6.11,120.9
SR-005720,CNC-05,2026-10-01T07:00:00,2.35,63.6,8675,22.9,6.33,116.1
SR-005721,CNC-05,2026-10-01T08:00:00,2.37,61.7,8636,24.1,5.97,120.2
SR-005722,CNC-05,2026-10-01T09:00:00,2.22,62.1,8627,22.1,6.11,120.9
SR-005723,CNC-05,2026-10-01T10:00:00,2.3,63.8,8498,24.1,6.01,115.0
SR-005724,CNC-05,2026-10-01T11:00:00,2.27,61.7,8435,23.4,6.24,117.6
SR-005725,CNC-05,2026-10-01T12:00:00,2.34,62.7,8418,21.6,6.24,116.9
SR-005726,CNC-05,2026-10-01T13:00:00,2.53,62.0,8464,20.6,6.37,117.7
SR-005727,CNC-05,2026-10-01T14:00:00,2.48,62.5,8586,21.2,6.35,116.6
SR-005728,CNC-05,2026-10-01T15:00:00,2.33,63.1,8194,22.4,6.37,120.9
SR-005729,CNC-05,2026-10-01T16:00:00,2.37,62.2,8404,22.7,6.04,120.2
SR-005730,CNC-05,2026-10-01T17:00:00,2.58,61.9,8501,22.3,6.14,116.8
SR-005731,CNC-05,2026-10-01T18:00:00,2.42,63.2,8525,22.6,6.12,119.7
SR-005732,CNC-05,2026-10-01T19:00:00,2.44,62.0,8615,22.6,6.17,117.3
SR-005733,CNC-05,2026-10-01T20:00:00,2.28,60.7,8721,20.7,6.02,118.6
SR-005734,CNC-05,2026-10-01T21:00:00,2.56,61.0,8620,23.0,6.37,118.6
SR-005735,CNC-05,2026-10-01T22:00:00,2.37,61.1,8726,21.8,6.09,121.9
SR-005736,CNC-05,2026-10-01T23:00:00,2.34,60.0,8452,22.6,6.26,115.1
SR-005737,CNC-05,2026-10-02T00:00:00,2.63,61.2,8628,19.3,6.33,119.0
SR-005738,CNC-05,2026-10-02T01:00:00,2.38,60.6,8455,22.4,6.23,122.0
SR-005739,CNC-05,2026-10-02T02:00:00,2.5,60.7,8371,21.9,6.1,115.8
SR-005740,CNC-05,2026-10-02T03:00:00,2.31,61.4,8699,21.0,6.08,112.9
SR-005741,CNC-05,2026-10-02T04:00:00,2.32,61.7,8460,21.5,6.14,122.6
SR-005742,CNC-05,2026-10-02T05:00:00,2.31,63.6,8605,21.6,6.03,113.9
SR-005743,CNC-05,2026-10-02T06:00:00,2.3,62.4,8533,21.5,6.12,116.2
SR-005744,CNC-05,2026-10-02T07:00:00,2.36,62.3,8698,23.4,6.41,121.5
SR-005745,CNC-05,2026-10-02T08:00:00,2.37,61.3,8470,22.7,6.41,119.4
SR-005746,CNC-05,2026-10-02T09:00:00,2.6,62.8,8478,23.0,6.07,117.5
SR-005747,CNC-05,2026-10-02T10:00:00,2.58,62.4,8543,21.1,6.08,122.1
SR-005748,CNC-05,2026-10-02T11:00:00,2.28,62.4,8381,20.8,6.23,118.7
SR-005749,CNC-05,2026-10-02T12:00:00,2.47,61.6,8504,22.6,6.09,113.0
SR-005750,CNC-05,2026-10-02T13:00:00,2.25,62.7,8374,22.0,6.24,116.0
SR-005751,CNC-05,2026-10-02T14:00:00,2.43,63.6,8442,20.5,6.18,117.6
SR-005752,CNC-05,2026-10-02T15:00:00,2.31,64.1,8451,22.5,6.2,115.7
SR-005753,CNC-05,2026-10-02T16:00:00,2.45,61.2,8428,20.5,6.11,118.0
SR-005754,CNC-05,2026-10-02T17:00:00,2.37,61.4,8575,21.4,5.83,118.0
SR-005755,CNC-05,2026-10-02T18:00:00,2.7,61.1,8506,21.5,6.12,113.8
SR-005756,CNC-05,2026-10-02T19:00:00,2.42,62.4,8692,20.8,6.15,117.4
SR-005757,CNC-05,2026-10-02T20:00:00,2.4,61.4,8600,21.5,6.26,116.0
SR-005758,CNC-05,2026-10-02T21:00:00,2.37,61.6,8609,21.3,6.28,118.5
SR-005759,CNC-05,2026-10-02T22:00:00,2.34,61.6,8522,22.2,6.29,120.9
SR-005760,CNC-05,2026-10-02T23:00:00,2.54,61.1,8442,21.4,6.03,121.2
SR-005761,CNC-06,2026-09-17T00:00:00,2.54,61.4,8189,22.2,6.05,117.7
SR-005762,CNC-06,2026-09-17T01:00:00,2.08,61.2,8619,22.9,6.11,118.3
SR-005763,CNC-06,2026-09-17T02:00:00,2.32,62.3,8196,23.2,6.16,119.5
SR-005764,CNC-06,2026-09-17T03:00:00,2.35,62.3,8436,21.1,6.06,118.5
SR-005765,CNC-06,2026-09-17T04:00:00,2.35,61.7,8689,22.4,6.4,120.8
SR-005766,CNC-06,2026-09-17T05:00:00,2.46,61.8,8492,22.7,6.28,120.0
SR-005767,CNC-06,2026-09-17T06:00:00,2.52,62.7,8587,20.1,6.16,116.8
SR-005768,CNC-06,2026-09-17T07:00:00,2.52,61.9,8654,22.4,6.13,117.9
SR-005769,CNC-06,2026-09-17T08:00:00,2.47,62.8,8438,22.1,6.18,117.3
SR-005770,CNC-06,2026-09-17T09:00:00,2.56,62.4,8353,21.7,6.13,120.6
SR-005771,CNC-06,2026-09-17T10:00:00,2.44,62.0,8347,23.2,6.22,120.9
SR-005772,CNC-06,2026-09-17T11:00:00,2.43,62.7,8599,21.2,6.21,120.3
SR-005773,CNC-06,2026-09-17T12:00:00,2.29,63.1,8495,20.3,6.18,118.4
SR-005774,CNC-06,2026-09-17T13:00:00,2.5,62.8,8514,21.7,6.33,118.7
SR-005775,CNC-06,2026-09-17T14:00:00,2.38,64.0,8216,22.5,6.28,113.6
SR-005776,CNC-06,2026-09-17T15:00:00,2.31,63.5,8647,22.5,6.17,114.5
SR-005777,CNC-06,2026-09-17T16:00:00,2.44,61.3,8565,21.4,6.2,120.6
SR-005778,CNC-06,2026-09-17T17:00:00,2.45,62.2,8598,21.3,6.35,118.4
SR-005779,CNC-06,2026-09-17T18:00:00,2.3,63.1,8696,22.4,5.95,116.5
SR-005780,CNC-06,2026-09-17T19:00:00,2.12,61.5,8574,21.3,6.45,119.7
SR-005781,CNC-06,2026-09-17T20:00:00,2.5,60.3,8365,21.3,6.24,117.5
SR-005782,CNC-06,2026-09-17T21:00:00,2.31,62.6,8611,21.6,6.28,116.3
SR-005783,CNC-06,2026-09-17T22:00:00,2.49,62.5,8632,23.1,6.09,118.0
SR-005784,CNC-06,2026-09-17T23:00:00,2.51,61.0,8621,22.3,6.01,115.6
SR-005785,CNC-06,2026-09-18T00:00:00,2.45,60.8,8573,21.6,6.36,119.8
SR-005786,CNC-06,2026-09-18T01:00:00,2.42,62.0,8440,21.6,6.11,119.8
SR-005787,CNC-06,2026-09-18T02:00:00,2.45,60.8,8611,20.7,6.17,115.3
SR-005788,CNC-06,2026-09-18T03:00:00,2.35,61.2,8582,21.7,6.42,120.0
SR-005789,CNC-06,2026-09-18T04:00:00,2.48,61.1,8509,23.1,6.02,120.2
SR-005790,CNC-06,2026-09-18T05:00:00,2.45,61.9,8645,20.8,6.11,122.5
SR-005791,CNC-06,2026-09-18T06:00:00,2.5,62.6,8668,22.8,6.31,116.4
SR-005792,CNC-06,2026-09-18T07:00:00,2.47,61.0,8409,21.8,6.2,117.3
SR-005793,CNC-06,2026-09-18T08:00:00,2.3,62.8,8532,22.6,6.11,117.1
SR-005794,CNC-06,2026-09-18T09:00:00,2.3,61.7,8460,23.3,6.1,120.2
SR-005795,CNC-06,2026-09-18T10:00:00,2.37,62.9,8573,21.7,6.03,119.4
SR-005796,CNC-06,2026-09-18T11:00:00,2.23,63.0,8617,21.2,6.33,117.1
SR-005797,CNC-06,2026-09-18T12:00:00,2.18,63.3,8555,23.5,6.14,117.4
SR-005798,CNC-06,2026-09-18T13:00:00,2.34,63.5,8449,21.2,6.07,118.7
SR-005799,CNC-06,2026-09-18T14:00:00,2.34,62.0,8358,20.9,6.14,121.2
SR-005800,CNC-06,2026-09-18T15:00:00,2.3,63.1,8660,23.2,6.35,112.8
SR-005801,CNC-06,2026-09-18T16:00:00,2.22,62.1,8295,21.9,6.24,114.1
SR-005802,CNC-06,2026-09-18T17:00:00,2.42,63.1,8462,22.7,6.26,118.2
SR-005803,CNC-06,2026-09-18T18:00:00,2.3,63.4,8686,21.4,6.11,116.6
SR-005804,CNC-06,2026-09-18T19:00:00,2.43,61.9,8569,20.4,6.11,118.4
SR-005805,CNC-06,2026-09-18T20:00:00,2.3,61.3,8357,21.7,6.1,117.6
SR-005806,CNC-06,2026-09-18T21:00:00,2.49,61.5,8428,21.3,6.11,120.7
SR-005807,CNC-06,2026-09-18T22:00:00,2.36,59.5,8644,22.4,6.18,114.3
SR-005808,CNC-06,2026-09-18T23:00:00,2.37,61.3,8342,22.5,6.44,117.2
SR-005809,CNC-06,2026-09-19T00:00:00,2.25,61.0,8553,21.5,6.28,118.3
SR-005810,CNC-06,2026-09-19T01:00:00,2.55,59.4,8576,22.6,6.11,123.1
SR-005811,CNC-06,2026-09-19T02:00:00,2.43,61.3,8488,21.5,5.9,119.3
SR-005812,CNC-06,2026-09-19T03:00:00,2.55,62.0,8364,22.7,6.38,119.2
SR-005813,CNC-06,2026-09-19T04:00:00,2.4,61.7,8542,22.2,6.3,117.1
SR-005814,CNC-06,2026-09-19T05:00:00,2.25,62.7,8537,21.8,6.22,118.5
SR-005815,CNC-06,2026-09-19T06:00:00,2.28,61.0,8439,21.2,6.24,119.3
SR-005816,CNC-06,2026-09-19T07:00:00,2.2,61.6,8463,22.1,6.26,118.7
SR-005817,CNC-06,2026-09-19T08:00:00,2.26,61.4,8340,22.4,6.05,119.0
SR-005818,CNC-06,2026-09-19T09:00:00,2.41,62.0,8393,22.7,6.2,118.0
SR-005819,CNC-06,2026-09-19T10:00:00,2.54,62.7,8247,22.5,6.2,119.2
SR-005820,CNC-06,2026-09-19T11:00:00,2.29,62.8,8632,22.8,6.16,117.3
SR-005821,CNC-06,2026-09-19T12:00:00,2.48,62.6,8454,22.2,6.28,121.4
SR-005822,CNC-06,2026-09-19T13:00:00,2.36,62.0,8537,21.0,6.11,114.9
SR-005823,CNC-06,2026-09-19T14:00:00,2.07,62.3,8581,20.5,6.13,120.9
SR-005824,CNC-06,2026-09-19T15:00:00,2.41,63.0,8607,21.3,6.24,117.8
SR-005825,CNC-06,2026-09-19T16:00:00,2.41,62.8,8592,22.2,6.22,116.6
SR-005826,CNC-06,2026-09-19T17:00:00,2.39,60.9,8420,20.4,6.19,117.2
SR-005827,CNC-06,2026-09-19T18:00:00,2.19,62.0,8599,20.8,6.15,115.2
SR-005828,CNC-06,2026-09-19T19:00:00,2.32,61.0,8533,23.0,6.03,123.3
SR-005829,CNC-06,2026-09-19T20:00:00,2.39,62.1,8494,21.9,6.04,120.6
SR-005830,CNC-06,2026-09-19T21:00:00,2.26,61.5,8459,22.2,6.27,118.9
SR-005831,CNC-06,2026-09-19T22:00:00,2.26,60.9,8620,22.5,6.23,114.6
SR-005832,CNC-06,2026-09-19T23:00:00,2.26,62.1,8559,21.1,6.35,121.6
SR-005833,CNC-06,2026-09-20T00:00:00,2.46,61.7,8570,22.1,6.11,120.7
SR-005834,CNC-06,2026-09-20T01:00:00,2.7,60.5,8224,21.3,6.25,118.5
SR-005835,CNC-06,2026-09-20T02:00:00,2.7,60.1,8187,22.4,6.24,120.4
SR-005836,CNC-06,2026-09-20T03:00:00,2.51,60.8,8391,22.7,6.26,118.6
SR-005837,CNC-06,2026-09-20T04:00:00,2.6,61.0,8440,21.6,6.19,120.2
SR-005838,CNC-06,2026-09-20T05:00:00,2.29,63.2,8528,21.6,6.35,118.2
SR-005839,CNC-06,2026-09-20T06:00:00,2.51,60.8,8418,21.7,6.35,122.0
SR-005840,CNC-06,2026-09-20T07:00:00,2.37,61.5,8601,24.1,6.45,123.0
SR-005841,CNC-06,2026-09-20T08:00:00,2.58,62.3,8619,21.5,6.03,121.5
SR-005842,CNC-06,2026-09-20T09:00:00,2.47,63.3,8431,21.8,6.19,120.2
SR-005843,CNC-06,2026-09-20T10:00:00,2.19,61.9,8363,22.7,6.23,123.4
SR-005844,CNC-06,2026-09-20T11:00:00,2.5,62.7,8614,21.7,6.45,119.1
SR-005845,CNC-06,2026-09-20T12:00:00,2.35,63.2,8429,22.6,6.28,113.7
SR-005846,CNC-06,2026-09-20T13:00:00,2.26,63.2,8269,22.0,6.34,119.9
SR-005847,CNC-06,2026-09-20T14:00:00,2.32,63.6,8458,22.9,5.93,115.8
SR-005848,CNC-06,2026-09-20T15:00:00,2.54,64.0,8572,24.0,6.17,116.3
SR-005849,CNC-06,2026-09-20T16:00:00,2.37,62.7,8587,21.1,6.27,123.2
SR-005850,CNC-06,2026-09-20T17:00:00,2.19,63.5,8345,23.0,6.13,121.5
SR-005851,CNC-06,2026-09-20T18:00:00,2.67,61.0,8510,22.5,6.16,117.1
SR-005852,CNC-06,2026-09-20T19:00:00,2.47,60.9,8802,23.9,6.12,119.0
SR-005853,CNC-06,2026-09-20T20:00:00,2.41,62.6,8585,21.4,6.31,117.8
SR-005854,CNC-06,2026-09-20T21:00:00,2.58,59.7,8480,21.2,5.86,119.0
SR-005855,CNC-06,2026-09-20T22:00:00,2.44,61.9,8577,22.2,6.32,118.3
SR-005856,CNC-06,2026-09-20T23:00:00,2.54,61.7,8689,22.4,6.2,117.1
SR-005857,CNC-06,2026-09-21T00:00:00,2.42,60.3,8219,22.4,6.17,113.1
SR-005858,CNC-06,2026-09-21T01:00:00,2.44,61.1,8521,21.5,6.01,120.8
SR-005859,CNC-06,2026-09-21T02:00:00,2.35,61.1,8402,21.7,6.02,118.6
SR-005860,CNC-06,2026-09-21T03:00:00,2.31,61.7,8431,21.4,6.19,121.9
SR-005861,CNC-06,2026-09-21T04:00:00,2.62,61.8,8561,20.8,6.23,118.8
SR-005862,CNC-06,2026-09-21T05:00:00,2.34,61.5,8669,23.4,6.44,116.4
SR-005863,CNC-06,2026-09-21T06:00:00,2.36,63.3,8474,22.3,6.2,121.9
SR-005864,CNC-06,2026-09-21T07:00:00,2.24,62.4,8484,21.9,6.29,121.1
SR-005865,CNC-06,2026-09-21T08:00:00,2.39,60.0,8519,23.2,6.08,118.9
SR-005866,CNC-06,2026-09-21T09:00:00,2.32,62.5,8462,20.7,6.08,116.9
SR-005867,CNC-06,2026-09-21T10:00:00,2.34,62.7,8684,20.9,6.25,118.2
SR-005868,CNC-06,2026-09-21T11:00:00,2.47,62.0,8597,22.1,6.38,116.1
SR-005869,CNC-06,2026-09-21T12:00:00,2.51,62.6,8598,21.6,6.17,120.2
SR-005870,CNC-06,2026-09-21T13:00:00,2.41,62.9,8494,21.1,6.21,112.6
SR-005871,CNC-06,2026-09-21T14:00:00,2.26,63.9,8542,22.2,6.35,118.4
SR-005872,CNC-06,2026-09-21T15:00:00,2.35,63.7,8399,21.0,6.38,118.0
SR-005873,CNC-06,2026-09-21T16:00:00,2.24,59.8,8610,21.9,6.36,117.7
SR-005874,CNC-06,2026-09-21T17:00:00,2.16,63.0,8542,23.0,6.19,116.0
SR-005875,CNC-06,2026-09-21T18:00:00,2.58,62.9,8808,22.5,6.22,116.9
SR-005876,CNC-06,2026-09-21T19:00:00,2.34,63.4,8463,21.3,6.33,120.7
SR-005877,CNC-06,2026-09-21T20:00:00,2.38,61.8,8440,21.9,6.13,116.6
SR-005878,CNC-06,2026-09-21T21:00:00,2.68,61.9,8586,22.6,6.36,121.2
SR-005879,CNC-06,2026-09-21T22:00:00,2.25,61.1,8295,22.0,6.24,116.2
SR-005880,CNC-06,2026-09-21T23:00:00,2.33,61.3,8276,21.5,6.23,117.1
SR-005881,CNC-06,2026-09-22T00:00:00,2.36,60.3,8484,23.5,6.03,116.4
SR-005882,CNC-06,2026-09-22T01:00:00,2.49,61.6,8425,22.9,6.1,119.6
SR-005883,CNC-06,2026-09-22T02:00:00,2.36,61.4,8591,23.2,6.14,113.9
SR-005884,CNC-06,2026-09-22T03:00:00,2.67,61.8,8501,22.1,6.25,120.4
SR-005885,CNC-06,2026-09-22T04:00:00,2.62,60.2,8578,20.1,6.37,118.3
SR-005886,CNC-06,2026-09-22T05:00:00,2.49,61.9,8591,23.1,6.37,114.2
SR-005887,CNC-06,2026-09-22T06:00:00,2.5,61.7,8531,22.8,6.23,120.3
SR-005888,CNC-06,2026-09-22T07:00:00,2.34,60.9,8268,23.2,6.32,119.6
SR-005889,CNC-06,2026-09-22T08:00:00,2.49,63.3,8458,22.3,6.42,117.5
SR-005890,CNC-06,2026-09-22T09:00:00,2.54,62.5,8767,22.4,6.15,116.7
SR-005891,CNC-06,2026-09-22T10:00:00,2.6,62.4,8744,20.4,6.22,117.9
SR-005892,CNC-06,2026-09-22T11:00:00,2.35,64.3,8536,24.1,6.28,116.6
SR-005893,CNC-06,2026-09-22T12:00:00,2.61,63.5,8795,20.6,6.37,117.9
SR-005894,CNC-06,2026-09-22T13:00:00,2.44,63.6,8447,21.1,6.29,120.0
SR-005895,CNC-06,2026-09-22T14:00:00,2.39,61.5,8638,22.6,6.3,119.2
SR-005896,CNC-06,2026-09-22T15:00:00,2.56,63.5,8652,21.6,6.15,118.9
SR-005897,CNC-06,2026-09-22T16:00:00,2.7,61.8,8418,22.3,6.3,112.9
SR-005898,CNC-06,2026-09-22T17:00:00,2.46,61.6,8511,22.5,6.25,115.1
SR-005899,CNC-06,2026-09-22T18:00:00,2.59,61.0,8290,23.6,6.12,117.1
SR-005900,CNC-06,2026-09-22T19:00:00,2.64,62.7,8410,22.1,6.23,119.4
SR-005901,CNC-06,2026-09-22T20:00:00,2.57,61.9,8491,22.7,6.25,119.9
SR-005902,CNC-06,2026-09-22T21:00:00,2.77,59.3,8360,22.3,6.2,123.7
SR-005903,CNC-06,2026-09-22T22:00:00,2.6,60.5,8454,21.6,6.37,119.0
SR-005904,CNC-06,2026-09-22T23:00:00,2.49,61.1,8218,22.7,6.45,120.0
SR-005905,CNC-06,2026-09-23T00:00:00,2.58,60.8,8405,23.2,6.37,117.0
SR-005906,CNC-06,2026-09-23T01:00:00,2.54,61.0,8503,21.6,6.12,121.2
SR-005907,CNC-06,2026-09-23T02:00:00,2.66,61.5,8507,21.9,6.25,117.7
SR-005908,CNC-06,2026-09-23T03:00:00,2.45,61.2,8258,22.3,6.18,111.4
SR-005909,CNC-06,2026-09-23T04:00:00,2.65,60.6,8553,21.3,6.23,114.1
SR-005910,CNC-06,2026-09-23T05:00:00,2.75,62.6,8553,22.0,6.13,117.4
SR-005911,CNC-06,2026-09-23T06:00:00,2.76,62.0,8500,20.9,6.35,115.7
SR-005912,CNC-06,2026-09-23T07:00:00,2.7,61.0,8303,23.8,6.35,114.0
SR-005913,CNC-06,2026-09-23T08:00:00,2.5,62.9,8386,21.1,6.13,117.2
SR-005914,CNC-06,2026-09-23T09:00:00,2.61,62.8,8341,22.9,6.32,114.8
SR-005915,CNC-06,2026-09-23T10:00:00,2.85,63.1,8633,21.1,5.95,117.4
SR-005916,CNC-06,2026-09-23T11:00:00,2.65,61.0,8504,22.4,6.12,117.9
SR-005917,CNC-06,2026-09-23T12:00:00,2.55,62.9,8718,20.8,6.15,114.2
SR-005918,CNC-06,2026-09-23T13:00:00,2.63,61.3,8598,22.8,6.16,111.3
SR-005919,CNC-06,2026-09-23T14:00:00,2.92,63.6,8395,23.4,6.3,116.8
SR-005920,CNC-06,2026-09-23T15:00:00,2.85,62.2,8434,22.6,6.06,123.6
SR-005921,CNC-06,2026-09-23T16:00:00,2.71,63.0,8407,20.2,6.19,114.4
SR-005922,CNC-06,2026-09-23T17:00:00,2.94,60.7,8571,22.8,6.15,122.3
SR-005923,CNC-06,2026-09-23T18:00:00,2.73,62.3,8553,21.9,6.28,119.0
SR-005924,CNC-06,2026-09-23T19:00:00,2.77,61.5,8414,22.4,6.15,115.4
SR-005925,CNC-06,2026-09-23T20:00:00,2.42,62.0,8418,21.8,6.15,116.5
SR-005926,CNC-06,2026-09-23T21:00:00,2.73,60.4,8418,21.5,6.26,117.8
SR-005927,CNC-06,2026-09-23T22:00:00,2.7,61.6,8530,21.3,6.34,118.4
SR-005928,CNC-06,2026-09-23T23:00:00,3.0,61.8,8219,22.3,6.47,120.3
SR-005929,CNC-06,2026-09-24T00:00:00,2.78,61.5,8471,22.9,6.0,114.8
SR-005930,CNC-06,2026-09-24T01:00:00,2.67,62.1,8425,21.5,6.21,114.4
SR-005931,CNC-06,2026-09-24T02:00:00,2.74,61.7,8381,21.8,6.13,118.1
SR-005932,CNC-06,2026-09-24T03:00:00,2.84,62.1,8432,23.0,6.25,118.3
SR-005933,CNC-06,2026-09-24T04:00:00,2.84,62.0,8629,21.9,6.0,122.0
SR-005934,CNC-06,2026-09-24T05:00:00,2.6,62.7,8288,22.3,6.22,121.1
SR-005935,CNC-06,2026-09-24T06:00:00,2.73,62.8,8635,21.9,6.29,118.6
SR-005936,CNC-06,2026-09-24T07:00:00,2.65,61.8,8593,21.9,6.06,119.8
SR-005937,CNC-06,2026-09-24T08:00:00,2.96,61.9,8400,21.5,6.35,119.7
SR-005938,CNC-06,2026-09-24T09:00:00,2.89,63.2,8547,22.6,6.1,115.6
SR-005939,CNC-06,2026-09-24T10:00:00,2.84,62.9,8301,21.0,6.29,114.7
SR-005940,CNC-06,2026-09-24T11:00:00,2.86,61.4,8593,22.2,5.95,120.8
SR-005941,CNC-06,2026-09-24T12:00:00,2.79,62.1,8427,20.5,5.96,121.7
SR-005942,CNC-06,2026-09-24T13:00:00,3.07,65.5,8666,21.9,6.28,114.5
SR-005943,CNC-06,2026-09-24T14:00:00,3.0,62.3,8470,21.2,6.37,115.1
SR-005944,CNC-06,2026-09-24T15:00:00,2.86,62.9,8462,22.1,6.12,121.7
SR-005945,CNC-06,2026-09-24T16:00:00,3.06,62.1,8414,20.4,6.13,118.9
SR-005946,CNC-06,2026-09-24T17:00:00,2.98,61.7,8553,21.4,6.07,122.5
SR-005947,CNC-06,2026-09-24T18:00:00,2.95,62.1,8356,21.9,6.05,118.3
SR-005948,CNC-06,2026-09-24T19:00:00,2.84,61.7,8598,22.4,6.24,119.0
SR-005949,CNC-06,2026-09-24T20:00:00,2.96,61.2,8437,21.4,6.02,116.3
SR-005950,CNC-06,2026-09-24T21:00:00,3.04,62.3,8703,21.4,6.12,113.6
SR-005951,CNC-06,2026-09-24T22:00:00,2.94,60.1,8560,23.4,6.26,113.3
SR-005952,CNC-06,2026-09-24T23:00:00,3.02,60.6,8584,21.6,6.33,119.5
SR-005953,CNC-06,2026-09-25T00:00:00,2.99,60.5,8583,22.1,5.95,117.1
SR-005954,CNC-06,2026-09-25T01:00:00,3.08,62.0,8422,23.2,6.18,120.7
SR-005955,CNC-06,2026-09-25T02:00:00,2.93,60.6,8319,21.7,6.14,119.2
SR-005956,CNC-06,2026-09-25T03:00:00,3.14,61.7,8399,23.1,6.21,119.7
SR-005957,CNC-06,2026-09-25T04:00:00,2.98,63.2,8694,22.1,6.07,117.3
SR-005958,CNC-06,2026-09-25T05:00:00,3.02,62.9,8473,23.2,6.28,116.7
SR-005959,CNC-06,2026-09-25T06:00:00,3.1,62.8,8590,23.0,6.22,118.0
SR-005960,CNC-06,2026-09-25T07:00:00,3.22,62.6,8531,22.2,6.29,115.9
SR-005961,CNC-06,2026-09-25T08:00:00,3.28,62.7,8541,22.1,6.31,119.9
SR-005962,CNC-06,2026-09-25T09:00:00,3.17,63.9,8412,21.6,6.17,115.1
SR-005963,CNC-06,2026-09-25T10:00:00,3.08,62.2,8315,21.4,6.25,116.7
SR-005964,CNC-06,2026-09-25T11:00:00,2.98,62.0,8466,22.5,6.02,119.2
SR-005965,CNC-06,2026-09-25T12:00:00,3.15,63.8,8431,21.6,6.05,119.2
SR-005966,CNC-06,2026-09-25T13:00:00,3.22,63.8,8430,21.9,6.18,118.0
SR-005967,CNC-06,2026-09-25T14:00:00,2.92,62.2,8511,21.2,6.11,122.3
SR-005968,CNC-06,2026-09-25T15:00:00,3.16,62.3,8575,21.8,6.18,117.5
SR-005969,CNC-06,2026-09-25T16:00:00,3.21,62.3,8564,21.9,6.26,119.7
SR-005970,CNC-06,2026-09-25T17:00:00,3.2,60.9,8678,22.2,6.09,118.0
SR-005971,CNC-06,2026-09-25T18:00:00,3.31,62.9,8531,20.9,6.08,119.6
SR-005972,CNC-06,2026-09-25T19:00:00,3.07,61.5,8495,22.5,6.24,117.2
SR-005973,CNC-06,2026-09-25T20:00:00,3.08,60.9,8472,21.1,6.33,119.8
SR-005974,CNC-06,2026-09-25T21:00:00,3.09,62.2,8599,23.0,6.1,118.7
SR-005975,CNC-06,2026-09-25T22:00:00,3.05,60.2,8421,21.2,6.12,115.2
SR-005976,CNC-06,2026-09-25T23:00:00,2.92,60.1,8413,21.6,6.41,118.9
SR-005977,CNC-06,2026-09-26T00:00:00,3.17,59.2,8501,22.4,6.39,119.7
SR-005978,CNC-06,2026-09-26T01:00:00,3.17,61.7,8567,24.5,6.28,115.0
SR-005979,CNC-06,2026-09-26T02:00:00,3.05,61.4,8386,21.6,6.17,116.6
SR-005980,CNC-06,2026-09-26T03:00:00,3.09,61.7,8505,23.0,6.14,116.8
SR-005981,CNC-06,2026-09-26T04:00:00,3.02,62.0,8636,21.3,6.12,120.5
SR-005982,CNC-06,2026-09-26T05:00:00,3.2,62.0,8619,21.4,6.19,115.0
SR-005983,CNC-06,2026-09-26T06:00:00,3.36,62.6,8477,23.3,6.04,119.9
SR-005984,CNC-06,2026-09-26T07:00:00,3.2,62.8,8633,21.3,6.43,116.7
SR-005985,CNC-06,2026-09-26T08:00:00,3.42,61.2,8341,21.2,6.28,114.1
SR-005986,CNC-06,2026-09-26T09:00:00,3.13,62.7,8558,20.9,6.17,118.8
SR-005987,CNC-06,2026-09-26T10:00:00,3.35,63.1,8426,21.9,6.25,116.9
SR-005988,CNC-06,2026-09-26T11:00:00,3.15,63.3,8346,21.3,6.27,116.3
SR-005989,CNC-06,2026-09-26T12:00:00,3.13,62.7,8493,21.5,6.16,121.7
SR-005990,CNC-06,2026-09-26T13:00:00,3.14,62.7,8453,21.6,5.98,119.6
SR-005991,CNC-06,2026-09-26T14:00:00,3.45,63.0,8561,22.5,6.15,117.7
SR-005992,CNC-06,2026-09-26T15:00:00,3.23,62.3,8810,24.1,6.24,117.6
SR-005993,CNC-06,2026-09-26T16:00:00,3.2,61.7,8392,21.5,6.22,115.5
SR-005994,CNC-06,2026-09-26T17:00:00,3.17,61.3,8588,21.5,6.37,117.6
SR-005995,CNC-06,2026-09-26T18:00:00,3.2,61.5,8642,23.4,6.36,119.1
SR-005996,CNC-06,2026-09-26T19:00:00,3.08,62.6,8299,22.2,6.12,117.4
SR-005997,CNC-06,2026-09-26T20:00:00,3.22,61.2,8586,22.2,6.25,123.5
SR-005998,CNC-06,2026-09-26T21:00:00,3.17,61.6,8388,22.0,6.08,122.9
SR-005999,CNC-06,2026-09-26T22:00:00,2.92,61.4,8687,23.6,6.13,114.1
SR-006000,CNC-06,2026-09-26T23:00:00,3.34,61.2,8313,22.1,6.19,119.6
SR-006001,CNC-06,2026-09-27T00:00:00,3.32,60.8,8367,21.8,6.32,119.6
SR-006002,CNC-06,2026-09-27T01:00:00,3.07,60.4,8471,21.9,6.38,120.4
SR-006003,CNC-06,2026-09-27T02:00:00,3.2,62.6,8625,20.8,6.13,122.2
SR-006004,CNC-06,2026-09-27T03:00:00,3.12,61.0,8354,23.6,6.37,119.2
SR-006005,CNC-06,2026-09-27T04:00:00,3.24,61.8,8495,22.1,6.32,115.1
SR-006006,CNC-06,2026-09-27T05:00:00,3.14,62.1,8731,20.1,6.04,120.0
SR-006007,CNC-06,2026-09-27T06:00:00,3.17,62.2,8456,22.2,6.35,111.5
SR-006008,CNC-06,2026-09-27T07:00:00,3.02,62.2,8411,22.5,6.28,117.0
SR-006009,CNC-06,2026-09-27T08:00:00,3.26,64.3,8490,22.6,6.15,115.9
SR-006010,CNC-06,2026-09-27T09:00:00,3.17,63.3,8414,21.7,6.16,118.0
SR-006011,CNC-06,2026-09-27T10:00:00,3.19,63.6,8695,23.0,6.15,121.8
SR-006012,CNC-06,2026-09-27T11:00:00,3.33,62.2,8413,20.9,6.18,116.0
SR-006013,CNC-06,2026-09-27T12:00:00,3.16,63.9,8595,20.7,6.33,120.8
SR-006014,CNC-06,2026-09-27T13:00:00,3.19,62.6,8355,21.9,6.46,115.5
SR-006015,CNC-06,2026-09-27T14:00:00,3.41,62.4,8334,20.5,6.17,115.9
SR-006016,CNC-06,2026-09-27T15:00:00,3.14,61.6,8595,21.2,6.24,116.8
SR-006017,CNC-06,2026-09-27T16:00:00,3.45,62.9,8535,21.6,6.06,118.7
SR-006018,CNC-06,2026-09-27T17:00:00,3.16,64.0,8523,23.3,6.2,120.7
SR-006019,CNC-06,2026-09-27T18:00:00,3.04,62.5,8424,21.3,6.17,114.4
SR-006020,CNC-06,2026-09-27T19:00:00,3.33,62.4,8452,21.9,6.18,115.1
SR-006021,CNC-06,2026-09-27T20:00:00,3.36,62.1,8767,23.1,6.43,113.4
SR-006022,CNC-06,2026-09-27T21:00:00,3.4,60.2,8488,23.5,6.32,119.0
SR-006023,CNC-06,2026-09-27T22:00:00,3.27,60.4,8637,22.9,6.22,113.9
SR-006024,CNC-06,2026-09-27T23:00:00,3.28,61.5,8401,22.9,6.17,117.3
SR-006025,CNC-06,2026-09-28T00:00:00,3.05,61.4,8453,21.7,6.22,119.9
SR-006026,CNC-06,2026-09-28T01:00:00,3.13,60.0,8623,21.6,5.96,115.2
SR-006027,CNC-06,2026-09-28T02:00:00,3.12,62.4,8299,21.2,5.93,114.2
SR-006028,CNC-06,2026-09-28T03:00:00,3.18,61.2,8601,22.3,6.09,117.9
SR-006029,CNC-06,2026-09-28T04:00:00,3.12,61.9,8321,22.9,6.26,118.6
SR-006030,CNC-06,2026-09-28T05:00:00,3.38,61.5,8473,21.8,6.17,115.0
SR-006031,CNC-06,2026-09-28T06:00:00,3.33,61.8,8475,22.9,6.35,117.7
SR-006032,CNC-06,2026-09-28T07:00:00,3.2,62.5,8582,22.0,6.31,115.9
SR-006033,CNC-06,2026-09-28T08:00:00,3.13,62.5,8631,23.1,6.13,116.9
SR-006034,CNC-06,2026-09-28T09:00:00,3.35,63.3,8513,21.8,6.22,116.2
SR-006035,CNC-06,2026-09-28T10:00:00,3.4,63.1,8580,22.1,6.16,115.2
SR-006036,CNC-06,2026-09-28T11:00:00,3.16,63.1,8618,22.1,6.26,117.3
SR-006037,CNC-06,2026-09-28T12:00:00,3.29,63.0,8613,22.7,6.33,119.7
SR-006038,CNC-06,2026-09-28T13:00:00,3.04,62.0,8418,20.9,6.33,116.7
SR-006039,CNC-06,2026-09-28T14:00:00,3.07,63.1,8869,21.2,6.06,117.9
SR-006040,CNC-06,2026-09-28T15:00:00,3.19,61.7,8616,21.8,6.28,118.3
SR-006041,CNC-06,2026-09-28T16:00:00,3.16,63.0,8312,20.3,6.32,114.9
SR-006042,CNC-06,2026-09-28T17:00:00,3.08,62.5,8449,22.6,6.18,116.4
SR-006043,CNC-06,2026-09-28T18:00:00,3.22,61.6,8414,21.2,6.56,114.3
SR-006044,CNC-06,2026-09-28T19:00:00,2.98,62.1,8531,20.9,6.2,122.8
SR-006045,CNC-06,2026-09-28T20:00:00,3.14,61.2,8413,22.5,6.23,122.4
SR-006046,CNC-06,2026-09-28T21:00:00,3.24,61.5,8424,22.5,6.23,116.4
SR-006047,CNC-06,2026-09-28T22:00:00,3.25,61.6,8599,21.9,6.19,116.8
SR-006048,CNC-06,2026-09-28T23:00:00,3.05,61.4,8375,20.9,6.08,116.3
SR-006049,CNC-06,2026-09-29T00:00:00,3.01,61.5,8520,22.1,6.35,117.4
SR-006050,CNC-06,2026-09-29T01:00:00,3.23,60.7,8593,22.8,6.09,122.8
SR-006051,CNC-06,2026-09-29T02:00:00,3.32,60.6,8726,21.7,6.35,118.2
SR-006052,CNC-06,2026-09-29T03:00:00,3.13,61.0,8453,22.9,5.9,120.7
SR-006053,CNC-06,2026-09-29T04:00:00,2.96,61.5,8448,21.2,6.25,117.3
SR-006054,CNC-06,2026-09-29T05:00:00,3.15,62.2,8403,22.0,6.41,115.3
SR-006055,CNC-06,2026-09-29T06:00:00,3.32,61.4,8596,22.5,6.01,120.0
SR-006056,CNC-06,2026-09-29T07:00:00,3.18,60.9,8422,22.9,6.14,115.3
SR-006057,CNC-06,2026-09-29T08:00:00,2.95,62.4,8761,22.0,6.24,116.7
SR-006058,CNC-06,2026-09-29T09:00:00,3.42,62.9,8605,21.0,6.41,121.0
SR-006059,CNC-06,2026-09-29T10:00:00,2.97,63.1,8488,21.0,6.18,119.5
SR-006060,CNC-06,2026-09-29T11:00:00,3.14,62.9,8443,22.8,6.07,116.1
SR-006061,CNC-06,2026-09-29T12:00:00,3.44,61.8,8372,20.6,6.21,120.3
SR-006062,CNC-06,2026-09-29T13:00:00,3.04,63.4,8566,22.6,6.17,114.1
SR-006063,CNC-06,2026-09-29T14:00:00,2.98,63.5,8459,21.9,5.96,122.3
SR-006064,CNC-06,2026-09-29T15:00:00,2.92,62.2,8389,21.8,6.15,118.6
SR-006065,CNC-06,2026-09-29T16:00:00,3.36,61.5,8510,22.3,6.28,116.9
SR-006066,CNC-06,2026-09-29T17:00:00,3.25,63.0,8769,22.7,6.04,119.1
SR-006067,CNC-06,2026-09-29T18:00:00,3.34,62.2,8680,23.0,5.98,115.1
SR-006068,CNC-06,2026-09-29T19:00:00,3.1,61.8,8779,22.1,6.18,122.0
SR-006069,CNC-06,2026-09-29T20:00:00,3.1,61.7,8607,22.5,6.29,117.4
SR-006070,CNC-06,2026-09-29T21:00:00,3.09,63.1,8644,22.0,6.17,118.2
SR-006071,CNC-06,2026-09-29T22:00:00,3.42,60.9,8580,22.2,6.3,120.7
SR-006072,CNC-06,2026-09-29T23:00:00,3.05,61.7,8346,21.6,6.25,118.0
SR-006073,CNC-06,2026-09-30T00:00:00,3.18,61.0,8406,21.5,6.22,117.0
SR-006074,CNC-06,2026-09-30T01:00:00,3.15,61.1,8659,21.8,6.21,120.2
SR-006075,CNC-06,2026-09-30T02:00:00,3.18,61.5,8449,21.6,6.29,119.1
SR-006076,CNC-06,2026-09-30T03:00:00,3.25,60.3,8602,22.2,6.14,116.6
SR-006077,CNC-06,2026-09-30T04:00:00,3.17,61.3,8477,23.9,6.11,118.3
SR-006078,CNC-06,2026-09-30T05:00:00,3.14,61.8,8451,22.4,6.37,121.1
SR-006079,CNC-06,2026-09-30T06:00:00,3.2,62.6,8478,23.1,5.98,115.1
SR-006080,CNC-06,2026-09-30T07:00:00,3.17,62.6,8371,21.8,6.22,118.1
SR-006081,CNC-06,2026-09-30T08:00:00,3.24,62.9,8760,22.5,6.27,122.0
SR-006082,CNC-06,2026-09-30T09:00:00,3.28,63.0,8438,22.1,6.51,117.7
SR-006083,CNC-06,2026-09-30T10:00:00,2.96,62.7,8499,20.8,6.27,116.2
SR-006084,CNC-06,2026-09-30T11:00:00,3.16,63.3,8477,20.4,6.3,118.3
SR-006085,CNC-06,2026-09-30T12:00:00,3.17,62.5,8213,22.5,6.1,121.0
SR-006086,CNC-06,2026-09-30T13:00:00,3.15,63.9,8569,20.4,6.22,116.3
SR-006087,CNC-06,2026-09-30T14:00:00,3.17,63.1,8414,21.6,6.24,117.6
SR-006088,CNC-06,2026-09-30T15:00:00,3.17,63.3,8500,23.2,6.28,121.2
SR-006089,CNC-06,2026-09-30T16:00:00,2.99,60.7,8423,23.2,6.12,115.4
SR-006090,CNC-06,2026-09-30T17:00:00,3.19,61.2,8583,21.4,6.16,112.9
SR-006091,CNC-06,2026-09-30T18:00:00,3.16,61.8,8552,22.5,6.33,122.8
SR-006092,CNC-06,2026-09-30T19:00:00,3.15,61.2,8521,23.1,6.42,118.5
SR-006093,CNC-06,2026-09-30T20:00:00,3.08,61.5,8437,22.5,6.14,117.5
SR-006094,CNC-06,2026-09-30T21:00:00,3.26,61.7,8482,21.1,6.14,119.7
SR-006095,CNC-06,2026-09-30T22:00:00,3.04,61.1,8496,21.6,6.26,117.0
SR-006096,CNC-06,2026-09-30T23:00:00,3.28,60.5,8416,23.0,6.31,120.9
SR-006097,CNC-06,2026-10-01T00:00:00,3.41,61.6,8380,21.3,6.32,114.6
SR-006098,CNC-06,2026-10-01T01:00:00,2.96,62.4,8578,23.1,6.21,120.1
SR-006099,CNC-06,2026-10-01T02:00:00,3.26,61.2,8294,21.1,5.99,116.0
SR-006100,CNC-06,2026-10-01T03:00:00,3.09,62.4,8457,21.4,6.22,119.0
SR-006101,CNC-06,2026-10-01T04:00:00,3.15,62.4,8442,21.1,6.0,122.7
SR-006102,CNC-06,2026-10-01T05:00:00,3.13,61.5,8343,23.2,6.11,118.1
SR-006103,CNC-06,2026-10-01T06:00:00,3.28,61.0,8607,22.3,6.17,123.0
SR-006104,CNC-06,2026-10-01T07:00:00,3.29,61.5,8594,21.8,6.12,119.9
SR-006105,CNC-06,2026-10-01T08:00:00,3.17,62.1,8620,22.1,6.34,117.3
SR-006106,CNC-06,2026-10-01T09:00:00,3.11,62.8,8684,22.6,6.35,116.2
SR-006107,CNC-06,2026-10-01T10:00:00,3.2,63.6,8320,21.9,6.04,120.0
SR-006108,CNC-06,2026-10-01T11:00:00,3.15,63.0,8459,22.5,6.29,115.9
SR-006109,CNC-06,2026-10-01T12:00:00,3.15,63.6,8499,22.3,6.29,118.0
SR-006110,CNC-06,2026-10-01T13:00:00,3.32,63.8,8353,21.8,6.22,117.7
SR-006111,CNC-06,2026-10-01T14:00:00,3.16,62.5,8456,21.6,6.22,117.7
SR-006112,CNC-06,2026-10-01T15:00:00,3.15,63.4,8535,22.3,6.21,115.9
SR-006113,CNC-06,2026-10-01T16:00:00,3.37,62.7,8640,22.7,6.12,118.1
SR-006114,CNC-06,2026-10-01T17:00:00,3.08,60.7,8351,23.5,6.33,119.6
SR-006115,CNC-06,2026-10-01T18:00:00,3.37,62.8,8278,21.7,6.14,119.8
SR-006116,CNC-06,2026-10-01T19:00:00,3.06,63.1,8488,20.8,6.09,117.3
SR-006117,CNC-06,2026-10-01T20:00:00,3.04,62.4,8560,23.4,6.33,118.3
SR-006118,CNC-06,2026-10-01T21:00:00,3.46,61.4,8233,22.3,6.28,115.3
SR-006119,CNC-06,2026-10-01T22:00:00,3.18,61.5,8455,22.0,6.21,118.5
SR-006120,CNC-06,2026-10-01T23:00:00,3.35,61.0,8384,23.7,6.3,120.6
SR-006121,CNC-06,2026-10-02T00:00:00,3.11,62.6,8485,21.9,6.16,117.7
SR-006122,CNC-06,2026-10-02T01:00:00,3.06,60.5,8285,21.9,6.21,116.2
SR-006123,CNC-06,2026-10-02T02:00:00,3.24,61.6,8558,21.2,6.18,116.9
SR-006124,CNC-06,2026-10-02T03:00:00,3.07,58.8,8246,20.6,6.17,120.2
SR-006125,CNC-06,2026-10-02T04:00:00,3.17,61.8,8454,21.9,6.15,122.9
SR-006126,CNC-06,2026-10-02T05:00:00,3.18,61.0,8301,22.9,6.21,117.4
SR-006127,CNC-06,2026-10-02T06:00:00,3.3,61.7,8690,23.6,6.2,116.0
SR-006128,CNC-06,2026-10-02T07:00:00,3.35,62.9,8429,22.6,6.21,118.9
SR-006129,CNC-06,2026-10-02T08:00:00,3.09,63.5,8128,20.0,6.26,120.3
SR-006130,CNC-06,2026-10-02T09:00:00,3.28,62.7,8597,21.2,6.31,115.9
SR-006131,CNC-06,2026-10-02T10:00:00,3.03,60.4,8667,21.9,6.24,118.7
SR-006132,CNC-06,2026-10-02T11:00:00,3.11,63.4,8364,22.6,6.03,115.2
SR-006133,CNC-06,2026-10-02T12:00:00,3.19,61.9,8568,23.2,6.29,115.2
SR-006134,CNC-06,2026-10-02T13:00:00,3.21,62.5,8511,21.5,6.09,115.0
SR-006135,CNC-06,2026-10-02T14:00:00,3.11,64.1,8334,22.5,6.45,118.0
SR-006136,CNC-06,2026-10-02T15:00:00,3.18,61.8,8492,23.7,6.52,120.4
SR-006137,CNC-06,2026-10-02T16:00:00,3.48,61.6,8688,21.4,6.06,119.8
SR-006138,CNC-06,2026-10-02T17:00:00,3.28,60.7,8506,22.7,6.22,115.1
SR-006139,CNC-06,2026-10-02T18:00:00,3.16,61.4,8414,21.1,6.08,116.6
SR-006140,CNC-06,2026-10-02T19:00:00,3.14,62.2,8502,23.2,6.08,115.5
SR-006141,CNC-06,2026-10-02T20:00:00,3.19,62.4,8417,20.8,6.21,116.5
SR-006142,CNC-06,2026-10-02T21:00:00,3.15,61.7,8398,21.8,6.35,119.0
SR-006143,CNC-06,2026-10-02T22:00:00,3.29,60.0,8630,22.3,6.21,116.6
SR-006144,CNC-06,2026-10-02T23:00:00,3.14,60.7,8510,23.2,6.07,117.4
SR-006145,CNC-07,2026-09-17T00:00:00,2.49,61.3,8539,23.2,6.11,119.6
SR-006146,CNC-07,2026-09-17T01:00:00,2.49,62.2,8666,22.2,6.06,114.7
SR-006147,CNC-07,2026-09-17T02:00:00,2.46,60.9,8404,22.4,6.27,118.6
SR-006148,CNC-07,2026-09-17T03:00:00,2.49,61.2,8535,20.9,6.27,117.7
SR-006149,CNC-07,2026-09-17T04:00:00,2.37,60.9,8592,22.2,6.22,119.1
SR-006150,CNC-07,2026-09-17T05:00:00,2.46,61.7,8517,22.0,6.31,118.3
SR-006151,CNC-07,2026-09-17T06:00:00,2.48,61.0,8376,22.3,6.29,120.5
SR-006152,CNC-07,2026-09-17T07:00:00,2.28,62.6,8545,23.1,6.28,118.6
SR-006153,CNC-07,2026-09-17T08:00:00,2.49,62.5,8532,22.6,6.13,119.5
SR-006154,CNC-07,2026-09-17T09:00:00,2.38,62.8,8502,21.6,6.1,113.9
SR-006155,CNC-07,2026-09-17T10:00:00,2.28,64.4,8438,22.6,6.1,117.0
SR-006156,CNC-07,2026-09-17T11:00:00,2.3,62.6,8660,21.9,6.27,121.3
SR-006157,CNC-07,2026-09-17T12:00:00,2.35,62.4,8525,21.7,6.2,112.7
SR-006158,CNC-07,2026-09-17T13:00:00,2.33,64.1,8496,22.2,6.13,113.9
SR-006159,CNC-07,2026-09-17T14:00:00,2.46,62.1,8182,22.2,6.24,117.8
SR-006160,CNC-07,2026-09-17T15:00:00,2.44,63.0,8605,20.2,6.3,115.0
SR-006161,CNC-07,2026-09-17T16:00:00,2.35,61.8,8735,22.5,6.3,119.9
SR-006162,CNC-07,2026-09-17T17:00:00,2.44,61.8,8463,23.3,6.12,119.6
SR-006163,CNC-07,2026-09-17T18:00:00,2.23,62.0,8558,22.7,6.19,114.1
SR-006164,CNC-07,2026-09-17T19:00:00,2.48,60.4,8414,20.5,6.18,119.3
SR-006165,CNC-07,2026-09-17T20:00:00,2.32,61.6,8363,22.2,5.99,116.8
SR-006166,CNC-07,2026-09-17T21:00:00,2.7,61.4,8481,19.7,6.21,117.6
SR-006167,CNC-07,2026-09-17T22:00:00,2.55,60.9,8770,22.0,6.23,119.8
SR-006168,CNC-07,2026-09-17T23:00:00,2.52,61.1,8499,22.8,6.12,112.6
SR-006169,CNC-07,2026-09-18T00:00:00,2.27,62.1,8658,22.5,6.29,116.2
SR-006170,CNC-07,2026-09-18T01:00:00,2.35,61.0,8222,22.1,6.0,112.5
SR-006171,CNC-07,2026-09-18T02:00:00,2.61,62.6,8466,21.9,6.04,118.5
SR-006172,CNC-07,2026-09-18T03:00:00,2.44,61.8,8340,22.0,6.08,116.2
SR-006173,CNC-07,2026-09-18T04:00:00,2.54,61.3,8626,23.1,6.03,114.5
SR-006174,CNC-07,2026-09-18T05:00:00,2.39,61.8,8367,20.4,6.23,118.4
SR-006175,CNC-07,2026-09-18T06:00:00,2.42,62.9,8517,21.7,6.09,112.9
SR-006176,CNC-07,2026-09-18T07:00:00,2.51,62.8,8635,21.6,6.21,117.6
SR-006177,CNC-07,2026-09-18T08:00:00,2.54,62.1,8481,23.1,6.34,117.5
SR-006178,CNC-07,2026-09-18T09:00:00,2.3,64.6,8378,22.5,6.19,116.7
SR-006179,CNC-07,2026-09-18T10:00:00,2.41,63.0,8557,21.5,6.22,121.1
SR-006180,CNC-07,2026-09-18T11:00:00,2.37,62.6,8539,21.2,6.0,119.5
SR-006181,CNC-07,2026-09-18T12:00:00,2.44,63.3,8492,20.8,6.29,115.9
SR-006182,CNC-07,2026-09-18T13:00:00,2.54,63.7,8378,22.0,6.52,119.3
SR-006183,CNC-07,2026-09-18T14:00:00,2.5,63.0,8603,22.7,6.23,121.2
SR-006184,CNC-07,2026-09-18T15:00:00,2.38,62.8,8649,21.8,6.23,117.4
SR-006185,CNC-07,2026-09-18T16:00:00,2.21,62.6,8571,23.6,6.12,120.8
SR-006186,CNC-07,2026-09-18T17:00:00,2.41,62.9,8646,23.5,6.26,116.2
SR-006187,CNC-07,2026-09-18T18:00:00,2.47,62.2,8408,23.1,6.34,119.1
SR-006188,CNC-07,2026-09-18T19:00:00,2.39,62.8,8399,21.8,6.1,116.7
SR-006189,CNC-07,2026-09-18T20:00:00,2.38,61.7,8590,22.1,6.02,120.5
SR-006190,CNC-07,2026-09-18T21:00:00,2.46,61.7,8302,21.5,6.13,115.5
SR-006191,CNC-07,2026-09-18T22:00:00,2.39,61.3,8397,23.5,6.14,117.8
SR-006192,CNC-07,2026-09-18T23:00:00,2.36,60.8,8398,22.8,6.12,118.9
SR-006193,CNC-07,2026-09-19T00:00:00,2.48,62.9,8550,22.5,6.19,119.8
SR-006194,CNC-07,2026-09-19T01:00:00,2.22,60.6,8508,21.5,6.22,118.2
SR-006195,CNC-07,2026-09-19T02:00:00,2.36,61.0,8437,21.8,6.19,123.7
SR-006196,CNC-07,2026-09-19T03:00:00,2.37,61.1,8414,21.6,6.07,119.0
SR-006197,CNC-07,2026-09-19T04:00:00,2.34,62.3,8333,21.7,6.16,122.3
SR-006198,CNC-07,2026-09-19T05:00:00,2.36,62.3,8386,22.2,6.41,120.1
SR-006199,CNC-07,2026-09-19T06:00:00,2.34,61.4,8677,20.4,6.13,120.4
SR-006200,CNC-07,2026-09-19T07:00:00,2.26,61.9,8450,20.9,6.13,117.6
SR-006201,CNC-07,2026-09-19T08:00:00,2.26,62.8,8516,21.2,6.42,117.6
SR-006202,CNC-07,2026-09-19T09:00:00,2.28,63.4,8629,21.8,6.24,113.5
SR-006203,CNC-07,2026-09-19T10:00:00,2.24,62.3,8682,20.7,6.35,121.2
SR-006204,CNC-07,2026-09-19T11:00:00,2.41,62.4,8502,21.1,6.02,115.8
SR-006205,CNC-07,2026-09-19T12:00:00,2.41,61.3,8473,20.6,5.96,116.9
SR-006206,CNC-07,2026-09-19T13:00:00,2.53,63.2,8565,21.7,6.32,122.5
SR-006207,CNC-07,2026-09-19T14:00:00,2.38,63.1,8420,21.9,6.28,117.7
SR-006208,CNC-07,2026-09-19T15:00:00,2.57,62.6,8531,20.5,6.09,116.8
SR-006209,CNC-07,2026-09-19T16:00:00,2.31,61.9,8327,22.6,6.35,119.0
SR-006210,CNC-07,2026-09-19T17:00:00,2.5,62.3,8581,23.5,6.14,113.2
SR-006211,CNC-07,2026-09-19T18:00:00,2.33,63.4,8716,21.8,6.31,121.8
SR-006212,CNC-07,2026-09-19T19:00:00,2.51,62.3,8547,22.6,6.16,116.5
SR-006213,CNC-07,2026-09-19T20:00:00,2.31,61.0,8487,21.9,6.22,118.1
SR-006214,CNC-07,2026-09-19T21:00:00,2.51,61.6,8495,21.1,6.2,117.2
SR-006215,CNC-07,2026-09-19T22:00:00,2.57,60.1,8508,22.6,6.02,125.4
SR-006216,CNC-07,2026-09-19T23:00:00,2.27,59.6,8443,23.0,5.96,122.6
SR-006217,CNC-07,2026-09-20T00:00:00,2.17,61.8,8601,22.9,6.17,119.3
SR-006218,CNC-07,2026-09-20T01:00:00,2.42,60.8,8465,20.5,6.18,113.1
SR-006219,CNC-07,2026-09-20T02:00:00,2.39,62.2,8541,21.7,6.31,114.5
SR-006220,CNC-07,2026-09-20T03:00:00,2.49,58.7,8540,21.8,6.25,113.4
SR-006221,CNC-07,2026-09-20T04:00:00,2.38,62.5,8563,21.4,5.97,120.0
SR-006222,CNC-07,2026-09-20T05:00:00,2.29,62.5,8231,21.2,6.34,117.8
SR-006223,CNC-07,2026-09-20T06:00:00,2.43,62.6,8468,22.9,6.13,121.8
SR-006224,CNC-07,2026-09-20T07:00:00,2.46,61.5,8624,21.2,6.33,119.4
SR-006225,CNC-07,2026-09-20T08:00:00,2.35,62.1,8630,22.3,6.16,116.2
SR-006226,CNC-07,2026-09-20T09:00:00,2.32,62.0,8420,20.4,6.16,115.6
SR-006227,CNC-07,2026-09-20T10:00:00,2.4,62.1,8498,22.0,6.08,118.0
SR-006228,CNC-07,2026-09-20T11:00:00,2.44,62.2,8564,22.8,6.11,117.4
SR-006229,CNC-07,2026-09-20T12:00:00,2.53,63.4,8704,21.6,6.26,116.8
SR-006230,CNC-07,2026-09-20T13:00:00,2.38,63.2,8640,22.7,6.15,114.3
SR-006231,CNC-07,2026-09-20T14:00:00,2.49,62.0,8549,20.9,6.26,118.1
SR-006232,CNC-07,2026-09-20T15:00:00,2.35,62.3,8465,21.4,6.14,120.5
SR-006233,CNC-07,2026-09-20T16:00:00,2.33,61.9,8520,22.3,6.48,114.9
SR-006234,CNC-07,2026-09-20T17:00:00,2.46,62.1,8502,21.4,6.2,121.7
SR-006235,CNC-07,2026-09-20T18:00:00,2.32,61.8,8547,21.9,6.12,115.2
SR-006236,CNC-07,2026-09-20T19:00:00,2.46,60.6,8424,21.5,6.47,115.9
SR-006237,CNC-07,2026-09-20T20:00:00,2.44,62.1,8673,22.1,6.54,120.8
SR-006238,CNC-07,2026-09-20T21:00:00,2.31,62.1,8582,21.6,6.11,113.9
SR-006239,CNC-07,2026-09-20T22:00:00,2.19,61.4,8433,20.5,6.14,117.5
SR-006240,CNC-07,2026-09-20T23:00:00,2.39,61.2,8716,22.4,6.02,121.8
SR-006241,CNC-07,2026-09-21T00:00:00,2.41,61.0,8475,23.8,6.24,111.7
SR-006242,CNC-07,2026-09-21T01:00:00,2.3,59.9,8779,22.7,6.32,118.7
SR-006243,CNC-07,2026-09-21T02:00:00,2.37,61.4,8694,22.3,6.16,119.4
SR-006244,CNC-07,2026-09-21T03:00:00,2.07,62.1,8468,22.1,6.12,122.9
SR-006245,CNC-07,2026-09-21T04:00:00,2.23,61.7,8570,23.9,6.23,118.5
SR-006246,CNC-07,2026-09-21T05:00:00,2.57,62.6,8733,21.9,6.08,113.4
SR-006247,CNC-07,2026-09-21T06:00:00,2.43,60.4,8421,20.9,6.35,120.2
SR-006248,CNC-07,2026-09-21T07:00:00,2.37,62.7,8344,22.5,6.17,117.6
SR-006249,CNC-07,2026-09-21T08:00:00,2.47,61.7,8641,21.8,6.23,115.9
SR-006250,CNC-07,2026-09-21T09:00:00,2.35,62.2,8510,22.4,6.34,121.7
SR-006251,CNC-07,2026-09-21T10:00:00,2.34,63.4,8443,21.0,6.34,116.9
SR-006252,CNC-07,2026-09-21T11:00:00,2.59,64.2,8814,22.9,6.1,122.9
SR-006253,CNC-07,2026-09-21T12:00:00,2.34,64.8,8371,20.4,6.2,120.0
SR-006254,CNC-07,2026-09-21T13:00:00,2.44,62.9,8471,21.8,6.14,118.4
SR-006255,CNC-07,2026-09-21T14:00:00,2.44,62.4,8624,22.4,6.13,118.1
SR-006256,CNC-07,2026-09-21T15:00:00,2.4,63.0,8551,22.1,6.19,117.4
SR-006257,CNC-07,2026-09-21T16:00:00,2.46,63.2,8734,21.8,6.38,120.3
SR-006258,CNC-07,2026-09-21T17:00:00,2.35,61.9,8532,21.7,6.43,119.7
SR-006259,CNC-07,2026-09-21T18:00:00,2.36,63.0,8490,22.6,6.28,118.4
SR-006260,CNC-07,2026-09-21T19:00:00,2.31,63.1,8556,21.8,6.23,118.4
SR-006261,CNC-07,2026-09-21T20:00:00,2.5,60.8,8252,22.7,6.41,115.3
SR-006262,CNC-07,2026-09-21T21:00:00,2.43,61.3,8740,23.3,6.12,119.7
SR-006263,CNC-07,2026-09-21T22:00:00,2.3,60.1,8518,21.5,6.31,123.3
SR-006264,CNC-07,2026-09-21T23:00:00,2.31,60.9,8580,22.0,5.99,115.4
SR-006265,CNC-07,2026-09-22T00:00:00,2.41,63.1,8551,20.6,6.28,119.0
SR-006266,CNC-07,2026-09-22T01:00:00,2.43,59.6,8232,23.0,6.2,121.3
SR-006267,CNC-07,2026-09-22T02:00:00,2.17,61.3,8346,20.2,6.05,115.3
SR-006268,CNC-07,2026-09-22T03:00:00,2.28,62.1,8526,22.2,6.33,114.8
SR-006269,CNC-07,2026-09-22T04:00:00,2.42,60.9,8362,21.7,6.26,119.9
SR-006270,CNC-07,2026-09-22T05:00:00,2.32,61.6,8570,20.6,6.24,118.8
SR-006271,CNC-07,2026-09-22T06:00:00,2.42,63.1,8439,22.6,6.28,115.3
SR-006272,CNC-07,2026-09-22T07:00:00,2.34,62.1,8445,21.4,6.12,120.0
SR-006273,CNC-07,2026-09-22T08:00:00,2.32,63.0,8448,22.3,6.39,119.1
SR-006274,CNC-07,2026-09-22T09:00:00,2.32,63.8,8527,21.8,6.17,119.6
SR-006275,CNC-07,2026-09-22T10:00:00,2.5,62.6,8478,21.1,6.02,117.0
SR-006276,CNC-07,2026-09-22T11:00:00,2.37,61.4,8539,22.4,6.3,119.6
SR-006277,CNC-07,2026-09-22T12:00:00,2.35,62.9,8604,21.7,6.21,118.9
SR-006278,CNC-07,2026-09-22T13:00:00,2.48,62.2,8396,21.6,6.24,119.5
SR-006279,CNC-07,2026-09-22T14:00:00,2.27,62.5,8424,22.1,6.35,117.7
SR-006280,CNC-07,2026-09-22T15:00:00,2.35,63.3,8462,22.5,6.23,121.0
SR-006281,CNC-07,2026-09-22T16:00:00,2.52,61.4,8612,21.8,6.05,113.1
SR-006282,CNC-07,2026-09-22T17:00:00,2.59,63.4,8670,21.8,6.39,117.2
SR-006283,CNC-07,2026-09-22T18:00:00,2.39,61.2,8458,22.1,6.17,116.7
SR-006284,CNC-07,2026-09-22T19:00:00,2.41,62.8,8462,23.1,6.13,110.9
SR-006285,CNC-07,2026-09-22T20:00:00,2.23,62.6,8303,20.7,6.17,117.1
SR-006286,CNC-07,2026-09-22T21:00:00,2.52,61.7,8399,23.4,6.4,115.1
SR-006287,CNC-07,2026-09-22T22:00:00,2.44,62.0,8464,20.4,6.04,119.3
SR-006288,CNC-07,2026-09-22T23:00:00,2.38,60.9,8425,23.1,6.28,122.5
SR-006289,CNC-07,2026-09-23T00:00:00,2.35,62.2,8446,21.0,6.26,120.1
SR-006290,CNC-07,2026-09-23T01:00:00,2.48,59.9,8616,22.7,6.01,116.3
SR-006291,CNC-07,2026-09-23T02:00:00,2.21,60.8,8624,21.8,6.52,118.9
SR-006292,CNC-07,2026-09-23T03:00:00,2.24,60.1,8803,21.7,5.85,115.8
SR-006293,CNC-07,2026-09-23T04:00:00,2.37,61.5,8692,22.0,6.1,118.5
SR-006294,CNC-07,2026-09-23T05:00:00,2.41,62.2,8373,21.4,6.06,118.9
SR-006295,CNC-07,2026-09-23T06:00:00,2.41,62.3,8649,21.4,6.31,120.0
SR-006296,CNC-07,2026-09-23T07:00:00,2.33,63.2,8552,21.3,6.12,119.3
SR-006297,CNC-07,2026-09-23T08:00:00,2.39,61.7,8388,20.6,6.12,118.4
SR-006298,CNC-07,2026-09-23T09:00:00,2.41,61.6,8366,21.0,6.31,120.5
SR-006299,CNC-07,2026-09-23T10:00:00,2.44,62.6,8490,21.8,6.16,117.1
SR-006300,CNC-07,2026-09-23T11:00:00,2.23,62.1,8537,23.5,6.12,121.9
SR-006301,CNC-07,2026-09-23T12:00:00,2.36,62.8,8443,20.0,6.32,114.0
SR-006302,CNC-07,2026-09-23T13:00:00,2.45,63.0,8541,21.3,6.15,120.5
SR-006303,CNC-07,2026-09-23T14:00:00,2.2,61.3,8445,20.8,6.23,118.7
SR-006304,CNC-07,2026-09-23T15:00:00,2.48,63.0,8631,22.7,6.28,120.7
SR-006305,CNC-07,2026-09-23T16:00:00,2.31,62.2,8389,22.3,6.1,112.0
SR-006306,CNC-07,2026-09-23T17:00:00,2.38,62.0,8591,22.3,6.26,120.0
SR-006307,CNC-07,2026-09-23T18:00:00,2.39,61.9,8512,23.1,6.25,120.0
SR-006308,CNC-07,2026-09-23T19:00:00,2.33,61.5,8402,21.2,6.03,123.3
SR-006309,CNC-07,2026-09-23T20:00:00,2.39,60.3,8343,21.7,6.13,117.4
SR-006310,CNC-07,2026-09-23T21:00:00,2.5,60.7,8659,21.3,6.31,120.5
SR-006311,CNC-07,2026-09-23T22:00:00,2.41,61.8,8553,22.4,6.09,121.9
SR-006312,CNC-07,2026-09-23T23:00:00,2.37,61.2,8598,24.6,6.16,120.5
SR-006313,CNC-07,2026-09-24T00:00:00,2.28,61.0,8515,21.9,6.12,117.4
SR-006314,CNC-07,2026-09-24T01:00:00,2.37,61.1,8561,22.2,6.47,118.8
SR-006315,CNC-07,2026-09-24T02:00:00,2.42,60.2,8399,20.1,6.33,118.7
SR-006316,CNC-07,2026-09-24T03:00:00,2.39,61.1,8485,23.3,6.12,116.2
SR-006317,CNC-07,2026-09-24T04:00:00,2.42,62.4,8194,23.2,6.34,115.7
SR-006318,CNC-07,2026-09-24T05:00:00,2.39,61.8,8430,21.6,5.96,119.9
SR-006319,CNC-07,2026-09-24T06:00:00,2.4,61.5,8523,21.0,6.18,117.6
SR-006320,CNC-07,2026-09-24T07:00:00,2.35,61.9,8511,23.0,6.31,115.9
SR-006321,CNC-07,2026-09-24T08:00:00,2.29,60.7,8500,23.0,6.13,119.5
SR-006322,CNC-07,2026-09-24T09:00:00,2.28,62.5,8453,23.1,6.08,118.9
SR-006323,CNC-07,2026-09-24T10:00:00,2.23,62.7,8584,22.6,6.23,116.7
SR-006324,CNC-07,2026-09-24T11:00:00,2.46,64.4,8395,22.0,6.29,119.0
SR-006325,CNC-07,2026-09-24T12:00:00,2.26,61.2,8379,20.8,6.4,119.8
SR-006326,CNC-07,2026-09-24T13:00:00,2.41,62.6,8429,21.9,6.24,117.7
SR-006327,CNC-07,2026-09-24T14:00:00,2.71,62.7,8335,20.4,6.08,119.4
SR-006328,CNC-07,2026-09-24T15:00:00,2.53,63.3,8454,22.3,6.14,120.4
SR-006329,CNC-07,2026-09-24T16:00:00,2.27,62.5,8570,21.2,6.01,116.4
SR-006330,CNC-07,2026-09-24T17:00:00,2.44,63.1,8375,21.3,6.29,119.7
SR-006331,CNC-07,2026-09-24T18:00:00,2.54,62.3,8526,22.7,6.2,115.5
SR-006332,CNC-07,2026-09-24T19:00:00,2.33,62.5,8506,21.4,6.16,120.4
SR-006333,CNC-07,2026-09-24T20:00:00,2.38,61.4,8476,21.4,6.34,117.3
SR-006334,CNC-07,2026-09-24T21:00:00,2.5,62.9,8632,22.6,6.18,116.3
SR-006335,CNC-07,2026-09-24T22:00:00,2.37,61.8,8476,21.1,6.28,116.0
SR-006336,CNC-07,2026-09-24T23:00:00,2.52,61.3,8514,22.0,6.24,117.9
SR-006337,CNC-07,2026-09-25T00:00:00,2.58,61.3,8226,22.3,6.16,117.6
SR-006338,CNC-07,2026-09-25T01:00:00,2.26,61.5,8651,21.8,6.38,117.4
SR-006339,CNC-07,2026-09-25T02:00:00,2.32,61.2,8506,22.8,6.04,114.4
SR-006340,CNC-07,2026-09-25T03:00:00,2.31,60.7,8389,22.5,6.24,118.3
SR-006341,CNC-07,2026-09-25T04:00:00,2.41,62.7,8540,21.5,6.19,115.9
SR-006342,CNC-07,2026-09-25T05:00:00,2.39,62.1,8255,22.8,6.04,118.1
SR-006343,CNC-07,2026-09-25T06:00:00,2.32,63.3,8389,22.1,6.1,116.2
SR-006344,CNC-07,2026-09-25T07:00:00,2.34,63.1,8258,21.0,6.16,121.1
SR-006345,CNC-07,2026-09-25T08:00:00,2.36,64.0,8527,22.5,6.24,116.4
SR-006346,CNC-07,2026-09-25T09:00:00,2.45,62.2,8364,22.7,6.15,120.8
SR-006347,CNC-07,2026-09-25T10:00:00,2.41,62.9,8508,20.9,6.01,121.3
SR-006348,CNC-07,2026-09-25T11:00:00,2.4,63.3,8436,21.6,6.18,117.7
SR-006349,CNC-07,2026-09-25T12:00:00,2.48,63.1,8403,23.4,6.28,115.7
SR-006350,CNC-07,2026-09-25T13:00:00,2.45,63.1,8361,21.7,6.18,119.1
SR-006351,CNC-07,2026-09-25T14:00:00,2.36,63.8,8255,22.8,6.27,117.5
SR-006352,CNC-07,2026-09-25T15:00:00,2.33,62.0,8406,21.9,6.3,115.8
SR-006353,CNC-07,2026-09-25T16:00:00,2.49,63.0,8328,22.2,6.2,120.1
SR-006354,CNC-07,2026-09-25T17:00:00,2.48,62.4,8603,22.5,6.24,116.7
SR-006355,CNC-07,2026-09-25T18:00:00,2.37,61.5,8444,22.8,5.83,116.9
SR-006356,CNC-07,2026-09-25T19:00:00,2.25,63.0,8357,22.0,6.21,117.6
SR-006357,CNC-07,2026-09-25T20:00:00,2.61,61.5,8687,21.6,6.07,122.9
SR-006358,CNC-07,2026-09-25T21:00:00,2.43,61.7,8471,22.9,6.2,113.0
SR-006359,CNC-07,2026-09-25T22:00:00,2.73,61.7,8531,23.1,6.23,116.5
SR-006360,CNC-07,2026-09-25T23:00:00,2.34,60.2,8652,22.5,6.26,116.1
SR-006361,CNC-07,2026-09-26T00:00:00,2.37,61.3,8440,23.1,6.12,117.8
SR-006362,CNC-07,2026-09-26T01:00:00,2.31,60.6,8574,23.1,6.13,117.8
SR-006363,CNC-07,2026-09-26T02:00:00,2.34,61.3,8383,23.3,6.17,119.1
SR-006364,CNC-07,2026-09-26T03:00:00,2.37,61.4,8419,21.3,5.92,120.4
SR-006365,CNC-07,2026-09-26T04:00:00,2.68,62.1,8318,20.9,6.2,112.9
SR-006366,CNC-07,2026-09-26T05:00:00,2.31,62.2,8502,22.2,6.17,121.3
SR-006367,CNC-07,2026-09-26T06:00:00,2.21,60.7,8588,21.5,6.07,117.6
SR-006368,CNC-07,2026-09-26T07:00:00,2.38,62.3,8632,22.9,6.25,118.3
SR-006369,CNC-07,2026-09-26T08:00:00,2.35,61.7,8283,21.3,5.96,118.0
SR-006370,CNC-07,2026-09-26T09:00:00,2.34,61.5,8626,22.0,6.17,120.2
SR-006371,CNC-07,2026-09-26T10:00:00,2.55,63.5,8425,22.4,6.5,120.7
SR-006372,CNC-07,2026-09-26T11:00:00,2.35,62.7,8487,20.9,6.12,118.5
SR-006373,CNC-07,2026-09-26T12:00:00,2.44,64.5,8434,21.4,6.14,117.0
SR-006374,CNC-07,2026-09-26T13:00:00,2.22,63.1,8435,22.0,6.31,121.1
SR-006375,CNC-07,2026-09-26T14:00:00,2.33,63.2,8495,21.9,6.21,121.6
SR-006376,CNC-07,2026-09-26T15:00:00,2.14,63.2,8610,20.8,6.18,119.2
SR-006377,CNC-07,2026-09-26T16:00:00,2.3,62.6,8542,23.2,6.49,117.7
SR-006378,CNC-07,2026-09-26T17:00:00,2.39,63.2,8366,21.8,6.2,122.9
SR-006379,CNC-07,2026-09-26T18:00:00,2.34,62.8,8447,22.5,6.14,117.0
SR-006380,CNC-07,2026-09-26T19:00:00,2.58,61.1,8469,21.1,6.08,122.0
SR-006381,CNC-07,2026-09-26T20:00:00,2.67,61.0,8539,20.8,6.17,120.1
SR-006382,CNC-07,2026-09-26T21:00:00,2.33,62.5,8579,20.9,5.98,123.7
SR-006383,CNC-07,2026-09-26T22:00:00,2.33,60.4,8594,21.4,6.19,119.5
SR-006384,CNC-07,2026-09-26T23:00:00,2.21,61.4,8584,21.8,6.05,114.2
SR-006385,CNC-07,2026-09-27T00:00:00,2.19,61.0,8673,22.8,6.01,118.6
SR-006386,CNC-07,2026-09-27T01:00:00,2.41,61.0,8529,23.2,6.25,123.0
SR-006387,CNC-07,2026-09-27T02:00:00,2.37,61.1,8591,21.2,6.23,118.4
SR-006388,CNC-07,2026-09-27T03:00:00,2.27,60.9,8421,22.7,6.26,121.4
SR-006389,CNC-07,2026-09-27T04:00:00,2.53,62.5,8443,23.7,6.22,116.6
SR-006390,CNC-07,2026-09-27T05:00:00,2.42,60.8,8604,21.7,6.32,121.4
SR-006391,CNC-07,2026-09-27T06:00:00,2.33,61.4,8750,22.0,6.14,118.3
SR-006392,CNC-07,2026-09-27T07:00:00,2.41,61.6,8634,21.5,6.3,114.6
SR-006393,CNC-07,2026-09-27T08:00:00,2.63,62.6,8586,22.0,6.06,119.1
SR-006394,CNC-07,2026-09-27T09:00:00,2.39,62.5,8733,22.1,6.11,121.6
SR-006395,CNC-07,2026-09-27T10:00:00,2.24,63.1,8478,22.2,6.14,119.2
SR-006396,CNC-07,2026-09-27T11:00:00,2.42,62.2,8513,22.5,6.21,113.5
SR-006397,CNC-07,2026-09-27T12:00:00,2.42,63.0,8503,21.1,6.06,118.0
SR-006398,CNC-07,2026-09-27T13:00:00,2.48,63.0,8388,21.7,6.19,121.6
SR-006399,CNC-07,2026-09-27T14:00:00,2.33,62.4,8594,22.7,6.22,120.1
SR-006400,CNC-07,2026-09-27T15:00:00,2.43,63.1,8480,21.2,6.08,116.8
SR-006401,CNC-07,2026-09-27T16:00:00,2.42,62.5,8578,20.8,6.35,121.6
SR-006402,CNC-07,2026-09-27T17:00:00,2.42,61.0,8465,23.3,6.22,117.4
SR-006403,CNC-07,2026-09-27T18:00:00,2.33,62.1,8553,22.7,6.18,116.3
SR-006404,CNC-07,2026-09-27T19:00:00,2.19,61.8,8488,22.2,6.27,120.4
SR-006405,CNC-07,2026-09-27T20:00:00,2.08,61.7,8781,21.4,6.18,115.7
SR-006406,CNC-07,2026-09-27T21:00:00,2.49,60.8,8480,22.6,6.21,118.4
SR-006407,CNC-07,2026-09-27T22:00:00,2.22,60.8,8339,22.5,6.1,116.9
SR-006408,CNC-07,2026-09-27T23:00:00,2.42,59.7,8521,20.2,6.2,119.8
SR-006409,CNC-07,2026-09-28T00:00:00,2.47,62.1,8434,21.6,6.17,118.4
SR-006410,CNC-07,2026-09-28T01:00:00,2.48,60.9,8725,20.7,6.35,118.9
SR-006411,CNC-07,2026-09-28T02:00:00,2.44,62.1,8524,20.6,6.22,115.5
SR-006412,CNC-07,2026-09-28T03:00:00,2.41,60.2,8597,21.1,6.17,120.1
SR-006413,CNC-07,2026-09-28T04:00:00,2.58,61.2,8751,22.8,6.17,115.2
SR-006414,CNC-07,2026-09-28T05:00:00,2.46,61.9,8588,22.6,6.03,116.9
SR-006415,CNC-07,2026-09-28T06:00:00,2.4,60.9,8399,21.4,6.15,116.5
SR-006416,CNC-07,2026-09-28T07:00:00,2.35,61.0,8653,22.6,6.39,115.7
SR-006417,CNC-07,2026-09-28T08:00:00,2.58,62.8,8433,22.1,6.25,117.3
SR-006418,CNC-07,2026-09-28T09:00:00,2.62,62.4,8378,20.1,6.2,116.3
SR-006419,CNC-07,2026-09-28T10:00:00,2.4,62.5,8604,21.4,6.08,121.4
SR-006420,CNC-07,2026-09-28T11:00:00,2.37,62.6,8539,24.1,6.25,114.7
SR-006421,CNC-07,2026-09-28T12:00:00,2.45,63.4,8492,22.1,6.3,120.3
SR-006422,CNC-07,2026-09-28T13:00:00,2.4,62.9,8491,20.6,5.97,117.6
SR-006423,CNC-07,2026-09-28T14:00:00,2.42,63.0,8637,22.6,6.35,114.3
SR-006424,CNC-07,2026-09-28T15:00:00,2.51,63.9,8539,20.4,6.04,118.5
SR-006425,CNC-07,2026-09-28T16:00:00,2.33,64.2,8395,21.8,6.11,119.9
SR-006426,CNC-07,2026-09-28T17:00:00,2.3,62.8,8339,22.3,6.15,119.0
SR-006427,CNC-07,2026-09-28T18:00:00,2.54,61.2,8473,21.8,6.08,120.2
SR-006428,CNC-07,2026-09-28T19:00:00,2.48,61.0,8313,20.4,6.3,124.2
SR-006429,CNC-07,2026-09-28T20:00:00,2.56,62.5,8539,22.4,6.34,117.7
SR-006430,CNC-07,2026-09-28T21:00:00,2.52,60.7,8448,22.8,6.3,115.9
SR-006431,CNC-07,2026-09-28T22:00:00,2.51,61.4,8594,21.8,5.87,120.2
SR-006432,CNC-07,2026-09-28T23:00:00,2.22,59.5,8357,21.1,6.14,118.0
SR-006433,CNC-07,2026-09-29T00:00:00,2.25,59.8,8532,22.9,6.09,119.8
SR-006434,CNC-07,2026-09-29T01:00:00,2.33,59.2,8227,21.4,6.03,119.0
SR-006435,CNC-07,2026-09-29T02:00:00,2.35,61.2,8252,23.5,6.16,121.0
SR-006436,CNC-07,2026-09-29T03:00:00,2.4,61.5,8471,22.7,6.29,115.7
SR-006437,CNC-07,2026-09-29T04:00:00,2.49,61.1,8712,22.6,6.15,120.8
SR-006438,CNC-07,2026-09-29T05:00:00,2.46,61.1,8731,22.7,6.34,118.8
SR-006439,CNC-07,2026-09-29T06:00:00,2.56,62.2,8573,22.3,6.25,118.6
SR-006440,CNC-07,2026-09-29T07:00:00,2.58,61.8,8431,23.2,6.12,119.5
SR-006441,CNC-07,2026-09-29T08:00:00,2.25,63.4,8439,21.9,6.17,121.8
SR-006442,CNC-07,2026-09-29T09:00:00,2.38,62.4,8440,20.3,6.06,117.7
SR-006443,CNC-07,2026-09-29T10:00:00,2.4,61.6,8336,20.9,6.41,120.1
SR-006444,CNC-07,2026-09-29T11:00:00,2.43,62.7,8348,22.0,6.31,121.2
SR-006445,CNC-07,2026-09-29T12:00:00,2.43,62.3,8436,22.0,6.23,115.6
SR-006446,CNC-07,2026-09-29T13:00:00,2.41,63.5,8417,22.9,6.34,116.8
SR-006447,CNC-07,2026-09-29T14:00:00,2.44,62.4,8409,23.0,6.24,118.4
SR-006448,CNC-07,2026-09-29T15:00:00,2.44,63.4,8395,21.3,6.35,121.0
SR-006449,CNC-07,2026-09-29T16:00:00,2.3,62.9,8343,22.0,6.28,119.8
SR-006450,CNC-07,2026-09-29T17:00:00,2.63,61.6,8630,22.0,6.06,118.7
SR-006451,CNC-07,2026-09-29T18:00:00,2.33,62.3,8449,21.8,6.28,120.9
SR-006452,CNC-07,2026-09-29T19:00:00,2.43,61.3,8394,20.9,6.31,117.0
SR-006453,CNC-07,2026-09-29T20:00:00,2.45,61.0,8719,20.9,6.08,117.7
SR-006454,CNC-07,2026-09-29T21:00:00,2.54,61.0,8498,21.7,6.07,119.3
SR-006455,CNC-07,2026-09-29T22:00:00,2.35,60.7,8627,22.4,6.43,122.6
SR-006456,CNC-07,2026-09-29T23:00:00,2.34,60.2,8361,21.7,6.21,120.5
SR-006457,CNC-07,2026-09-30T00:00:00,2.38,60.7,8374,22.0,6.21,116.1
SR-006458,CNC-07,2026-09-30T01:00:00,2.58,61.6,8624,25.0,6.3,117.2
SR-006459,CNC-07,2026-09-30T02:00:00,2.47,61.2,8371,20.6,6.23,113.4
SR-006460,CNC-07,2026-09-30T03:00:00,2.59,60.5,8430,22.7,6.3,116.6
SR-006461,CNC-07,2026-09-30T04:00:00,2.58,60.7,8548,21.0,6.11,121.1
SR-006462,CNC-07,2026-09-30T05:00:00,2.48,62.3,8446,22.0,6.16,119.7
SR-006463,CNC-07,2026-09-30T06:00:00,2.38,62.0,8389,20.2,6.09,117.4
SR-006464,CNC-07,2026-09-30T07:00:00,2.36,60.2,8323,22.6,6.19,118.5
SR-006465,CNC-07,2026-09-30T08:00:00,2.23,61.5,8596,20.0,6.2,117.5
SR-006466,CNC-07,2026-09-30T09:00:00,2.2,62.4,8683,22.3,6.23,117.9
SR-006467,CNC-07,2026-09-30T10:00:00,2.31,63.4,8422,22.6,6.26,118.5
SR-006468,CNC-07,2026-09-30T11:00:00,2.47,63.0,8714,22.5,6.14,117.3
SR-006469,CNC-07,2026-09-30T12:00:00,2.33,62.3,8464,21.1,6.4,117.5
SR-006470,CNC-07,2026-09-30T13:00:00,2.27,63.5,8437,21.7,6.16,121.8
SR-006471,CNC-07,2026-09-30T14:00:00,2.25,62.3,8579,21.1,6.24,115.3
SR-006472,CNC-07,2026-09-30T15:00:00,2.5,61.9,8590,21.2,6.15,121.3
SR-006473,CNC-07,2026-09-30T16:00:00,2.42,61.9,8615,23.0,6.21,119.5
SR-006474,CNC-07,2026-09-30T17:00:00,2.44,62.0,8590,22.4,6.34,116.9
SR-006475,CNC-07,2026-09-30T18:00:00,2.26,62.9,8714,21.9,6.19,117.0
SR-006476,CNC-07,2026-09-30T19:00:00,2.5,61.7,8379,22.5,6.27,118.2
SR-006477,CNC-07,2026-09-30T20:00:00,2.52,61.6,8485,22.9,6.26,119.5
SR-006478,CNC-07,2026-09-30T21:00:00,2.24,60.9,8145,22.3,6.29,120.4
SR-006479,CNC-07,2026-09-30T22:00:00,2.29,61.6,8418,21.7,6.07,117.2
SR-006480,CNC-07,2026-09-30T23:00:00,2.23,60.6,8467,22.6,6.07,114.9
SR-006481,CNC-07,2026-10-01T00:00:00,2.51,60.8,8678,21.2,5.87,116.2
SR-006482,CNC-07,2026-10-01T01:00:00,2.55,61.3,8480,21.8,6.23,116.6
SR-006483,CNC-07,2026-10-01T02:00:00,2.48,59.7,8535,22.1,6.18,119.4
SR-006484,CNC-07,2026-10-01T03:00:00,2.24,61.8,8301,22.0,6.16,117.4
SR-006485,CNC-07,2026-10-01T04:00:00,2.36,61.2,8291,22.1,5.99,118.7
SR-006486,CNC-07,2026-10-01T05:00:00,2.12,61.5,8620,21.5,6.08,116.8
SR-006487,CNC-07,2026-10-01T06:00:00,2.11,62.5,8574,22.1,6.23,119.0
SR-006488,CNC-07,2026-10-01T07:00:00,2.38,63.1,8614,21.9,6.12,120.8
SR-006489,CNC-07,2026-10-01T08:00:00,2.25,62.9,8588,22.3,6.27,119.0
SR-006490,CNC-07,2026-10-01T09:00:00,2.53,62.5,8497,21.9,6.23,116.7
SR-006491,CNC-07,2026-10-01T10:00:00,2.59,62.0,8649,23.3,6.42,119.6
SR-006492,CNC-07,2026-10-01T11:00:00,2.38,63.2,8621,21.2,6.24,119.0
SR-006493,CNC-07,2026-10-01T12:00:00,2.36,63.5,8475,19.3,6.02,115.3
SR-006494,CNC-07,2026-10-01T13:00:00,2.17,63.8,8598,21.8,6.11,116.5
SR-006495,CNC-07,2026-10-01T14:00:00,2.5,61.9,8463,22.6,6.31,118.9
SR-006496,CNC-07,2026-10-01T15:00:00,2.55,62.0,8539,22.7,6.25,118.0
SR-006497,CNC-07,2026-10-01T16:00:00,2.54,64.4,8529,21.9,5.98,117.7
SR-006498,CNC-07,2026-10-01T17:00:00,2.29,62.7,8367,22.9,5.91,113.1
SR-006499,CNC-07,2026-10-01T18:00:00,2.51,62.1,8274,22.2,6.29,120.2
SR-006500,CNC-07,2026-10-01T19:00:00,2.43,62.2,8581,22.4,6.25,122.4
SR-006501,CNC-07,2026-10-01T20:00:00,2.48,61.4,8638,23.2,6.27,119.5
SR-006502,CNC-07,2026-10-01T21:00:00,2.51,61.9,8318,21.5,5.96,114.9
SR-006503,CNC-07,2026-10-01T22:00:00,2.57,61.5,8700,22.6,6.17,112.1
SR-006504,CNC-07,2026-10-01T23:00:00,2.61,61.8,8366,22.4,6.29,117.4
SR-006505,CNC-07,2026-10-02T00:00:00,2.49,61.5,8362,22.5,6.17,119.3
SR-006506,CNC-07,2026-10-02T01:00:00,2.54,61.4,8528,20.9,6.18,119.8
SR-006507,CNC-07,2026-10-02T02:00:00,2.41,61.9,8449,22.7,6.23,117.7
SR-006508,CNC-07,2026-10-02T03:00:00,2.36,62.1,8480,21.1,6.02,113.6
SR-006509,CNC-07,2026-10-02T04:00:00,2.45,60.7,8362,23.7,6.09,122.3
SR-006510,CNC-07,2026-10-02T05:00:00,2.38,60.9,8436,21.0,6.14,120.6
SR-006511,CNC-07,2026-10-02T06:00:00,2.35,61.6,8511,20.4,6.06,120.5
SR-006512,CNC-07,2026-10-02T07:00:00,2.37,62.9,8400,21.0,6.45,115.7
SR-006513,CNC-07,2026-10-02T08:00:00,2.54,62.6,8444,22.5,6.29,119.1
SR-006514,CNC-07,2026-10-02T09:00:00,2.26,62.5,8366,20.7,6.36,118.3
SR-006515,CNC-07,2026-10-02T10:00:00,2.46,62.1,8371,21.2,6.1,115.9
SR-006516,CNC-07,2026-10-02T11:00:00,2.45,61.5,8413,21.6,6.04,116.0
SR-006517,CNC-07,2026-10-02T12:00:00,2.5,63.3,8474,20.3,6.25,119.3
SR-006518,CNC-07,2026-10-02T13:00:00,2.49,64.2,8556,21.6,6.3,119.4
SR-006519,CNC-07,2026-10-02T14:00:00,2.31,63.7,8511,19.5,6.37,115.2
SR-006520,CNC-07,2026-10-02T15:00:00,2.41,61.4,8325,21.6,6.28,118.6
SR-006521,CNC-07,2026-10-02T16:00:00,2.48,62.1,8560,21.2,6.25,119.1
SR-006522,CNC-07,2026-10-02T17:00:00,2.27,61.1,8315,22.0,6.15,114.7
SR-006523,CNC-07,2026-10-02T18:00:00,2.32,61.9,8496,22.6,6.07,114.7
SR-006524,CNC-07,2026-10-02T19:00:00,2.25,61.3,8890,21.9,6.28,115.8
SR-006525,CNC-07,2026-10-02T20:00:00,2.45,63.0,8511,22.2,6.32,118.0
SR-006526,CNC-07,2026-10-02T21:00:00,2.3,62.0,8341,22.0,6.38,118.7
SR-006527,CNC-07,2026-10-02T22:00:00,2.5,60.9,8485,21.0,6.2,116.3
SR-006528,CNC-07,2026-10-02T23:00:00,2.13,61.5,8525,21.4,6.39,117.2
SR-006529,CNC-08,2026-09-17T00:00:00,2.31,60.3,8327,20.8,6.3,117.4
SR-006530,CNC-08,2026-09-17T01:00:00,2.26,59.9,8543,22.0,6.22,117.2
SR-006531,CNC-08,2026-09-17T02:00:00,2.49,61.5,8515,21.3,6.33,118.0
SR-006532,CNC-08,2026-09-17T03:00:00,2.32,61.3,8792,20.8,6.18,113.3
SR-006533,CNC-08,2026-09-17T04:00:00,2.36,60.2,8729,21.9,6.43,117.4
SR-006534,CNC-08,2026-09-17T05:00:00,2.57,61.3,8483,21.4,6.31,117.6
SR-006535,CNC-08,2026-09-17T06:00:00,2.61,62.4,8538,20.0,6.16,119.3
SR-006536,CNC-08,2026-09-17T07:00:00,2.47,61.0,8413,21.4,6.24,119.7
SR-006537,CNC-08,2026-09-17T08:00:00,2.12,62.6,8451,23.2,6.33,122.4
SR-006538,CNC-08,2026-09-17T09:00:00,2.44,62.8,8352,23.0,5.94,120.9
SR-006539,CNC-08,2026-09-17T10:00:00,2.62,64.0,8405,21.2,6.11,114.1
SR-006540,CNC-08,2026-09-17T11:00:00,2.27,63.5,8397,21.4,6.54,119.5
SR-006541,CNC-08,2026-09-17T12:00:00,2.33,61.7,8426,21.7,6.43,116.9
SR-006542,CNC-08,2026-09-17T13:00:00,2.48,62.1,8642,21.3,6.15,118.9
SR-006543,CNC-08,2026-09-17T14:00:00,2.42,63.1,8533,23.1,6.1,121.5
SR-006544,CNC-08,2026-09-17T15:00:00,2.57,62.7,8404,22.9,6.45,116.4
SR-006545,CNC-08,2026-09-17T16:00:00,2.47,62.1,8243,21.7,6.17,117.5
SR-006546,CNC-08,2026-09-17T17:00:00,2.45,63.2,8625,20.8,6.28,120.3
SR-006547,CNC-08,2026-09-17T18:00:00,2.47,61.7,8608,21.4,6.18,116.6
SR-006548,CNC-08,2026-09-17T19:00:00,2.28,60.8,8598,23.6,5.99,119.0
SR-006549,CNC-08,2026-09-17T20:00:00,2.4,62.0,8543,23.2,6.02,115.2
SR-006550,CNC-08,2026-09-17T21:00:00,2.39,60.6,8509,23.3,6.08,121.5
SR-006551,CNC-08,2026-09-17T22:00:00,2.5,60.8,8581,21.7,6.22,113.9
SR-006552,CNC-08,2026-09-17T23:00:00,2.5,60.9,8432,22.1,6.34,119.6
SR-006553,CNC-08,2026-09-18T00:00:00,2.34,62.0,8580,21.5,6.19,116.5
SR-006554,CNC-08,2026-09-18T01:00:00,2.46,60.2,8689,22.9,6.2,115.7
SR-006555,CNC-08,2026-09-18T02:00:00,2.37,61.0,8575,21.8,6.43,123.0
SR-006556,CNC-08,2026-09-18T03:00:00,2.35,61.0,8555,21.9,6.28,117.8
SR-006557,CNC-08,2026-09-18T04:00:00,2.41,62.2,8307,21.7,6.04,114.9
SR-006558,CNC-08,2026-09-18T05:00:00,2.29,62.3,8515,21.8,6.14,119.6
SR-006559,CNC-08,2026-09-18T06:00:00,2.43,62.1,8624,22.5,6.38,117.7
SR-006560,CNC-08,2026-09-18T07:00:00,2.28,63.0,8543,22.0,6.24,115.4
SR-006561,CNC-08,2026-09-18T08:00:00,2.5,61.4,8272,20.8,6.02,120.1
SR-006562,CNC-08,2026-09-18T09:00:00,2.34,63.7,8776,22.6,6.2,118.4
SR-006563,CNC-08,2026-09-18T10:00:00,2.28,62.4,8524,22.1,5.93,118.7
SR-006564,CNC-08,2026-09-18T11:00:00,2.2,64.3,8351,22.1,6.24,116.1
SR-006565,CNC-08,2026-09-18T12:00:00,2.48,62.7,8579,23.2,6.29,118.6
SR-006566,CNC-08,2026-09-18T13:00:00,2.66,63.5,8662,20.4,6.24,117.4
SR-006567,CNC-08,2026-09-18T14:00:00,2.23,63.5,8559,22.2,6.23,114.5
SR-006568,CNC-08,2026-09-18T15:00:00,2.28,62.7,8441,20.4,6.08,115.4
SR-006569,CNC-08,2026-09-18T16:00:00,2.39,61.0,8369,22.8,6.36,115.8
SR-006570,CNC-08,2026-09-18T17:00:00,2.35,62.1,8659,22.5,6.17,113.0
SR-006571,CNC-08,2026-09-18T18:00:00,2.38,62.3,8583,22.2,6.12,115.8
SR-006572,CNC-08,2026-09-18T19:00:00,2.32,62.5,8444,20.9,6.18,117.1
SR-006573,CNC-08,2026-09-18T20:00:00,2.35,62.2,8943,22.4,6.18,120.6
SR-006574,CNC-08,2026-09-18T21:00:00,2.29,60.3,8599,22.5,6.25,117.3
SR-006575,CNC-08,2026-09-18T22:00:00,2.3,61.7,8406,22.5,6.15,117.8
SR-006576,CNC-08,2026-09-18T23:00:00,2.42,62.3,8587,20.7,6.26,116.4
SR-006577,CNC-08,2026-09-19T00:00:00,2.65,62.1,8441,22.0,6.23,123.3
SR-006578,CNC-08,2026-09-19T01:00:00,2.29,59.2,8483,23.2,6.23,116.9
SR-006579,CNC-08,2026-09-19T02:00:00,2.53,60.8,8515,21.1,6.24,119.0
SR-006580,CNC-08,2026-09-19T03:00:00,2.53,61.2,8281,22.1,6.39,119.7
SR-006581,CNC-08,2026-09-19T04:00:00,2.45,61.6,8649,22.0,6.08,117.8
SR-006582,CNC-08,2026-09-19T05:00:00,2.61,61.6,8628,21.8,6.16,116.8
SR-006583,CNC-08,2026-09-19T06:00:00,2.24,62.5,8387,21.2,6.29,119.7
SR-006584,CNC-08,2026-09-19T07:00:00,2.43,62.4,8458,21.3,6.38,119.3
SR-006585,CNC-08,2026-09-19T08:00:00,2.33,62.0,8520,23.6,6.09,118.6
SR-006586,CNC-08,2026-09-19T09:00:00,2.41,62.0,8368,22.7,6.17,117.4
SR-006587,CNC-08,2026-09-19T10:00:00,2.51,63.6,8612,22.3,6.19,119.4
SR-006588,CNC-08,2026-09-19T11:00:00,2.36,62.0,8370,23.7,5.97,118.9
SR-006589,CNC-08,2026-09-19T12:00:00,2.41,62.4,8467,22.3,6.26,119.7
SR-006590,CNC-08,2026-09-19T13:00:00,2.54,63.1,8470,24.0,6.44,114.8
SR-006591,CNC-08,2026-09-19T14:00:00,2.51,61.9,8507,22.4,6.32,121.0
SR-006592,CNC-08,2026-09-19T15:00:00,2.43,62.7,8539,21.1,6.11,113.1
SR-006593,CNC-08,2026-09-19T16:00:00,2.43,61.2,8420,21.4,6.08,118.3
SR-006594,CNC-08,2026-09-19T17:00:00,2.33,63.1,8321,22.4,6.01,115.0
SR-006595,CNC-08,2026-09-19T18:00:00,2.31,61.4,8362,22.3,6.13,117.5
SR-006596,CNC-08,2026-09-19T19:00:00,2.28,61.1,8467,24.0,6.19,119.1
SR-006597,CNC-08,2026-09-19T20:00:00,2.37,60.9,8741,21.6,6.15,117.2
SR-006598,CNC-08,2026-09-19T21:00:00,2.28,63.1,8613,22.6,6.0,119.7
SR-006599,CNC-08,2026-09-19T22:00:00,2.36,61.1,8449,22.5,6.23,116.9
SR-006600,CNC-08,2026-09-19T23:00:00,2.25,60.4,8386,22.5,6.3,115.7
SR-006601,CNC-08,2026-09-20T00:00:00,2.35,60.7,8450,22.5,6.13,117.1
SR-006602,CNC-08,2026-09-20T01:00:00,2.56,59.7,8543,21.1,6.17,116.9
SR-006603,CNC-08,2026-09-20T02:00:00,2.1,60.3,8339,21.2,6.24,116.3
SR-006604,CNC-08,2026-09-20T03:00:00,2.59,60.4,8523,23.1,6.33,116.9
SR-006605,CNC-08,2026-09-20T04:00:00,2.61,63.3,8376,22.4,6.25,116.2
SR-006606,CNC-08,2026-09-20T05:00:00,2.42,61.6,8441,21.8,6.06,114.3
SR-006607,CNC-08,2026-09-20T06:00:00,2.42,62.2,8457,21.5,6.31,119.0
SR-006608,CNC-08,2026-09-20T07:00:00,2.57,61.6,8581,22.4,6.22,113.6
SR-006609,CNC-08,2026-09-20T08:00:00,2.41,62.9,8633,21.9,6.17,118.3
SR-006610,CNC-08,2026-09-20T09:00:00,2.37,62.8,8497,22.9,6.27,115.4
SR-006611,CNC-08,2026-09-20T10:00:00,2.5,63.5,8394,21.2,6.11,118.9
SR-006612,CNC-08,2026-09-20T11:00:00,2.42,64.5,8468,24.1,6.34,118.3
SR-006613,CNC-08,2026-09-20T12:00:00,2.43,62.3,8721,20.5,6.07,118.3
SR-006614,CNC-08,2026-09-20T13:00:00,2.48,63.2,8508,22.2,6.37,116.5
SR-006615,CNC-08,2026-09-20T14:00:00,2.39,63.8,8363,23.0,6.13,117.7
SR-006616,CNC-08,2026-09-20T15:00:00,2.23,61.2,8553,21.8,6.23,115.6
SR-006617,CNC-08,2026-09-20T16:00:00,2.28,63.5,8580,21.6,6.07,120.1
SR-006618,CNC-08,2026-09-20T17:00:00,2.21,61.5,8332,21.7,6.08,116.8
SR-006619,CNC-08,2026-09-20T18:00:00,2.44,61.8,8210,22.5,6.32,118.1
SR-006620,CNC-08,2026-09-20T19:00:00,2.43,63.1,8620,21.5,6.17,116.0
SR-006621,CNC-08,2026-09-20T20:00:00,2.51,63.0,8506,22.5,6.13,120.1
SR-006622,CNC-08,2026-09-20T21:00:00,2.37,61.8,8676,21.5,6.44,118.5
SR-006623,CNC-08,2026-09-20T22:00:00,2.71,61.6,8415,22.0,6.09,115.8
SR-006624,CNC-08,2026-09-20T23:00:00,2.28,60.8,8591,21.7,6.21,119.5
SR-006625,CNC-08,2026-09-21T00:00:00,2.34,61.7,8521,22.5,5.95,115.4
SR-006626,CNC-08,2026-09-21T01:00:00,2.47,60.1,8685,21.2,6.48,122.4
SR-006627,CNC-08,2026-09-21T02:00:00,2.31,62.9,8560,20.7,6.18,117.2
SR-006628,CNC-08,2026-09-21T03:00:00,2.46,61.8,8590,21.2,6.19,118.8
SR-006629,CNC-08,2026-09-21T04:00:00,2.61,61.3,8291,21.9,6.1,118.5
SR-006630,CNC-08,2026-09-21T05:00:00,2.29,62.2,8507,22.7,6.19,120.1
SR-006631,CNC-08,2026-09-21T06:00:00,2.46,62.3,8309,19.5,6.06,119.6
SR-006632,CNC-08,2026-09-21T07:00:00,2.67,63.9,8608,23.1,6.24,120.3
SR-006633,CNC-08,2026-09-21T08:00:00,2.39,61.9,8538,22.0,6.09,122.1
SR-006634,CNC-08,2026-09-21T09:00:00,2.6,63.8,8366,23.7,6.31,118.6
SR-006635,CNC-08,2026-09-21T10:00:00,2.53,62.5,8579,22.1,6.06,118.8
SR-006636,CNC-08,2026-09-21T11:00:00,2.32,64.1,8316,20.3,6.19,117.2
SR-006637,CNC-08,2026-09-21T12:00:00,2.39,62.7,8400,20.4,6.31,112.6
SR-006638,CNC-08,2026-09-21T13:00:00,2.34,63.3,8676,22.0,6.13,117.2
SR-006639,CNC-08,2026-09-21T14:00:00,2.53,62.3,8584,23.7,6.09,120.7
SR-006640,CNC-08,2026-09-21T15:00:00,2.48,62.3,8471,21.5,6.23,117.8
SR-006641,CNC-08,2026-09-21T16:00:00,2.46,61.2,8390,22.6,6.32,119.8
SR-006642,CNC-08,2026-09-21T17:00:00,2.37,61.1,8877,21.1,6.02,115.7
SR-006643,CNC-08,2026-09-21T18:00:00,2.29,61.4,8425,20.6,6.33,116.3
SR-006644,CNC-08,2026-09-21T19:00:00,2.44,60.7,8359,21.0,6.22,120.9
SR-006645,CNC-08,2026-09-21T20:00:00,2.32,61.1,8474,21.8,6.13,120.2
SR-006646,CNC-08,2026-09-21T21:00:00,2.42,61.9,8292,21.2,6.17,115.1
SR-006647,CNC-08,2026-09-21T22:00:00,2.11,60.9,8581,21.0,6.31,120.6
SR-006648,CNC-08,2026-09-21T23:00:00,2.38,61.7,8436,21.4,6.26,115.6
SR-006649,CNC-08,2026-09-22T00:00:00,2.16,60.8,8585,20.9,6.26,118.2
SR-006650,CNC-08,2026-09-22T01:00:00,2.37,59.9,8539,21.8,6.12,118.2
SR-006651,CNC-08,2026-09-22T02:00:00,2.21,61.5,8430,21.3,6.18,115.9
SR-006652,CNC-08,2026-09-22T03:00:00,2.41,61.5,8435,22.6,6.01,119.0
SR-006653,CNC-08,2026-09-22T04:00:00,2.35,61.6,8505,22.5,6.0,119.5
SR-006654,CNC-08,2026-09-22T05:00:00,2.28,60.6,8509,23.0,6.23,121.3
SR-006655,CNC-08,2026-09-22T06:00:00,2.45,61.0,8642,22.2,6.04,116.3
SR-006656,CNC-08,2026-09-22T07:00:00,2.36,62.5,8261,21.4,6.14,117.0
SR-006657,CNC-08,2026-09-22T08:00:00,2.31,63.9,8620,23.0,6.08,121.8
SR-006658,CNC-08,2026-09-22T09:00:00,2.58,62.6,8455,22.4,6.16,113.7
SR-006659,CNC-08,2026-09-22T10:00:00,2.35,63.0,8299,22.0,5.96,117.9
SR-006660,CNC-08,2026-09-22T11:00:00,2.54,62.5,8598,21.6,6.24,117.8
SR-006661,CNC-08,2026-09-22T12:00:00,2.5,63.1,8332,20.8,6.06,113.2
SR-006662,CNC-08,2026-09-22T13:00:00,2.35,63.5,8336,24.3,6.02,122.3
SR-006663,CNC-08,2026-09-22T14:00:00,2.46,62.5,8400,21.1,6.46,115.5
SR-006664,CNC-08,2026-09-22T15:00:00,2.36,61.9,8476,22.0,6.14,118.1
SR-006665,CNC-08,2026-09-22T16:00:00,2.24,62.3,8344,22.4,6.24,119.6
SR-006666,CNC-08,2026-09-22T17:00:00,2.3,61.6,9039,22.4,6.1,118.9
SR-006667,CNC-08,2026-09-22T18:00:00,2.35,61.1,8677,20.4,6.15,119.7
SR-006668,CNC-08,2026-09-22T19:00:00,2.35,61.5,8558,20.6,6.27,116.7
SR-006669,CNC-08,2026-09-22T20:00:00,2.53,61.1,8413,21.3,5.97,119.8
SR-006670,CNC-08,2026-09-22T21:00:00,2.36,61.4,8372,22.4,6.45,119.5
SR-006671,CNC-08,2026-09-22T22:00:00,2.45,60.7,8603,21.9,6.12,115.0
SR-006672,CNC-08,2026-09-22T23:00:00,2.51,60.9,8592,22.9,6.24,120.6
SR-006673,CNC-08,2026-09-23T00:00:00,2.34,60.7,8348,20.4,6.33,118.0
SR-006674,CNC-08,2026-09-23T01:00:00,2.47,60.2,8332,23.1,6.52,118.7
SR-006675,CNC-08,2026-09-23T02:00:00,2.22,61.1,8562,23.3,6.17,117.7
SR-006676,CNC-08,2026-09-23T03:00:00,2.24,61.7,8500,22.2,6.02,119.2
SR-006677,CNC-08,2026-09-23T04:00:00,2.26,61.4,8510,22.6,6.11,116.0
SR-006678,CNC-08,2026-09-23T05:00:00,2.64,60.7,8384,22.7,6.07,120.2
SR-006679,CNC-08,2026-09-23T06:00:00,2.42,62.2,8630,20.9,6.19,119.0
SR-006680,CNC-08,2026-09-23T07:00:00,2.51,61.6,8456,22.0,6.12,116.1
SR-006681,CNC-08,2026-09-23T08:00:00,2.42,60.7,8572,20.7,6.35,117.4
SR-006682,CNC-08,2026-09-23T09:00:00,2.21,63.7,8421,21.4,6.38,120.2
SR-006683,CNC-08,2026-09-23T10:00:00,2.3,63.3,8444,21.1,6.05,119.1
SR-006684,CNC-08,2026-09-23T11:00:00,2.5,64.9,8465,22.1,5.96,120.7
SR-006685,CNC-08,2026-09-23T12:00:00,2.41,62.0,8607,21.8,6.28,120.0
SR-006686,CNC-08,2026-09-23T13:00:00,2.28,62.5,8425,22.1,6.21,118.2
SR-006687,CNC-08,2026-09-23T14:00:00,2.37,64.4,8623,22.4,6.24,117.7
SR-006688,CNC-08,2026-09-23T15:00:00,2.3,62.4,8440,22.5,6.36,117.2
SR-006689,CNC-08,2026-09-23T16:00:00,2.43,62.0,8272,21.0,6.28,125.6
SR-006690,CNC-08,2026-09-23T17:00:00,2.69,61.3,8515,21.2,5.96,118.2
SR-006691,CNC-08,2026-09-23T18:00:00,2.1,62.3,8494,20.0,6.43,118.4
SR-006692,CNC-08,2026-09-23T19:00:00,2.22,61.7,8619,22.4,6.32,118.6
SR-006693,CNC-08,2026-09-23T20:00:00,2.17,61.4,8314,21.6,6.42,115.4
SR-006694,CNC-08,2026-09-23T21:00:00,2.26,60.0,8435,22.2,6.22,121.3
SR-006695,CNC-08,2026-09-23T22:00:00,2.4,61.2,8395,22.5,6.17,116.8
SR-006696,CNC-08,2026-09-23T23:00:00,2.42,61.9,8428,20.6,6.01,116.0
SR-006697,CNC-08,2026-09-24T00:00:00,2.32,61.3,8709,20.4,5.91,119.7
SR-006698,CNC-08,2026-09-24T01:00:00,2.32,62.4,8790,23.7,6.27,114.3
SR-006699,CNC-08,2026-09-24T02:00:00,2.29,61.1,8501,23.5,6.57,112.4
SR-006700,CNC-08,2026-09-24T03:00:00,2.39,62.0,8563,20.3,6.24,120.1
SR-006701,CNC-08,2026-09-24T04:00:00,2.4,61.8,8580,21.8,6.03,117.8
SR-006702,CNC-08,2026-09-24T05:00:00,2.55,61.7,8371,21.4,6.17,117.2
SR-006703,CNC-08,2026-09-24T06:00:00,2.27,63.4,8563,23.5,6.46,114.6
SR-006704,CNC-08,2026-09-24T07:00:00,2.38,62.4,8406,22.7,6.2,115.0
SR-006705,CNC-08,2026-09-24T08:00:00,2.29,61.6,8333,23.0,6.35,114.1
SR-006706,CNC-08,2026-09-24T09:00:00,2.41,61.4,8378,21.5,6.17,121.8
SR-006707,CNC-08,2026-09-24T10:00:00,2.47,62.7,8604,22.5,6.11,115.4
SR-006708,CNC-08,2026-09-24T11:00:00,2.4,63.1,8621,21.3,6.11,118.5
SR-006709,CNC-08,2026-09-24T12:00:00,2.5,63.3,8622,22.9,5.94,120.7
SR-006710,CNC-08,2026-09-24T13:00:00,2.49,61.8,8555,21.4,6.08,116.0
SR-006711,CNC-08,2026-09-24T14:00:00,2.23,62.4,8425,21.9,6.22,115.0
SR-006712,CNC-08,2026-09-24T15:00:00,2.3,63.3,8582,21.0,6.24,122.8
SR-006713,CNC-08,2026-09-24T16:00:00,2.45,62.7,8413,22.6,6.13,117.5
SR-006714,CNC-08,2026-09-24T17:00:00,2.39,64.0,8651,20.9,6.23,117.8
SR-006715,CNC-08,2026-09-24T18:00:00,2.37,62.3,8744,21.4,6.23,115.4
SR-006716,CNC-08,2026-09-24T19:00:00,2.54,61.3,8555,21.5,6.2,117.2
SR-006717,CNC-08,2026-09-24T20:00:00,2.3,62.6,8451,21.4,6.29,120.3
SR-006718,CNC-08,2026-09-24T21:00:00,2.36,60.0,8496,22.3,6.26,118.1
SR-006719,CNC-08,2026-09-24T22:00:00,2.34,61.1,8705,21.4,6.23,119.6
SR-006720,CNC-08,2026-09-24T23:00:00,2.25,62.4,8642,23.2,6.12,117.3
SR-006721,CNC-08,2026-09-25T00:00:00,2.59,62.3,8643,22.9,6.08,122.6
SR-006722,CNC-08,2026-09-25T01:00:00,2.42,60.7,8639,23.5,6.14,115.2
SR-006723,CNC-08,2026-09-25T02:00:00,2.49,60.9,8478,22.1,6.05,117.2
SR-006724,CNC-08,2026-09-25T03:00:00,2.39,62.8,8640,21.7,6.39,114.9
SR-006725,CNC-08,2026-09-25T04:00:00,2.57,61.9,8492,21.6,6.21,117.0
SR-006726,CNC-08,2026-09-25T05:00:00,2.35,61.6,8532,21.5,5.98,116.8
SR-006727,CNC-08,2026-09-25T06:00:00,2.35,62.5,8483,21.0,6.07,118.4
SR-006728,CNC-08,2026-09-25T07:00:00,2.6,62.0,8658,20.0,6.31,121.1
SR-006729,CNC-08,2026-09-25T08:00:00,2.44,61.1,8332,20.5,6.04,116.7
SR-006730,CNC-08,2026-09-25T09:00:00,2.38,63.2,8417,22.3,6.24,114.4
SR-006731,CNC-08,2026-09-25T10:00:00,2.25,61.0,8476,20.5,6.1,119.9
SR-006732,CNC-08,2026-09-25T11:00:00,2.45,62.3,8552,23.1,6.23,120.6
SR-006733,CNC-08,2026-09-25T12:00:00,2.43,64.1,8485,21.8,6.24,113.2
SR-006734,CNC-08,2026-09-25T13:00:00,2.19,63.7,8559,22.1,6.27,114.9
SR-006735,CNC-08,2026-09-25T14:00:00,2.32,63.6,8476,23.1,6.06,120.6
SR-006736,CNC-08,2026-09-25T15:00:00,2.23,62.8,8258,23.8,6.28,116.3
SR-006737,CNC-08,2026-09-25T16:00:00,2.52,61.7,8573,21.5,6.37,117.0
SR-006738,CNC-08,2026-09-25T17:00:00,2.45,63.1,8674,22.4,6.13,118.2
SR-006739,CNC-08,2026-09-25T18:00:00,2.35,60.9,8290,22.0,6.27,119.8
SR-006740,CNC-08,2026-09-25T19:00:00,2.59,61.1,8377,22.1,6.15,116.0
SR-006741,CNC-08,2026-09-25T20:00:00,2.51,60.0,8498,19.9,6.21,116.6
SR-006742,CNC-08,2026-09-25T21:00:00,2.44,62.5,8258,20.6,5.91,120.5
SR-006743,CNC-08,2026-09-25T22:00:00,2.35,61.3,8710,22.8,6.3,116.8
SR-006744,CNC-08,2026-09-25T23:00:00,2.51,60.7,8524,21.7,6.12,113.5
SR-006745,CNC-08,2026-09-26T00:00:00,2.29,60.7,8652,22.6,6.26,115.9
SR-006746,CNC-08,2026-09-26T01:00:00,2.33,61.1,8491,22.4,6.23,114.5
SR-006747,CNC-08,2026-09-26T02:00:00,2.44,62.3,8493,22.4,6.13,119.8
SR-006748,CNC-08,2026-09-26T03:00:00,2.5,61.3,8571,23.0,6.16,117.5
SR-006749,CNC-08,2026-09-26T04:00:00,2.43,61.3,8290,21.2,6.07,119.3
SR-006750,CNC-08,2026-09-26T05:00:00,2.39,61.1,8786,22.3,6.12,116.2
SR-006751,CNC-08,2026-09-26T06:00:00,2.29,60.9,8498,21.2,6.11,120.7
SR-006752,CNC-08,2026-09-26T07:00:00,2.35,60.7,8480,21.3,6.24,117.6
SR-006753,CNC-08,2026-09-26T08:00:00,2.49,62.5,8493,22.3,6.14,117.6
SR-006754,CNC-08,2026-09-26T09:00:00,2.68,63.5,8461,22.4,6.11,117.0
SR-006755,CNC-08,2026-09-26T10:00:00,2.38,62.4,8695,21.1,6.26,116.3
SR-006756,CNC-08,2026-09-26T11:00:00,2.3,62.9,8498,21.3,6.09,115.1
SR-006757,CNC-08,2026-09-26T12:00:00,2.57,62.9,8523,23.7,6.18,115.7
SR-006758,CNC-08,2026-09-26T13:00:00,2.29,63.1,8692,21.8,6.46,116.8
SR-006759,CNC-08,2026-09-26T14:00:00,2.49,61.4,8592,22.4,6.22,112.8
SR-006760,CNC-08,2026-09-26T15:00:00,2.37,63.5,8470,21.5,6.11,117.7
SR-006761,CNC-08,2026-09-26T16:00:00,2.39,61.5,8477,21.6,6.24,120.3
SR-006762,CNC-08,2026-09-26T17:00:00,2.43,61.6,8651,21.7,6.18,117.9
SR-006763,CNC-08,2026-09-26T18:00:00,2.4,62.1,8314,23.0,6.16,113.3
SR-006764,CNC-08,2026-09-26T19:00:00,2.19,61.4,8570,21.2,6.26,115.2
SR-006765,CNC-08,2026-09-26T20:00:00,2.66,60.8,8633,23.1,5.9,110.4
SR-006766,CNC-08,2026-09-26T21:00:00,2.45,60.3,8545,22.8,5.99,120.3
SR-006767,CNC-08,2026-09-26T22:00:00,2.2,61.7,8369,22.0,6.05,118.8
SR-006768,CNC-08,2026-09-26T23:00:00,2.49,61.7,8460,23.5,6.36,112.9
SR-006769,CNC-08,2026-09-27T00:00:00,2.37,62.1,8360,22.8,6.26,116.4
SR-006770,CNC-08,2026-09-27T01:00:00,2.4,60.1,8579,21.7,6.18,115.4
SR-006771,CNC-08,2026-09-27T02:00:00,2.43,60.5,8713,24.0,6.16,115.3
SR-006772,CNC-08,2026-09-27T03:00:00,2.61,59.8,8616,21.7,6.18,117.7
SR-006773,CNC-08,2026-09-27T04:00:00,2.28,61.9,8472,21.8,6.03,120.8
SR-006774,CNC-08,2026-09-27T05:00:00,2.6,59.8,8252,20.9,6.26,116.6
SR-006775,CNC-08,2026-09-27T06:00:00,2.41,63.0,8490,22.6,6.23,117.4
SR-006776,CNC-08,2026-09-27T07:00:00,2.39,62.1,8290,23.3,6.02,119.3
SR-006777,CNC-08,2026-09-27T08:00:00,2.57,62.1,8571,21.1,6.23,118.9
SR-006778,CNC-08,2026-09-27T09:00:00,2.5,62.6,8405,21.4,6.43,120.4
SR-006779,CNC-08,2026-09-27T10:00:00,2.5,64.1,8591,22.0,6.28,112.8
SR-006780,CNC-08,2026-09-27T11:00:00,2.43,63.0,8557,20.0,6.08,122.5
SR-006781,CNC-08,2026-09-27T12:00:00,2.35,62.4,8510,22.0,6.29,119.7
SR-006782,CNC-08,2026-09-27T13:00:00,2.33,62.2,8492,21.5,6.52,119.1
SR-006783,CNC-08,2026-09-27T14:00:00,2.42,62.2,8383,21.9,6.05,119.8
SR-006784,CNC-08,2026-09-27T15:00:00,2.35,62.9,8605,21.4,6.07,114.2
SR-006785,CNC-08,2026-09-27T16:00:00,2.41,62.0,8512,21.7,6.14,117.5
SR-006786,CNC-08,2026-09-27T17:00:00,2.45,63.4,8629,21.9,6.16,117.4
SR-006787,CNC-08,2026-09-27T18:00:00,2.23,62.2,8635,23.7,6.44,119.2
SR-006788,CNC-08,2026-09-27T19:00:00,2.3,62.2,8709,20.0,6.21,115.1
SR-006789,CNC-08,2026-09-27T20:00:00,2.27,62.5,8454,22.5,6.14,118.8
SR-006790,CNC-08,2026-09-27T21:00:00,2.61,60.9,8389,22.7,6.37,117.1
SR-006791,CNC-08,2026-09-27T22:00:00,2.45,61.9,8385,20.7,6.2,119.8
SR-006792,CNC-08,2026-09-27T23:00:00,2.51,61.6,8269,21.3,6.2,115.4
SR-006793,CNC-08,2026-09-28T00:00:00,2.42,61.2,8510,21.8,6.13,112.8
SR-006794,CNC-08,2026-09-28T01:00:00,2.33,60.8,8379,22.8,6.11,118.4
SR-006795,CNC-08,2026-09-28T02:00:00,2.34,60.5,8299,21.2,6.24,118.7
SR-006796,CNC-08,2026-09-28T03:00:00,2.44,61.1,8397,21.8,6.52,118.2
SR-006797,CNC-08,2026-09-28T04:00:00,2.33,60.7,8420,20.6,6.09,117.5
SR-006798,CNC-08,2026-09-28T05:00:00,2.39,62.5,8389,21.7,6.41,115.8
SR-006799,CNC-08,2026-09-28T06:00:00,2.53,62.8,8529,21.2,6.49,122.3
SR-006800,CNC-08,2026-09-28T07:00:00,2.39,60.9,8579,22.4,6.07,116.8
SR-006801,CNC-08,2026-09-28T08:00:00,2.47,63.5,8707,21.7,6.52,117.1
SR-006802,CNC-08,2026-09-28T09:00:00,2.54,62.7,8367,21.2,6.36,116.6
SR-006803,CNC-08,2026-09-28T10:00:00,2.33,63.9,8565,22.7,6.32,118.9
SR-006804,CNC-08,2026-09-28T11:00:00,2.38,63.4,8635,21.6,6.31,116.1
SR-006805,CNC-08,2026-09-28T12:00:00,2.34,64.1,8396,21.2,6.31,116.3
SR-006806,CNC-08,2026-09-28T13:00:00,2.44,63.3,8473,21.4,6.31,115.6
SR-006807,CNC-08,2026-09-28T14:00:00,2.4,63.7,8460,23.0,6.08,118.7
SR-006808,CNC-08,2026-09-28T15:00:00,2.41,62.1,8378,21.8,6.39,118.0
SR-006809,CNC-08,2026-09-28T16:00:00,2.32,62.6,8604,22.8,6.18,117.8
SR-006810,CNC-08,2026-09-28T17:00:00,2.46,62.1,8353,21.7,6.05,120.6
SR-006811,CNC-08,2026-09-28T18:00:00,2.57,63.2,8227,21.6,6.23,116.3
SR-006812,CNC-08,2026-09-28T19:00:00,2.59,63.0,8470,22.1,6.34,115.7
SR-006813,CNC-08,2026-09-28T20:00:00,2.28,61.5,8545,20.9,6.3,118.4
SR-006814,CNC-08,2026-09-28T21:00:00,2.49,60.8,8678,22.4,6.24,119.7
SR-006815,CNC-08,2026-09-28T22:00:00,2.37,62.8,8344,23.0,6.19,119.9
SR-006816,CNC-08,2026-09-28T23:00:00,2.28,60.2,8299,20.9,6.32,114.6
SR-006817,CNC-08,2026-09-29T00:00:00,2.49,61.6,8162,23.4,6.22,118.8
SR-006818,CNC-08,2026-09-29T01:00:00,2.46,61.8,8364,23.4,6.15,117.4
SR-006819,CNC-08,2026-09-29T02:00:00,2.36,60.8,8460,22.8,6.14,117.3
SR-006820,CNC-08,2026-09-29T03:00:00,2.33,60.8,8472,21.2,5.96,115.5
SR-006821,CNC-08,2026-09-29T04:00:00,2.48,60.6,8236,21.2,6.38,118.8
SR-006822,CNC-08,2026-09-29T05:00:00,2.32,62.4,8562,22.2,6.26,120.1
SR-006823,CNC-08,2026-09-29T06:00:00,2.24,62.7,8122,22.1,6.37,120.5
SR-006824,CNC-08,2026-09-29T07:00:00,2.48,62.6,8579,21.9,6.31,118.7
SR-006825,CNC-08,2026-09-29T08:00:00,2.49,63.2,8605,21.7,6.31,119.3
SR-006826,CNC-08,2026-09-29T09:00:00,2.48,62.4,8607,22.4,6.2,121.0
SR-006827,CNC-08,2026-09-29T10:00:00,2.39,63.9,8410,21.2,6.16,115.7
SR-006828,CNC-08,2026-09-29T11:00:00,2.45,62.3,8408,23.4,6.28,119.9
SR-006829,CNC-08,2026-09-29T12:00:00,2.41,63.5,8562,24.3,6.07,116.8
SR-006830,CNC-08,2026-09-29T13:00:00,2.38,63.4,8447,22.7,6.18,117.8
SR-006831,CNC-08,2026-09-29T14:00:00,2.49,62.0,8459,21.2,6.17,121.9
SR-006832,CNC-08,2026-09-29T15:00:00,2.54,62.5,8595,21.2,6.09,117.0
SR-006833,CNC-08,2026-09-29T16:00:00,2.24,63.4,8534,22.4,6.23,120.0
SR-006834,CNC-08,2026-09-29T17:00:00,2.46,63.2,8383,22.1,6.11,118.7
SR-006835,CNC-08,2026-09-29T18:00:00,2.47,60.6,8592,22.0,6.22,118.4
SR-006836,CNC-08,2026-09-29T19:00:00,2.52,63.6,8618,21.3,6.37,121.6
SR-006837,CNC-08,2026-09-29T20:00:00,2.33,62.0,8543,22.7,6.33,115.5
SR-006838,CNC-08,2026-09-29T21:00:00,2.54,59.3,8528,22.2,6.24,114.9
SR-006839,CNC-08,2026-09-29T22:00:00,2.38,60.8,8657,22.2,6.15,119.0
SR-006840,CNC-08,2026-09-29T23:00:00,2.37,60.4,8406,21.6,6.15,119.5
SR-006841,CNC-08,2026-09-30T00:00:00,2.62,60.7,8541,22.0,6.07,121.8
SR-006842,CNC-08,2026-09-30T01:00:00,2.49,61.6,8293,22.7,6.01,117.8
SR-006843,CNC-08,2026-09-30T02:00:00,2.44,62.5,8621,21.6,5.97,114.2
SR-006844,CNC-08,2026-09-30T03:00:00,2.08,60.9,8337,23.5,6.07,121.0
SR-006845,CNC-08,2026-09-30T04:00:00,2.34,62.5,8560,20.8,6.13,120.8
SR-006846,CNC-08,2026-09-30T05:00:00,2.38,60.2,8423,22.0,6.14,119.8
SR-006847,CNC-08,2026-09-30T06:00:00,2.27,62.2,8310,21.4,6.3,117.1
SR-006848,CNC-08,2026-09-30T07:00:00,2.55,63.2,8428,23.2,6.3,115.3
SR-006849,CNC-08,2026-09-30T08:00:00,2.59,62.4,8593,24.0,6.38,118.0
SR-006850,CNC-08,2026-09-30T09:00:00,2.4,62.4,8474,22.0,6.17,119.5
SR-006851,CNC-08,2026-09-30T10:00:00,2.55,62.0,8672,20.0,6.13,117.7
SR-006852,CNC-08,2026-09-30T11:00:00,2.57,61.4,8541,21.7,6.16,118.1
SR-006853,CNC-08,2026-09-30T12:00:00,2.31,62.6,8639,21.6,6.44,121.2
SR-006854,CNC-08,2026-09-30T13:00:00,2.35,62.8,8397,21.4,6.19,119.3
SR-006855,CNC-08,2026-09-30T14:00:00,2.32,63.7,8363,21.2,6.37,119.4
SR-006856,CNC-08,2026-09-30T15:00:00,2.34,62.5,8425,22.5,6.29,120.6
SR-006857,CNC-08,2026-09-30T16:00:00,2.51,62.2,8545,21.2,6.11,117.7
SR-006858,CNC-08,2026-09-30T17:00:00,2.72,61.0,8382,22.1,6.38,117.3
SR-006859,CNC-08,2026-09-30T18:00:00,2.53,62.1,8410,22.6,6.17,113.9
SR-006860,CNC-08,2026-09-30T19:00:00,2.45,62.6,8527,22.6,6.31,119.1
SR-006861,CNC-08,2026-09-30T20:00:00,2.44,60.8,8657,22.9,6.25,120.7
SR-006862,CNC-08,2026-09-30T21:00:00,2.31,60.8,8406,22.1,6.18,114.5
SR-006863,CNC-08,2026-09-30T22:00:00,2.38,60.9,8706,22.0,6.3,117.9
SR-006864,CNC-08,2026-09-30T23:00:00,2.53,62.4,8389,21.6,6.13,113.8
SR-006865,CNC-08,2026-10-01T00:00:00,2.52,60.9,8656,21.7,6.03,117.0
SR-006866,CNC-08,2026-10-01T01:00:00,2.37,60.9,8432,20.2,6.14,116.4
SR-006867,CNC-08,2026-10-01T02:00:00,2.51,62.7,8629,21.7,6.41,115.1
SR-006868,CNC-08,2026-10-01T03:00:00,2.61,61.1,8398,20.6,6.16,121.1
SR-006869,CNC-08,2026-10-01T04:00:00,2.33,60.3,8315,23.1,6.17,115.2
SR-006870,CNC-08,2026-10-01T05:00:00,2.31,60.9,8485,21.6,6.13,115.7
SR-006871,CNC-08,2026-10-01T06:00:00,2.53,61.6,8508,21.6,6.36,118.6
SR-006872,CNC-08,2026-10-01T07:00:00,2.41,62.8,8426,20.7,6.25,115.1
SR-006873,CNC-08,2026-10-01T08:00:00,2.23,62.9,8596,23.4,6.09,118.3
SR-006874,CNC-08,2026-10-01T09:00:00,2.46,63.1,8540,22.4,6.01,118.0
SR-006875,CNC-08,2026-10-01T10:00:00,2.09,63.3,8504,23.6,6.26,119.5
SR-006876,CNC-08,2026-10-01T11:00:00,2.36,63.3,8686,23.0,6.08,116.8
SR-006877,CNC-08,2026-10-01T12:00:00,2.56,63.0,8421,23.4,6.44,119.2
SR-006878,CNC-08,2026-10-01T13:00:00,2.51,64.6,8363,21.4,5.94,117.9
SR-006879,CNC-08,2026-10-01T14:00:00,2.18,61.7,8485,22.3,6.3,119.4
SR-006880,CNC-08,2026-10-01T15:00:00,2.37,62.3,8624,22.0,6.3,118.6
SR-006881,CNC-08,2026-10-01T16:00:00,2.33,62.9,8572,22.6,6.11,119.3
SR-006882,CNC-08,2026-10-01T17:00:00,2.54,62.1,8659,24.0,6.38,122.3
SR-006883,CNC-08,2026-10-01T18:00:00,2.34,61.2,8486,21.9,5.88,116.8
SR-006884,CNC-08,2026-10-01T19:00:00,2.42,62.2,8449,23.7,6.4,115.9
SR-006885,CNC-08,2026-10-01T20:00:00,2.35,61.7,8587,23.3,6.22,116.8
SR-006886,CNC-08,2026-10-01T21:00:00,2.46,61.2,8520,20.9,6.34,119.2
SR-006887,CNC-08,2026-10-01T22:00:00,2.41,62.3,8459,22.2,6.09,116.6
SR-006888,CNC-08,2026-10-01T23:00:00,2.29,60.6,8573,21.6,6.45,119.2
SR-006889,CNC-08,2026-10-02T00:00:00,2.43,61.4,8443,21.9,6.28,117.1
SR-006890,CNC-08,2026-10-02T01:00:00,2.33,61.9,8384,22.5,6.17,116.9
SR-006891,CNC-08,2026-10-02T02:00:00,2.6,59.8,8544,22.3,6.08,116.2
SR-006892,CNC-08,2026-10-02T03:00:00,2.31,62.1,8506,21.8,6.47,117.4
SR-006893,CNC-08,2026-10-02T04:00:00,2.35,62.5,8336,20.7,6.43,117.1
SR-006894,CNC-08,2026-10-02T05:00:00,2.47,62.9,8388,22.6,6.09,116.1
SR-006895,CNC-08,2026-10-02T06:00:00,2.68,62.0,8389,21.8,6.1,116.8
SR-006896,CNC-08,2026-10-02T07:00:00,2.28,62.9,8585,21.2,6.24,120.7
SR-006897,CNC-08,2026-10-02T08:00:00,2.51,62.2,8378,22.9,6.22,121.7
SR-006898,CNC-08,2026-10-02T09:00:00,2.56,62.2,8390,20.7,6.08,115.3
SR-006899,CNC-08,2026-10-02T10:00:00,2.24,63.4,8572,22.7,6.11,115.8
SR-006900,CNC-08,2026-10-02T11:00:00,2.31,62.5,8543,20.5,6.12,114.7
SR-006901,CNC-08,2026-10-02T12:00:00,2.69,62.0,8570,21.9,6.31,120.5
SR-006902,CNC-08,2026-10-02T13:00:00,2.41,62.8,8348,21.3,6.15,114.7
SR-006903,CNC-08,2026-10-02T14:00:00,2.41,63.3,8432,21.5,6.15,118.5
SR-006904,CNC-08,2026-10-02T15:00:00,2.51,61.8,8622,21.8,6.1,122.9
SR-006905,CNC-08,2026-10-02T16:00:00,2.4,62.6,8469,22.4,6.24,117.7
SR-006906,CNC-08,2026-10-02T17:00:00,2.56,62.0,8473,21.8,6.13,118.9
SR-006907,CNC-08,2026-10-02T18:00:00,2.29,62.0,8406,22.6,6.07,120.5
SR-006908,CNC-08,2026-10-02T19:00:00,2.44,61.7,8388,21.9,6.02,121.1
SR-006909,CNC-08,2026-10-02T20:00:00,2.39,61.9,8568,22.6,6.24,116.6
SR-006910,CNC-08,2026-10-02T21:00:00,2.4,61.1,8529,23.7,6.16,121.7
SR-006911,CNC-08,2026-10-02T22:00:00,2.29,60.5,8643,22.5,6.28,118.6
SR-006912,CNC-08,2026-10-02T23:00:00,2.47,59.4,8769,20.9,6.3,116.6
SR-006913,PKG-01,2026-09-17T00:00:00,2.7,49.3,1370,15.3,0.0,3.2
SR-006914,PKG-01,2026-09-17T01:00:00,2.54,48.0,1402,14.5,0.0,3.1
SR-006915,PKG-01,2026-09-17T02:00:00,2.71,47.7,1361,15.1,0.0,3.1
SR-006916,PKG-01,2026-09-17T03:00:00,2.92,49.5,1386,14.8,0.0,3.3
SR-006917,PKG-01,2026-09-17T04:00:00,2.91,50.1,1382,15.9,0.0,3.2
SR-006918,PKG-01,2026-09-17T05:00:00,2.7,50.2,1409,15.1,0.0,3.2
SR-006919,PKG-01,2026-09-17T06:00:00,2.63,49.4,1404,15.5,0.0,3.2
SR-006920,PKG-01,2026-09-17T07:00:00,2.85,50.6,1436,15.6,0.0,3.2
SR-006921,PKG-01,2026-09-17T08:00:00,2.81,51.7,1416,14.9,0.0,3.2
SR-006922,PKG-01,2026-09-17T09:00:00,2.85,49.8,1418,15.2,0.0,3.2
SR-006923,PKG-01,2026-09-17T10:00:00,2.86,50.3,1390,14.4,0.0,3.2
SR-006924,PKG-01,2026-09-17T11:00:00,2.79,50.8,1363,15.7,0.0,3.2
SR-006925,PKG-01,2026-09-17T12:00:00,2.84,51.9,1413,14.8,0.0,3.2
SR-006926,PKG-01,2026-09-17T13:00:00,2.77,50.4,1379,14.7,0.0,3.3
SR-006927,PKG-01,2026-09-17T14:00:00,2.72,51.2,1396,14.5,0.0,3.2
SR-006928,PKG-01,2026-09-17T15:00:00,2.93,52.1,1408,15.5,0.0,3.2
SR-006929,PKG-01,2026-09-17T16:00:00,2.78,50.6,1405,14.4,0.0,3.1
SR-006930,PKG-01,2026-09-17T17:00:00,2.86,48.9,1406,14.6,0.0,3.3
SR-006931,PKG-01,2026-09-17T18:00:00,2.87,50.8,1405,15.0,0.0,3.2
SR-006932,PKG-01,2026-09-17T19:00:00,2.76,50.2,1382,14.0,0.0,3.1
SR-006933,PKG-01,2026-09-17T20:00:00,2.68,49.8,1398,14.2,0.0,3.2
SR-006934,PKG-01,2026-09-17T21:00:00,2.83,48.8,1385,14.9,0.0,3.3
SR-006935,PKG-01,2026-09-17T22:00:00,2.78,47.9,1395,15.4,0.0,3.1
SR-006936,PKG-01,2026-09-17T23:00:00,2.9,48.6,1450,14.9,0.0,3.2
SR-006937,PKG-01,2026-09-18T00:00:00,3.0,50.6,1386,15.0,0.0,3.1
SR-006938,PKG-01,2026-09-18T01:00:00,2.97,49.6,1400,14.1,0.0,3.2
SR-006939,PKG-01,2026-09-18T02:00:00,2.98,49.4,1397,16.1,0.0,3.2
SR-006940,PKG-01,2026-09-18T03:00:00,2.74,49.9,1418,14.3,0.0,3.2
SR-006941,PKG-01,2026-09-18T04:00:00,2.72,50.7,1379,15.6,0.0,3.2
SR-006942,PKG-01,2026-09-18T05:00:00,2.68,49.0,1374,14.9,0.0,3.3
SR-006943,PKG-01,2026-09-18T06:00:00,2.85,50.8,1371,15.1,0.0,3.3
SR-006944,PKG-01,2026-09-18T07:00:00,2.79,50.4,1429,14.4,0.0,3.2
SR-006945,PKG-01,2026-09-18T08:00:00,2.69,51.3,1391,15.4,0.0,3.1
SR-006946,PKG-01,2026-09-18T09:00:00,2.81,50.3,1402,15.6,0.0,3.3
SR-006947,PKG-01,2026-09-18T10:00:00,2.84,50.5,1384,15.7,0.0,3.3
SR-006948,PKG-01,2026-09-18T11:00:00,2.8,51.3,1391,14.5,0.0,3.2
SR-006949,PKG-01,2026-09-18T12:00:00,2.92,49.9,1382,14.9,0.0,3.3
SR-006950,PKG-01,2026-09-18T13:00:00,2.62,50.5,1396,15.7,0.0,3.2
SR-006951,PKG-01,2026-09-18T14:00:00,2.82,51.8,1432,14.5,0.0,3.1
SR-006952,PKG-01,2026-09-18T15:00:00,2.89,49.1,1437,15.7,0.0,3.2
SR-006953,PKG-01,2026-09-18T16:00:00,2.83,49.8,1418,15.8,0.0,3.3
SR-006954,PKG-01,2026-09-18T17:00:00,2.75,49.7,1360,16.2,0.0,3.2
SR-006955,PKG-01,2026-09-18T18:00:00,2.93,50.9,1430,15.1,0.0,3.3
SR-006956,PKG-01,2026-09-18T19:00:00,2.87,50.1,1398,15.2,0.0,3.1
SR-006957,PKG-01,2026-09-18T20:00:00,2.77,49.5,1411,15.0,0.0,3.3
SR-006958,PKG-01,2026-09-18T21:00:00,2.86,48.9,1391,15.3,0.0,3.3
SR-006959,PKG-01,2026-09-18T22:00:00,2.76,48.6,1382,14.9,0.0,3.1
SR-006960,PKG-01,2026-09-18T23:00:00,2.89,49.8,1400,15.3,0.0,3.1
SR-006961,PKG-01,2026-09-19T00:00:00,2.91,48.6,1424,14.2,0.0,3.2
SR-006962,PKG-01,2026-09-19T01:00:00,2.73,50.4,1368,14.3,0.0,3.2
SR-006963,PKG-01,2026-09-19T02:00:00,2.66,47.6,1391,14.4,0.0,3.1
SR-006964,PKG-01,2026-09-19T03:00:00,2.76,50.5,1390,14.6,0.0,3.1
SR-006965,PKG-01,2026-09-19T04:00:00,2.9,50.0,1394,14.8,0.0,3.2
SR-006966,PKG-01,2026-09-19T05:00:00,2.87,50.0,1381,15.0,0.0,3.3
SR-006967,PKG-01,2026-09-19T06:00:00,2.9,48.1,1370,14.9,0.0,3.1
SR-006968,PKG-01,2026-09-19T07:00:00,2.76,52.0,1414,15.7,0.0,3.2
SR-006969,PKG-01,2026-09-19T08:00:00,2.8,50.2,1430,16.2,0.0,3.3
SR-006970,PKG-01,2026-09-19T09:00:00,2.56,49.8,1379,16.1,0.0,3.1
SR-006971,PKG-01,2026-09-19T10:00:00,2.83,52.1,1373,15.9,0.0,3.1
SR-006972,PKG-01,2026-09-19T11:00:00,2.71,51.0,1431,13.9,0.0,3.3
SR-006973,PKG-01,2026-09-19T12:00:00,2.84,50.7,1392,14.4,0.0,3.1
SR-006974,PKG-01,2026-09-19T13:00:00,2.7,51.8,1395,15.2,0.0,3.3
SR-006975,PKG-01,2026-09-19T14:00:00,2.62,52.3,1380,14.9,0.0,3.1
SR-006976,PKG-01,2026-09-19T15:00:00,2.8,50.9,1394,15.0,0.0,3.3
SR-006977,PKG-01,2026-09-19T16:00:00,2.8,50.6,1411,14.2,0.0,3.2
SR-006978,PKG-01,2026-09-19T17:00:00,2.81,50.5,1370,15.3,0.0,3.2
SR-006979,PKG-01,2026-09-19T18:00:00,2.76,50.6,1440,13.8,0.0,3.0
SR-006980,PKG-01,2026-09-19T19:00:00,3.02,50.1,1428,14.6,0.0,3.2
SR-006981,PKG-01,2026-09-19T20:00:00,2.61,49.9,1403,15.6,0.0,3.1
SR-006982,PKG-01,2026-09-19T21:00:00,2.9,47.5,1395,14.8,0.0,3.1
SR-006983,PKG-01,2026-09-19T22:00:00,2.85,48.7,1432,15.1,0.0,3.2
SR-006984,PKG-01,2026-09-19T23:00:00,2.85,48.4,1363,16.1,0.0,3.3
SR-006985,PKG-01,2026-09-20T00:00:00,2.93,49.3,1418,14.8,0.0,3.2
SR-006986,PKG-01,2026-09-20T01:00:00,2.98,50.4,1404,14.3,0.0,3.2
SR-006987,PKG-01,2026-09-20T02:00:00,2.71,49.2,1406,16.2,0.0,3.2
SR-006988,PKG-01,2026-09-20T03:00:00,2.74,49.5,1355,14.9,0.0,3.2
SR-006989,PKG-01,2026-09-20T04:00:00,2.7,49.2,1397,15.1,0.0,3.3
SR-006990,PKG-01,2026-09-20T05:00:00,2.87,49.8,1392,15.6,0.0,3.1
SR-006991,PKG-01,2026-09-20T06:00:00,2.82,49.8,1416,14.4,0.0,3.2
SR-006992,PKG-01,2026-09-20T07:00:00,2.9,50.4,1398,14.4,0.0,3.2
SR-006993,PKG-01,2026-09-20T08:00:00,2.82,51.3,1427,15.5,0.0,3.2
SR-006994,PKG-01,2026-09-20T09:00:00,2.73,50.0,1402,14.8,0.0,3.2
SR-006995,PKG-01,2026-09-20T10:00:00,2.79,51.8,1390,14.6,0.0,3.3
SR-006996,PKG-01,2026-09-20T11:00:00,2.91,51.4,1351,15.4,0.0,3.2
SR-006997,PKG-01,2026-09-20T12:00:00,3.04,50.3,1377,15.8,0.0,3.2
SR-006998,PKG-01,2026-09-20T13:00:00,2.92,51.3,1400,16.0,0.0,3.2
SR-006999,PKG-01,2026-09-20T14:00:00,2.94,50.7,1383,14.3,0.0,3.2
SR-007000,PKG-01,2026-09-20T15:00:00,2.91,51.7,1394,14.6,0.0,3.1
SR-007001,PKG-01,2026-09-20T16:00:00,2.8,49.9,1368,14.3,0.0,3.2
SR-007002,PKG-01,2026-09-20T17:00:00,2.87,50.2,1396,15.1,0.0,3.1
SR-007003,PKG-01,2026-09-20T18:00:00,2.91,49.3,1388,15.6,0.0,3.2
SR-007004,PKG-01,2026-09-20T19:00:00,2.72,50.7,1357,15.0,0.0,3.2
SR-007005,PKG-01,2026-09-20T20:00:00,2.78,49.3,1382,14.9,0.0,3.2
SR-007006,PKG-01,2026-09-20T21:00:00,2.74,50.0,1364,15.0,0.0,3.2
SR-007007,PKG-01,2026-09-20T22:00:00,2.7,49.3,1399,15.8,0.0,3.3
SR-007008,PKG-01,2026-09-20T23:00:00,2.53,49.1,1433,14.9,0.0,3.2
SR-007009,PKG-01,2026-09-21T00:00:00,2.51,49.6,1395,15.8,0.0,3.2
SR-007010,PKG-01,2026-09-21T01:00:00,2.81,49.4,1411,14.7,0.0,3.2
SR-007011,PKG-01,2026-09-21T02:00:00,2.75,49.5,1374,15.7,0.0,3.3
SR-007012,PKG-01,2026-09-21T03:00:00,2.67,49.9,1406,14.9,0.0,3.1
SR-007013,PKG-01,2026-09-21T04:00:00,2.66,48.4,1398,15.0,0.0,3.2
SR-007014,PKG-01,2026-09-21T05:00:00,3.07,49.8,1387,15.1,0.0,3.3
SR-007015,PKG-01,2026-09-21T06:00:00,2.86,50.8,1390,14.8,0.0,3.1
SR-007016,PKG-01,2026-09-21T07:00:00,2.86,49.8,1399,14.5,0.0,3.2
SR-007017,PKG-01,2026-09-21T08:00:00,2.9,50.2,1360,14.8,0.0,3.2
SR-007018,PKG-01,2026-09-21T09:00:00,2.76,50.6,1397,15.5,0.0,3.2
SR-007019,PKG-01,2026-09-21T10:00:00,2.6,51.0,1402,14.4,0.0,3.2
SR-007020,PKG-01,2026-09-21T11:00:00,2.85,50.5,1374,14.4,0.0,3.3
SR-007021,PKG-01,2026-09-21T12:00:00,2.93,50.3,1414,14.2,0.0,3.3
SR-007022,PKG-01,2026-09-21T13:00:00,2.8,50.5,1397,14.8,0.0,3.2
SR-007023,PKG-01,2026-09-21T14:00:00,2.76,51.3,1389,14.1,0.0,3.3
SR-007024,PKG-01,2026-09-21T15:00:00,2.7,50.8,1368,14.9,0.0,3.2
SR-007025,PKG-01,2026-09-21T16:00:00,2.86,52.0,1441,14.7,0.0,3.1
SR-007026,PKG-01,2026-09-21T17:00:00,2.82,50.2,1419,15.4,0.0,3.3
SR-007027,PKG-01,2026-09-21T18:00:00,2.88,49.9,1430,13.9,0.0,3.3
SR-007028,PKG-01,2026-09-21T19:00:00,2.93,51.1,1399,15.1,0.0,3.3
SR-007029,PKG-01,2026-09-21T20:00:00,2.74,50.3,1380,14.9,0.0,3.2
SR-007030,PKG-01,2026-09-21T21:00:00,2.75,49.1,1420,16.2,0.0,3.2
SR-007031,PKG-01,2026-09-21T22:00:00,2.79,49.2,1421,16.1,0.0,3.0
SR-007032,PKG-01,2026-09-21T23:00:00,2.76,49.4,1395,15.4,0.0,3.2
SR-007033,PKG-01,2026-09-22T00:00:00,2.7,48.8,1407,15.2,0.0,3.0
SR-007034,PKG-01,2026-09-22T01:00:00,2.71,47.7,1391,14.6,0.0,3.2
SR-007035,PKG-01,2026-09-22T02:00:00,2.68,50.9,1445,14.0,0.0,3.2
SR-007036,PKG-01,2026-09-22T03:00:00,2.82,47.7,1400,16.1,0.0,3.2
SR-007037,PKG-01,2026-09-22T04:00:00,2.73,49.9,1403,14.2,0.0,3.2
SR-007038,PKG-01,2026-09-22T05:00:00,2.76,49.3,1432,14.6,0.0,3.3
SR-007039,PKG-01,2026-09-22T06:00:00,2.71,50.8,1368,15.0,0.0,3.3
SR-007040,PKG-01,2026-09-22T07:00:00,2.71,49.7,1383,15.4,0.0,3.3
SR-007041,PKG-01,2026-09-22T08:00:00,2.86,51.1,1401,15.4,0.0,3.2
SR-007042,PKG-01,2026-09-22T09:00:00,2.94,50.7,1379,15.6,0.0,3.1
SR-007043,PKG-01,2026-09-22T10:00:00,2.93,51.7,1373,15.2,0.0,3.2
SR-007044,PKG-01,2026-09-22T11:00:00,2.58,50.7,1392,14.6,0.0,3.2
SR-007045,PKG-01,2026-09-22T12:00:00,2.76,50.2,1409,14.9,0.0,3.2
SR-007046,PKG-01,2026-09-22T13:00:00,2.67,50.8,1386,14.4,0.0,3.1
SR-007047,PKG-01,2026-09-22T14:00:00,2.91,50.6,1437,15.1,0.0,3.1
SR-007048,PKG-01,2026-09-22T15:00:00,2.83,50.4,1421,14.7,0.0,3.1
SR-007049,PKG-01,2026-09-22T16:00:00,2.74,50.4,1378,15.6,0.0,3.3
SR-007050,PKG-01,2026-09-22T17:00:00,2.74,50.3,1407,14.5,0.0,3.3
SR-007051,PKG-01,2026-09-22T18:00:00,3.0,50.5,1394,14.1,0.0,3.2
SR-007052,PKG-01,2026-09-22T19:00:00,2.94,50.0,1420,14.6,0.0,3.3
SR-007053,PKG-01,2026-09-22T20:00:00,2.68,49.5,1390,15.1,0.0,3.2
SR-007054,PKG-01,2026-09-22T21:00:00,2.86,49.0,1373,14.5,0.0,3.1
SR-007055,PKG-01,2026-09-22T22:00:00,2.79,49.5,1398,16.4,0.0,3.3
SR-007056,PKG-01,2026-09-22T23:00:00,2.73,49.2,1395,16.2,0.0,3.2
SR-007057,PKG-01,2026-09-23T00:00:00,2.71,48.2,1418,14.7,0.0,3.4
SR-007058,PKG-01,2026-09-23T01:00:00,2.77,49.6,1431,15.6,0.0,3.3
SR-007059,PKG-01,2026-09-23T02:00:00,2.72,48.5,1383,14.4,0.0,3.4
SR-007060,PKG-01,2026-09-23T03:00:00,2.87,50.2,1402,14.5,0.0,3.3
SR-007061,PKG-01,2026-09-23T04:00:00,2.76,49.5,1373,15.2,0.0,3.3
SR-007062,PKG-01,2026-09-23T05:00:00,2.94,49.8,1387,15.3,0.0,3.2
SR-007063,PKG-01,2026-09-23T06:00:00,2.61,50.4,1386,15.0,0.0,3.2
SR-007064,PKG-01,2026-09-23T07:00:00,2.94,51.2,1396,14.6,0.0,3.2
SR-007065,PKG-01,2026-09-23T08:00:00,2.72,50.9,1428,14.5,0.0,3.2
SR-007066,PKG-01,2026-09-23T09:00:00,2.65,50.5,1398,14.8,0.0,3.2
SR-007067,PKG-01,2026-09-23T10:00:00,2.82,50.5,1375,14.9,0.0,3.2
SR-007068,PKG-01,2026-09-23T11:00:00,2.91,51.5,1420,15.5,0.0,3.3
SR-007069,PKG-01,2026-09-23T12:00:00,2.88,51.5,1406,14.9,0.0,3.2
SR-007070,PKG-01,2026-09-23T13:00:00,2.8,51.3,1352,15.0,0.0,3.3
SR-007071,PKG-01,2026-09-23T14:00:00,2.79,48.5,1419,15.4,0.0,3.2
SR-007072,PKG-01,2026-09-23T15:00:00,2.72,50.9,1411,15.3,0.0,3.2
SR-007073,PKG-01,2026-09-23T16:00:00,3.03,50.5,1431,15.6,0.0,3.2
SR-007074,PKG-01,2026-09-23T17:00:00,2.75,51.4,1399,14.7,0.0,3.3
SR-007075,PKG-01,2026-09-23T18:00:00,2.69,49.2,1400,15.9,0.0,3.2
SR-007076,PKG-01,2026-09-23T19:00:00,2.58,50.1,1395,14.8,0.0,3.2
SR-007077,PKG-01,2026-09-23T20:00:00,2.94,50.2,1393,15.0,0.0,3.2
SR-007078,PKG-01,2026-09-23T21:00:00,2.97,50.2,1377,15.8,0.0,3.1
SR-007079,PKG-01,2026-09-23T22:00:00,2.75,49.3,1420,14.4,0.0,3.2
SR-007080,PKG-01,2026-09-23T23:00:00,2.71,50.0,1412,15.0,0.0,3.2
SR-007081,PKG-01,2026-09-24T00:00:00,2.97,48.8,1370,14.6,0.0,3.2
SR-007082,PKG-01,2026-09-24T01:00:00,2.84,48.4,1406,15.8,0.0,3.1
SR-007083,PKG-01,2026-09-24T02:00:00,2.85,48.8,1409,15.8,0.0,3.3
SR-007084,PKG-01,2026-09-24T03:00:00,2.81,49.5,1398,14.6,0.0,3.1
SR-007085,PKG-01,2026-09-24T04:00:00,2.94,49.6,1412,14.8,0.0,3.2
SR-007086,PKG-01,2026-09-24T05:00:00,2.66,50.0,1385,15.7,0.0,3.3
SR-007087,PKG-01,2026-09-24T06:00:00,2.77,50.7,1398,15.2,0.0,3.2
SR-007088,PKG-01,2026-09-24T07:00:00,2.85,50.5,1400,14.9,0.0,3.2
SR-007089,PKG-01,2026-09-24T08:00:00,2.78,49.7,1416,14.7,0.0,3.3
SR-007090,PKG-01,2026-09-24T09:00:00,2.63,50.0,1375,16.1,0.0,3.2
SR-007091,PKG-01,2026-09-24T10:00:00,2.81,51.3,1385,15.1,0.0,3.3
SR-007092,PKG-01,2026-09-24T11:00:00,2.78,49.5,1426,14.6,0.0,3.3
SR-007093,PKG-01,2026-09-24T12:00:00,2.82,51.4,1426,15.9,0.0,3.3
SR-007094,PKG-01,2026-09-24T13:00:00,2.97,49.3,1410,14.7,0.0,3.2
SR-007095,PKG-01,2026-09-24T14:00:00,2.92,51.4,1406,16.2,0.0,3.3
SR-007096,PKG-01,2026-09-24T15:00:00,2.53,50.9,1413,14.9,0.0,3.2
SR-007097,PKG-01,2026-09-24T16:00:00,2.88,51.6,1359,15.4,0.0,3.2
SR-007098,PKG-01,2026-09-24T17:00:00,2.94,50.6,1378,14.7,0.0,3.1
SR-007099,PKG-01,2026-09-24T18:00:00,2.93,49.1,1392,15.3,0.0,3.2
SR-007100,PKG-01,2026-09-24T19:00:00,2.78,50.2,1455,14.9,0.0,3.3
SR-007101,PKG-01,2026-09-24T20:00:00,2.77,48.8,1406,15.1,0.0,3.3
SR-007102,PKG-01,2026-09-24T21:00:00,2.69,48.4,1404,15.2,0.0,3.3
SR-007103,PKG-01,2026-09-24T22:00:00,2.73,48.4,1374,14.8,0.0,3.2
SR-007104,PKG-01,2026-09-24T23:00:00,2.88,49.4,1396,15.6,0.0,3.2
SR-007105,PKG-01,2026-09-25T00:00:00,2.69,49.9,1378,15.4,0.0,3.2
SR-007106,PKG-01,2026-09-25T01:00:00,2.73,48.5,1401,16.1,0.0,3.2
SR-007107,PKG-01,2026-09-25T02:00:00,2.99,48.8,1409,15.1,0.0,3.1
SR-007108,PKG-01,2026-09-25T03:00:00,2.78,49.9,1391,14.0,0.0,3.2
SR-007109,PKG-01,2026-09-25T04:00:00,2.7,48.7,1367,14.4,0.0,3.1
SR-007110,PKG-01,2026-09-25T05:00:00,2.8,48.8,1368,14.2,0.0,3.2
SR-007111,PKG-01,2026-09-25T06:00:00,2.86,49.7,1367,15.5,0.0,3.3
SR-007112,PKG-01,2026-09-25T07:00:00,2.76,50.5,1411,15.1,0.0,3.2
SR-007113,PKG-01,2026-09-25T08:00:00,2.76,51.0,1433,15.0,0.0,3.2
SR-007114,PKG-01,2026-09-25T09:00:00,2.6,50.4,1421,16.0,0.0,3.1
SR-007115,PKG-01,2026-09-25T10:00:00,2.86,51.1,1402,14.9,0.0,3.2
SR-007116,PKG-01,2026-09-25T11:00:00,2.87,49.2,1425,14.2,0.0,3.0
SR-007117,PKG-01,2026-09-25T12:00:00,2.81,50.6,1383,14.7,0.0,3.2
SR-007118,PKG-01,2026-09-25T13:00:00,2.71,49.9,1379,15.9,0.0,3.2
SR-007119,PKG-01,2026-09-25T14:00:00,2.84,52.5,1380,14.5,0.0,3.1
SR-007120,PKG-01,2026-09-25T15:00:00,2.96,52.4,1396,15.2,0.0,3.3
SR-007121,PKG-01,2026-09-25T16:00:00,2.81,50.7,1381,15.1,0.0,3.2
SR-007122,PKG-01,2026-09-25T17:00:00,2.8,49.0,1407,13.8,0.0,3.2
SR-007123,PKG-01,2026-09-25T18:00:00,2.9,51.3,1424,15.6,0.0,3.2
SR-007124,PKG-01,2026-09-25T19:00:00,2.93,49.9,1402,14.5,0.0,3.1
SR-007125,PKG-01,2026-09-25T20:00:00,2.85,48.6,1375,14.3,0.0,3.2
SR-007126,PKG-01,2026-09-25T21:00:00,2.85,50.2,1417,15.7,0.0,3.3
SR-007127,PKG-01,2026-09-25T22:00:00,2.83,49.5,1414,16.0,0.0,3.2
SR-007128,PKG-01,2026-09-25T23:00:00,2.83,48.8,1383,15.5,0.0,3.2
SR-007129,PKG-01,2026-09-26T00:00:00,2.83,49.9,1365,15.2,0.0,3.2
SR-007130,PKG-01,2026-09-26T01:00:00,2.71,47.9,1418,16.2,0.0,3.1
SR-007131,PKG-01,2026-09-26T02:00:00,2.62,50.3,1406,15.3,0.0,3.2
SR-007132,PKG-01,2026-09-26T03:00:00,2.8,49.5,1396,15.9,0.0,3.3
SR-007133,PKG-01,2026-09-26T04:00:00,2.88,49.6,1442,14.9,0.0,3.3
SR-007134,PKG-01,2026-09-26T05:00:00,2.72,49.3,1378,15.2,0.0,3.3
SR-007135,PKG-01,2026-09-26T06:00:00,2.83,49.7,1400,14.7,0.0,3.2
SR-007136,PKG-01,2026-09-26T07:00:00,2.46,50.5,1411,15.1,0.0,3.2
SR-007137,PKG-01,2026-09-26T08:00:00,2.9,50.0,1444,16.6,0.0,3.2
SR-007138,PKG-01,2026-09-26T09:00:00,2.73,51.0,1392,15.0,0.0,3.3
SR-007139,PKG-01,2026-09-26T10:00:00,2.72,51.3,1381,13.4,0.0,3.2
SR-007140,PKG-01,2026-09-26T11:00:00,2.76,51.7,1409,14.5,0.0,3.3
SR-007141,PKG-01,2026-09-26T12:00:00,2.98,49.2,1442,16.2,0.0,3.2
SR-007142,PKG-01,2026-09-26T13:00:00,2.69,50.6,1408,15.5,0.0,3.2
SR-007143,PKG-01,2026-09-26T14:00:00,2.96,50.5,1367,14.5,0.0,3.1
SR-007144,PKG-01,2026-09-26T15:00:00,2.84,51.5,1378,15.4,0.0,3.2
SR-007145,PKG-01,2026-09-26T16:00:00,2.67,51.1,1383,16.0,0.0,3.2
SR-007146,PKG-01,2026-09-26T17:00:00,2.69,51.1,1381,13.8,0.0,3.3
SR-007147,PKG-01,2026-09-26T18:00:00,2.89,50.6,1390,14.8,0.0,3.2
SR-007148,PKG-01,2026-09-26T19:00:00,2.69,49.7,1386,13.8,0.0,3.1
SR-007149,PKG-01,2026-09-26T20:00:00,2.9,48.9,1428,15.3,0.0,3.2
SR-007150,PKG-01,2026-09-26T21:00:00,3.24,49.6,1387,14.8,0.0,3.2
SR-007151,PKG-01,2026-09-26T22:00:00,2.92,49.8,1440,15.0,0.0,3.2
SR-007152,PKG-01,2026-09-26T23:00:00,2.72,50.7,1362,14.5,0.0,3.3
SR-007153,PKG-01,2026-09-27T00:00:00,2.67,49.2,1422,15.9,0.0,3.2
SR-007154,PKG-01,2026-09-27T01:00:00,3.0,49.7,1438,14.5,0.0,3.2
SR-007155,PKG-01,2026-09-27T02:00:00,2.79,49.5,1396,14.7,0.0,3.2
SR-007156,PKG-01,2026-09-27T03:00:00,2.95,49.2,1406,15.5,0.0,3.1
SR-007157,PKG-01,2026-09-27T04:00:00,3.01,50.1,1374,14.7,0.0,3.2
SR-007158,PKG-01,2026-09-27T05:00:00,2.98,50.6,1398,15.2,0.0,3.2
SR-007159,PKG-01,2026-09-27T06:00:00,2.82,51.3,1392,15.6,0.0,3.2
SR-007160,PKG-01,2026-09-27T07:00:00,2.9,50.6,1387,14.9,0.0,3.1
SR-007161,PKG-01,2026-09-27T08:00:00,3.05,50.6,1402,15.7,0.0,3.1
SR-007162,PKG-01,2026-09-27T09:00:00,2.68,50.2,1402,15.1,0.0,3.2
SR-007163,PKG-01,2026-09-27T10:00:00,2.79,51.9,1386,14.3,0.0,3.3
SR-007164,PKG-01,2026-09-27T11:00:00,2.56,51.4,1386,13.9,0.0,3.1
SR-007165,PKG-01,2026-09-27T12:00:00,2.91,49.5,1419,15.0,0.0,3.2
SR-007166,PKG-01,2026-09-27T13:00:00,2.67,50.7,1422,14.4,0.0,3.2
SR-007167,PKG-01,2026-09-27T14:00:00,2.75,50.9,1365,15.7,0.0,3.1
SR-007168,PKG-01,2026-09-27T15:00:00,2.78,51.2,1418,15.4,0.0,3.3
SR-007169,PKG-01,2026-09-27T16:00:00,2.71,51.2,1415,14.8,0.0,3.2
SR-007170,PKG-01,2026-09-27T17:00:00,2.73,50.8,1385,15.4,0.0,3.2
SR-007171,PKG-01,2026-09-27T18:00:00,2.86,48.6,1389,15.3,0.0,3.3
SR-007172,PKG-01,2026-09-27T19:00:00,2.74,49.7,1437,16.3,0.0,3.2
SR-007173,PKG-01,2026-09-27T20:00:00,2.69,50.5,1399,15.4,0.0,3.2
SR-007174,PKG-01,2026-09-27T21:00:00,2.9,49.4,1346,15.1,0.0,3.2
SR-007175,PKG-01,2026-09-27T22:00:00,2.92,49.7,1411,14.3,0.0,3.3
SR-007176,PKG-01,2026-09-27T23:00:00,2.81,49.6,1392,15.5,0.0,3.1
SR-007177,PKG-01,2026-09-28T00:00:00,2.94,49.5,1371,15.2,0.0,3.3
SR-007178,PKG-01,2026-09-28T01:00:00,2.73,49.0,1410,14.7,0.0,3.2
SR-007179,PKG-01,2026-09-28T02:00:00,2.75,51.2,1385,15.6,0.0,3.1
SR-007180,PKG-01,2026-09-28T03:00:00,3.0,48.3,1405,16.1,0.0,3.3
SR-007181,PKG-01,2026-09-28T04:00:00,2.97,49.2,1354,15.7,0.0,3.2
SR-007182,PKG-01,2026-09-28T05:00:00,2.87,50.1,1403,15.5,0.0,3.2
SR-007183,PKG-01,2026-09-28T06:00:00,2.71,50.3,1396,15.3,0.0,3.4
SR-007184,PKG-01,2026-09-28T07:00:00,2.76,50.0,1385,15.3,0.0,3.2
SR-007185,PKG-01,2026-09-28T08:00:00,2.74,50.8,1430,14.0,0.0,3.1
SR-007186,PKG-01,2026-09-28T09:00:00,2.68,51.1,1390,15.3,0.0,3.1
SR-007187,PKG-01,2026-09-28T10:00:00,2.43,49.7,1424,15.2,0.0,3.2
SR-007188,PKG-01,2026-09-28T11:00:00,2.63,50.1,1422,15.8,0.0,3.3
SR-007189,PKG-01,2026-09-28T12:00:00,2.81,50.8,1405,15.1,0.0,3.3
SR-007190,PKG-01,2026-09-28T13:00:00,2.73,50.7,1412,15.2,0.0,3.3
SR-007191,PKG-01,2026-09-28T14:00:00,2.82,50.9,1401,14.9,0.0,3.2
SR-007192,PKG-01,2026-09-28T15:00:00,2.86,49.7,1383,14.9,0.0,3.3
SR-007193,PKG-01,2026-09-28T16:00:00,2.97,51.1,1409,15.0,0.0,3.3
SR-007194,PKG-01,2026-09-28T17:00:00,2.91,49.7,1419,14.8,0.0,3.2
SR-007195,PKG-01,2026-09-28T18:00:00,2.74,50.1,1407,14.7,0.0,3.1
SR-007196,PKG-01,2026-09-28T19:00:00,2.81,50.3,1376,14.8,0.0,3.3
SR-007197,PKG-01,2026-09-28T20:00:00,2.84,49.5,1426,14.1,0.0,3.3
SR-007198,PKG-01,2026-09-28T21:00:00,2.92,49.5,1397,15.0,0.0,3.2
SR-007199,PKG-01,2026-09-28T22:00:00,2.91,49.1,1402,14.7,0.0,3.3
SR-007200,PKG-01,2026-09-28T23:00:00,2.96,48.8,1395,15.2,0.0,3.3
SR-007201,PKG-01,2026-09-29T00:00:00,2.86,49.9,1381,13.9,0.0,3.2
SR-007202,PKG-01,2026-09-29T01:00:00,2.86,48.0,1426,14.4,0.0,3.1
SR-007203,PKG-01,2026-09-29T02:00:00,2.71,48.1,1424,15.4,0.0,3.3
SR-007204,PKG-01,2026-09-29T03:00:00,2.73,51.2,1380,14.1,0.0,3.1
SR-007205,PKG-01,2026-09-29T04:00:00,2.64,49.3,1401,15.6,0.0,3.2
SR-007206,PKG-01,2026-09-29T05:00:00,2.68,52.2,1407,14.5,0.0,3.3
SR-007207,PKG-01,2026-09-29T06:00:00,2.83,49.0,1413,15.3,0.0,3.2
SR-007208,PKG-01,2026-09-29T07:00:00,2.81,49.7,1382,14.8,0.0,3.2
SR-007209,PKG-01,2026-09-29T08:00:00,2.87,50.7,1405,16.2,0.0,3.2
SR-007210,PKG-01,2026-09-29T09:00:00,2.76,51.7,1415,15.2,0.0,3.2
SR-007211,PKG-01,2026-09-29T10:00:00,2.72,50.8,1405,15.3,0.0,3.1
SR-007212,PKG-01,2026-09-29T11:00:00,2.79,49.8,1407,14.7,0.0,3.2
SR-007213,PKG-01,2026-09-29T12:00:00,2.68,51.3,1430,14.9,0.0,3.2
SR-007214,PKG-01,2026-09-29T13:00:00,2.66,50.7,1358,15.3,0.0,3.2
SR-007215,PKG-01,2026-09-29T14:00:00,2.73,50.0,1419,13.9,0.0,3.2
SR-007216,PKG-01,2026-09-29T15:00:00,2.61,50.4,1386,15.5,0.0,3.3
SR-007217,PKG-01,2026-09-29T16:00:00,2.89,51.2,1406,15.5,0.0,3.2
SR-007218,PKG-01,2026-09-29T17:00:00,2.78,51.1,1400,15.8,0.0,3.2
SR-007219,PKG-01,2026-09-29T18:00:00,2.84,50.1,1405,14.8,0.0,3.2
SR-007220,PKG-01,2026-09-29T19:00:00,2.67,48.9,1396,15.2,0.0,3.2
SR-007221,PKG-01,2026-09-29T20:00:00,2.88,49.6,1385,15.2,0.0,3.2
SR-007222,PKG-01,2026-09-29T21:00:00,2.72,49.2,1440,14.5,0.0,3.2
SR-007223,PKG-01,2026-09-29T22:00:00,2.68,48.7,1419,14.9,0.0,3.3
SR-007224,PKG-01,2026-09-29T23:00:00,2.62,47.6,1410,14.3,0.0,3.3
SR-007225,PKG-01,2026-09-30T00:00:00,2.75,48.4,1397,14.8,0.0,3.1
SR-007226,PKG-01,2026-09-30T01:00:00,2.87,48.5,1391,15.1,0.0,3.2
SR-007227,PKG-01,2026-09-30T02:00:00,2.94,50.0,1396,15.8,0.0,3.3
SR-007228,PKG-01,2026-09-30T03:00:00,2.74,50.2,1421,14.7,0.0,3.2
SR-007229,PKG-01,2026-09-30T04:00:00,2.86,49.5,1426,15.8,0.0,3.3
SR-007230,PKG-01,2026-09-30T05:00:00,2.77,50.0,1405,15.5,0.0,3.2
SR-007231,PKG-01,2026-09-30T06:00:00,2.98,49.5,1376,14.7,0.0,3.2
SR-007232,PKG-01,2026-09-30T07:00:00,2.81,49.0,1400,15.0,0.0,3.0
SR-007233,PKG-01,2026-09-30T08:00:00,2.7,51.9,1398,14.9,0.0,3.2
SR-007234,PKG-01,2026-09-30T09:00:00,2.75,52.0,1375,14.3,0.0,3.2
SR-007235,PKG-01,2026-09-30T10:00:00,2.62,50.8,1378,15.0,0.0,3.2
SR-007236,PKG-01,2026-09-30T11:00:00,2.67,51.0,1373,15.7,0.0,3.1
SR-007237,PKG-01,2026-09-30T12:00:00,2.75,50.4,1423,15.6,0.0,3.2
SR-007238,PKG-01,2026-09-30T13:00:00,2.88,50.4,1385,14.8,0.0,3.3
SR-007239,PKG-01,2026-09-30T14:00:00,2.79,50.6,1414,14.5,0.0,3.1
SR-007240,PKG-01,2026-09-30T15:00:00,2.78,51.0,1438,14.4,0.0,3.2
SR-007241,PKG-01,2026-09-30T16:00:00,2.64,48.9,1412,14.8,0.0,3.2
SR-007242,PKG-01,2026-09-30T17:00:00,2.63,50.4,1398,15.2,0.0,3.2
SR-007243,PKG-01,2026-09-30T18:00:00,2.86,49.3,1405,14.5,0.0,3.2
SR-007244,PKG-01,2026-09-30T19:00:00,2.77,49.2,1400,14.7,0.0,3.1
SR-007245,PKG-01,2026-09-30T20:00:00,2.91,50.0,1375,15.5,0.0,3.2
SR-007246,PKG-01,2026-09-30T21:00:00,2.95,48.9,1394,14.6,0.0,3.2
SR-007247,PKG-01,2026-09-30T22:00:00,2.84,48.8,1401,14.4,0.0,3.2
SR-007248,PKG-01,2026-09-30T23:00:00,2.82,49.0,1380,13.9,0.0,3.2
SR-007249,PKG-01,2026-10-01T00:00:00,2.83,48.5,1390,14.9,0.0,3.2
SR-007250,PKG-01,2026-10-01T01:00:00,2.62,48.6,1386,15.5,0.0,3.2
SR-007251,PKG-01,2026-10-01T02:00:00,2.59,48.7,1377,14.4,0.0,3.3
SR-007252,PKG-01,2026-10-01T03:00:00,2.81,50.2,1405,15.6,0.0,3.2
SR-007253,PKG-01,2026-10-01T04:00:00,2.88,51.0,1428,14.5,0.0,3.3
SR-007254,PKG-01,2026-10-01T05:00:00,2.77,49.4,1386,14.1,0.0,3.2
SR-007255,PKG-01,2026-10-01T06:00:00,2.64,51.2,1404,15.0,0.0,3.1
SR-007256,PKG-01,2026-10-01T07:00:00,2.78,50.4,1443,14.5,0.0,3.3
SR-007257,PKG-01,2026-10-01T08:00:00,2.89,50.4,1406,16.2,0.0,3.2
SR-007258,PKG-01,2026-10-01T09:00:00,2.95,50.1,1362,14.9,0.0,3.2
SR-007259,PKG-01,2026-10-01T10:00:00,2.74,52.1,1413,15.4,0.0,3.2
SR-007260,PKG-01,2026-10-01T11:00:00,2.86,50.1,1384,15.2,0.0,3.2
SR-007261,PKG-01,2026-10-01T12:00:00,2.89,50.9,1379,14.5,0.0,3.3
SR-007262,PKG-01,2026-10-01T13:00:00,2.72,50.6,1400,15.3,0.0,3.3
SR-007263,PKG-01,2026-10-01T14:00:00,2.84,51.5,1420,15.5,0.0,3.1
SR-007264,PKG-01,2026-10-01T15:00:00,2.82,50.3,1378,14.6,0.0,3.2
SR-007265,PKG-01,2026-10-01T16:00:00,2.51,49.5,1425,14.9,0.0,3.1
SR-007266,PKG-01,2026-10-01T17:00:00,2.7,50.1,1395,14.8,0.0,3.2
SR-007267,PKG-01,2026-10-01T18:00:00,2.78,50.4,1416,15.1,0.0,3.2
SR-007268,PKG-01,2026-10-01T19:00:00,2.75,50.2,1417,15.0,0.0,3.2
SR-007269,PKG-01,2026-10-01T20:00:00,2.79,49.7,1379,14.5,0.0,3.2
SR-007270,PKG-01,2026-10-01T21:00:00,2.81,50.9,1436,15.7,0.0,3.1
SR-007271,PKG-01,2026-10-01T22:00:00,2.89,49.0,1421,15.2,0.0,3.2
SR-007272,PKG-01,2026-10-01T23:00:00,2.7,47.9,1404,15.7,0.0,3.3
SR-007273,PKG-01,2026-10-02T00:00:00,2.93,47.8,1389,15.2,0.0,3.2
SR-007274,PKG-01,2026-10-02T01:00:00,2.97,51.7,1391,15.5,0.0,3.3
SR-007275,PKG-01,2026-10-02T02:00:00,2.96,48.7,1404,15.2,0.0,3.2
SR-007276,PKG-01,2026-10-02T03:00:00,2.59,49.4,1359,16.6,0.0,3.2
SR-007277,PKG-01,2026-10-02T04:00:00,2.76,48.7,1428,14.1,0.0,3.2
SR-007278,PKG-01,2026-10-02T05:00:00,2.63,49.1,1382,15.1,0.0,3.2
SR-007279,PKG-01,2026-10-02T06:00:00,2.93,49.2,1398,16.1,0.0,3.1
SR-007280,PKG-01,2026-10-02T07:00:00,2.77,50.0,1382,14.6,0.0,3.1
SR-007281,PKG-01,2026-10-02T08:00:00,2.83,50.9,1399,14.0,0.0,3.2
SR-007282,PKG-01,2026-10-02T09:00:00,2.93,49.7,1396,14.4,0.0,3.2
SR-007283,PKG-01,2026-10-02T10:00:00,2.78,51.1,1437,15.1,0.0,3.2
SR-007284,PKG-01,2026-10-02T11:00:00,2.7,50.7,1442,14.7,0.0,3.2
SR-007285,PKG-01,2026-10-02T12:00:00,3.12,52.0,1397,14.5,0.0,3.2
SR-007286,PKG-01,2026-10-02T13:00:00,2.86,51.2,1415,14.4,0.0,3.2
SR-007287,PKG-01,2026-10-02T14:00:00,2.9,50.4,1410,15.1,0.0,3.3
SR-007288,PKG-01,2026-10-02T15:00:00,2.73,51.6,1413,14.9,0.0,3.1
SR-007289,PKG-01,2026-10-02T16:00:00,2.8,49.1,1392,15.4,0.0,3.3
SR-007290,PKG-01,2026-10-02T17:00:00,3.05,50.4,1395,16.0,0.0,3.2
SR-007291,PKG-01,2026-10-02T18:00:00,2.75,50.8,1434,15.3,0.0,3.2
SR-007292,PKG-01,2026-10-02T19:00:00,2.86,50.1,1394,14.3,0.0,3.1
SR-007293,PKG-01,2026-10-02T20:00:00,2.67,48.8,1412,15.1,0.0,3.3
SR-007294,PKG-01,2026-10-02T21:00:00,2.88,48.4,1403,14.9,0.0,3.3
SR-007295,PKG-01,2026-10-02T22:00:00,2.83,48.1,1437,15.3,0.0,3.3
SR-007296,PKG-01,2026-10-02T23:00:00,2.62,49.1,1442,14.8,0.0,3.1
SR-007297,PKG-02,2026-09-17T00:00:00,2.71,49.2,1427,14.3,0.0,3.3
SR-007298,PKG-02,2026-09-17T01:00:00,2.92,49.0,1423,15.5,0.0,3.2
SR-007299,PKG-02,2026-09-17T02:00:00,2.78,48.9,1386,14.3,0.0,3.3
SR-007300,PKG-02,2026-09-17T03:00:00,2.71,49.7,1367,14.7,0.0,3.3
SR-007301,PKG-02,2026-09-17T04:00:00,2.86,48.8,1406,15.6,0.0,3.2
SR-007302,PKG-02,2026-09-17T05:00:00,2.72,50.2,1424,14.1,0.0,3.2
SR-007303,PKG-02,2026-09-17T06:00:00,2.86,50.4,1404,15.2,0.0,3.2
SR-007304,PKG-02,2026-09-17T07:00:00,2.72,50.4,1398,15.6,0.0,3.2
SR-007305,PKG-02,2026-09-17T08:00:00,2.9,50.5,1409,15.4,0.0,3.2
SR-007306,PKG-02,2026-09-17T09:00:00,2.7,49.9,1410,15.0,0.0,3.3
SR-007307,PKG-02,2026-09-17T10:00:00,2.73,50.2,1367,14.6,0.0,3.2
SR-007308,PKG-02,2026-09-17T11:00:00,3.0,50.9,1413,14.4,0.0,3.2
SR-007309,PKG-02,2026-09-17T12:00:00,2.81,51.0,1388,13.5,0.0,3.2
SR-007310,PKG-02,2026-09-17T13:00:00,2.64,52.2,1403,14.7,0.0,3.1
SR-007311,PKG-02,2026-09-17T14:00:00,2.63,51.4,1370,14.9,0.0,3.3
SR-007312,PKG-02,2026-09-17T15:00:00,2.86,51.0,1371,14.7,0.0,3.3
SR-007313,PKG-02,2026-09-17T16:00:00,2.81,51.2,1415,14.8,0.0,3.3
SR-007314,PKG-02,2026-09-17T17:00:00,2.83,50.1,1427,15.3,0.0,3.1
SR-007315,PKG-02,2026-09-17T18:00:00,2.66,49.4,1400,15.8,0.0,3.3
SR-007316,PKG-02,2026-09-17T19:00:00,2.84,49.9,1348,15.1,0.0,3.2
SR-007317,PKG-02,2026-09-17T20:00:00,2.84,50.1,1430,14.3,0.0,3.2
SR-007318,PKG-02,2026-09-17T21:00:00,2.86,50.2,1390,14.8,0.0,3.3
SR-007319,PKG-02,2026-09-17T22:00:00,2.85,49.5,1430,14.1,0.0,3.2
SR-007320,PKG-02,2026-09-17T23:00:00,2.76,49.2,1405,14.5,0.0,3.2
SR-007321,PKG-02,2026-09-18T00:00:00,2.8,48.7,1407,14.4,0.0,3.2
SR-007322,PKG-02,2026-09-18T01:00:00,2.67,50.1,1379,14.6,0.0,3.1
SR-007323,PKG-02,2026-09-18T02:00:00,2.86,50.4,1416,14.8,0.0,3.2
SR-007324,PKG-02,2026-09-18T03:00:00,2.71,48.8,1393,14.6,0.0,3.2
SR-007325,PKG-02,2026-09-18T04:00:00,2.89,51.1,1369,15.1,0.0,3.2
SR-007326,PKG-02,2026-09-18T05:00:00,2.81,49.6,1355,14.6,0.0,3.2
SR-007327,PKG-02,2026-09-18T06:00:00,3.0,49.9,1374,15.1,0.0,3.1
SR-007328,PKG-02,2026-09-18T07:00:00,2.73,50.5,1399,14.9,0.0,3.1
SR-007329,PKG-02,2026-09-18T08:00:00,3.01,49.4,1357,15.3,0.0,3.2
SR-007330,PKG-02,2026-09-18T09:00:00,2.68,49.8,1423,15.6,0.0,3.3
SR-007331,PKG-02,2026-09-18T10:00:00,2.85,51.1,1415,15.6,0.0,3.2
SR-007332,PKG-02,2026-09-18T11:00:00,3.03,51.0,1371,16.0,0.0,3.2
SR-007333,PKG-02,2026-09-18T12:00:00,3.03,51.0,1417,15.1,0.0,3.2
SR-007334,PKG-02,2026-09-18T13:00:00,2.95,51.2,1382,15.6,0.0,3.2
SR-007335,PKG-02,2026-09-18T14:00:00,2.84,50.7,1405,14.5,0.0,3.1
SR-007336,PKG-02,2026-09-18T15:00:00,2.84,50.8,1420,15.0,0.0,3.2
SR-007337,PKG-02,2026-09-18T16:00:00,2.92,51.1,1455,15.3,0.0,3.2
SR-007338,PKG-02,2026-09-18T17:00:00,2.63,49.6,1396,14.8,0.0,3.2
SR-007339,PKG-02,2026-09-18T18:00:00,2.87,49.6,1376,14.7,0.0,3.1
SR-007340,PKG-02,2026-09-18T19:00:00,2.71,50.5,1400,14.4,0.0,3.1
SR-007341,PKG-02,2026-09-18T20:00:00,2.78,49.5,1444,14.8,0.0,3.3
SR-007342,PKG-02,2026-09-18T21:00:00,2.84,48.6,1389,15.2,0.0,3.2
SR-007343,PKG-02,2026-09-18T22:00:00,2.85,49.4,1393,15.2,0.0,3.2
SR-007344,PKG-02,2026-09-18T23:00:00,2.7,49.6,1419,15.5,0.0,3.1
SR-007345,PKG-02,2026-09-19T00:00:00,2.95,49.8,1416,14.2,0.0,3.2
SR-007346,PKG-02,2026-09-19T01:00:00,2.96,48.3,1421,15.3,0.0,3.1
SR-007347,PKG-02,2026-09-19T02:00:00,2.67,49.7,1401,14.9,0.0,3.3
SR-007348,PKG-02,2026-09-19T03:00:00,2.46,50.1,1390,15.2,0.0,3.2
SR-007349,PKG-02,2026-09-19T04:00:00,2.67,48.2,1402,16.4,0.0,3.2
SR-007350,PKG-02,2026-09-19T05:00:00,2.76,50.9,1401,14.2,0.0,3.1
SR-007351,PKG-02,2026-09-19T06:00:00,2.81,52.0,1416,15.7,0.0,3.3
SR-007352,PKG-02,2026-09-19T07:00:00,2.76,49.1,1382,14.4,0.0,3.2
SR-007353,PKG-02,2026-09-19T08:00:00,2.84,50.8,1395,14.0,0.0,3.2
SR-007354,PKG-02,2026-09-19T09:00:00,2.71,49.3,1379,15.4,0.0,3.2
SR-007355,PKG-02,2026-09-19T10:00:00,2.81,50.5,1410,14.6,0.0,3.1
SR-007356,PKG-02,2026-09-19T11:00:00,2.7,50.6,1403,13.7,0.0,3.2
SR-007357,PKG-02,2026-09-19T12:00:00,2.79,48.5,1420,14.8,0.0,3.2
SR-007358,PKG-02,2026-09-19T13:00:00,2.83,51.1,1407,15.5,0.0,3.2
SR-007359,PKG-02,2026-09-19T14:00:00,2.8,49.1,1409,15.9,0.0,3.3
SR-007360,PKG-02,2026-09-19T15:00:00,2.76,50.7,1359,15.8,0.0,3.4
SR-007361,PKG-02,2026-09-19T16:00:00,2.79,50.3,1440,16.1,0.0,3.2
SR-007362,PKG-02,2026-09-19T17:00:00,2.89,51.0,1410,15.6,0.0,3.2
SR-007363,PKG-02,2026-09-19T18:00:00,2.86,50.0,1402,15.3,0.0,3.1
SR-007364,PKG-02,2026-09-19T19:00:00,2.97,50.6,1409,13.8,0.0,3.3
SR-007365,PKG-02,2026-09-19T20:00:00,2.74,50.7,1416,14.4,0.0,3.3
SR-007366,PKG-02,2026-09-19T21:00:00,2.72,49.2,1398,14.2,0.0,3.1
SR-007367,PKG-02,2026-09-19T22:00:00,2.71,50.2,1434,14.5,0.0,3.2
SR-007368,PKG-02,2026-09-19T23:00:00,2.64,48.9,1404,14.5,0.0,3.2
SR-007369,PKG-02,2026-09-20T00:00:00,3.01,48.6,1412,14.8,0.0,3.2
SR-007370,PKG-02,2026-09-20T01:00:00,2.8,48.7,1426,14.8,0.0,3.2
SR-007371,PKG-02,2026-09-20T02:00:00,2.68,49.3,1350,15.3,0.0,3.2
SR-007372,PKG-02,2026-09-20T03:00:00,2.86,49.5,1405,14.8,0.0,3.2
SR-007373,PKG-02,2026-09-20T04:00:00,2.93,49.7,1399,14.2,0.0,3.2
SR-007374,PKG-02,2026-09-20T05:00:00,2.77,48.6,1383,15.1,0.0,3.1
SR-007375,PKG-02,2026-09-20T06:00:00,2.84,50.6,1406,15.2,0.0,3.2
SR-007376,PKG-02,2026-09-20T07:00:00,2.72,50.2,1396,14.7,0.0,3.2
SR-007377,PKG-02,2026-09-20T08:00:00,2.85,50.1,1414,14.4,0.0,3.2
SR-007378,PKG-02,2026-09-20T09:00:00,2.87,51.3,1421,14.6,0.0,3.2
SR-007379,PKG-02,2026-09-20T10:00:00,3.01,49.4,1385,14.4,0.0,3.3
SR-007380,PKG-02,2026-09-20T11:00:00,2.77,51.6,1421,13.9,0.0,3.1
SR-007381,PKG-02,2026-09-20T12:00:00,2.78,50.9,1386,15.2,0.0,3.2
SR-007382,PKG-02,2026-09-20T13:00:00,2.6,51.6,1405,15.6,0.0,3.2
SR-007383,PKG-02,2026-09-20T14:00:00,3.02,49.8,1426,15.4,0.0,3.2
SR-007384,PKG-02,2026-09-20T15:00:00,2.83,50.2,1363,15.7,0.0,3.3
SR-007385,PKG-02,2026-09-20T16:00:00,2.97,49.2,1437,14.8,0.0,3.3
SR-007386,PKG-02,2026-09-20T17:00:00,2.35,50.8,1420,14.5,0.0,3.3
SR-007387,PKG-02,2026-09-20T18:00:00,2.93,49.9,1385,15.1,0.0,3.2
SR-007388,PKG-02,2026-09-20T19:00:00,2.9,49.0,1412,14.3,0.0,3.2
SR-007389,PKG-02,2026-09-20T20:00:00,2.8,49.4,1366,15.1,0.0,3.1
SR-007390,PKG-02,2026-09-20T21:00:00,2.82,49.0,1425,15.3,0.0,3.1
SR-007391,PKG-02,2026-09-20T22:00:00,2.91,48.7,1378,14.2,0.0,3.1
SR-007392,PKG-02,2026-09-20T23:00:00,2.96,48.7,1399,15.2,0.0,3.2
SR-007393,PKG-02,2026-09-21T00:00:00,2.97,48.2,1447,14.9,0.0,3.2
SR-007394,PKG-02,2026-09-21T01:00:00,2.58,49.9,1408,14.1,0.0,3.1
SR-007395,PKG-02,2026-09-21T02:00:00,2.72,48.4,1424,14.6,0.0,3.1
SR-007396,PKG-02,2026-09-21T03:00:00,2.9,50.9,1384,14.2,0.0,3.2
SR-007397,PKG-02,2026-09-21T04:00:00,2.8,49.8,1409,14.7,0.0,3.1
SR-007398,PKG-02,2026-09-21T05:00:00,2.63,48.7,1393,16.2,0.0,3.1
SR-007399,PKG-02,2026-09-21T06:00:00,2.61,49.2,1397,15.3,0.0,3.2
SR-007400,PKG-02,2026-09-21T07:00:00,2.71,51.9,1380,14.8,0.0,3.1
SR-007401,PKG-02,2026-09-21T08:00:00,2.9,48.4,1405,14.2,0.0,3.3
SR-007402,PKG-02,2026-09-21T09:00:00,2.76,49.6,1364,15.9,0.0,3.2
SR-007403,PKG-02,2026-09-21T10:00:00,2.87,52.1,1401,14.8,0.0,3.2
SR-007404,PKG-02,2026-09-21T11:00:00,2.78,52.8,1386,15.1,0.0,3.3
SR-007405,PKG-02,2026-09-21T12:00:00,2.81,50.8,1400,16.7,0.0,3.2
SR-007406,PKG-02,2026-09-21T13:00:00,2.94,50.7,1415,14.8,0.0,3.2
SR-007407,PKG-02,2026-09-21T14:00:00,2.75,51.6,1395,14.4,0.0,3.2
SR-007408,PKG-02,2026-09-21T15:00:00,2.67,52.2,1368,14.5,0.0,3.1
SR-007409,PKG-02,2026-09-21T16:00:00,2.73,50.1,1430,16.2,0.0,3.2
SR-007410,PKG-02,2026-09-21T17:00:00,2.9,50.8,1372,14.5,0.0,3.2
SR-007411,PKG-02,2026-09-21T18:00:00,2.99,50.7,1421,14.5,0.0,3.2
SR-007412,PKG-02,2026-09-21T19:00:00,2.99,49.6,1413,15.0,0.0,3.3
SR-007413,PKG-02,2026-09-21T20:00:00,2.83,48.3,1418,15.8,0.0,3.1
SR-007414,PKG-02,2026-09-21T21:00:00,2.72,48.8,1422,14.9,0.0,3.2
SR-007415,PKG-02,2026-09-21T22:00:00,2.77,48.6,1418,13.8,0.0,3.1
SR-007416,PKG-02,2026-09-21T23:00:00,2.82,49.3,1349,14.5,0.0,3.1
SR-007417,PKG-02,2026-09-22T00:00:00,2.79,48.7,1429,15.5,0.0,3.2
SR-007418,PKG-02,2026-09-22T01:00:00,2.98,49.2,1424,13.9,0.0,3.2
SR-007419,PKG-02,2026-09-22T02:00:00,2.87,50.4,1405,14.0,0.0,3.2
SR-007420,PKG-02,2026-09-22T03:00:00,2.81,49.0,1409,15.0,0.0,3.2
SR-007421,PKG-02,2026-09-22T04:00:00,3.0,48.7,1393,15.2,0.0,3.3
SR-007422,PKG-02,2026-09-22T05:00:00,2.72,49.1,1410,14.6,0.0,3.1
SR-007423,PKG-02,2026-09-22T06:00:00,2.88,50.5,1376,15.0,0.0,3.1
SR-007424,PKG-02,2026-09-22T07:00:00,2.69,50.3,1407,15.2,0.0,3.2
SR-007425,PKG-02,2026-09-22T08:00:00,2.97,51.5,1390,14.9,0.0,3.2
SR-007426,PKG-02,2026-09-22T09:00:00,2.75,50.2,1409,15.2,0.0,3.3
SR-007427,PKG-02,2026-09-22T10:00:00,2.96,51.8,1385,15.7,0.0,3.3
SR-007428,PKG-02,2026-09-22T11:00:00,2.63,51.1,1417,15.4,0.0,3.2
SR-007429,PKG-02,2026-09-22T12:00:00,2.96,51.6,1408,15.6,0.0,3.1
SR-007430,PKG-02,2026-09-22T13:00:00,3.05,50.4,1409,14.7,0.0,3.2
SR-007431,PKG-02,2026-09-22T14:00:00,2.76,51.6,1386,15.5,0.0,3.2
SR-007432,PKG-02,2026-09-22T15:00:00,2.81,51.5,1374,15.7,0.0,3.0
SR-007433,PKG-02,2026-09-22T16:00:00,2.74,50.5,1383,14.8,0.0,3.3
SR-007434,PKG-02,2026-09-22T17:00:00,2.69,50.4,1409,14.3,0.0,3.2
SR-007435,PKG-02,2026-09-22T18:00:00,2.96,50.9,1394,14.9,0.0,3.2
SR-007436,PKG-02,2026-09-22T19:00:00,2.65,49.8,1433,14.6,0.0,3.1
SR-007437,PKG-02,2026-09-22T20:00:00,2.73,48.5,1398,15.6,0.0,3.3
SR-007438,PKG-02,2026-09-22T21:00:00,2.86,51.2,1407,15.3,0.0,3.3
SR-007439,PKG-02,2026-09-22T22:00:00,2.82,50.1,1431,15.2,0.0,3.1
SR-007440,PKG-02,2026-09-22T23:00:00,2.79,48.8,1431,15.5,0.0,3.1
SR-007441,PKG-02,2026-09-23T00:00:00,2.75,49.7,1413,14.6,0.0,3.2
SR-007442,PKG-02,2026-09-23T01:00:00,2.93,49.4,1359,14.8,0.0,3.2
SR-007443,PKG-02,2026-09-23T02:00:00,2.76,48.3,1391,15.2,0.0,3.2
SR-007444,PKG-02,2026-09-23T03:00:00,2.91,49.7,1439,16.8,0.0,3.1
SR-007445,PKG-02,2026-09-23T04:00:00,2.76,50.3,1381,15.2,0.0,3.3
SR-007446,PKG-02,2026-09-23T05:00:00,2.82,48.6,1408,14.4,0.0,3.2
SR-007447,PKG-02,2026-09-23T06:00:00,2.84,50.9,1406,14.5,0.0,3.2
SR-007448,PKG-02,2026-09-23T07:00:00,2.88,50.0,1449,15.6,0.0,3.1
SR-007449,PKG-02,2026-09-23T08:00:00,2.82,51.5,1422,15.1,0.0,3.1
SR-007450,PKG-02,2026-09-23T09:00:00,2.87,50.0,1416,16.0,0.0,3.3
SR-007451,PKG-02,2026-09-23T10:00:00,2.6,50.8,1438,15.6,0.0,3.0
SR-007452,PKG-02,2026-09-23T11:00:00,2.82,50.9,1393,14.9,0.0,3.2
SR-007453,PKG-02,2026-09-23T12:00:00,2.89,51.1,1419,15.3,0.0,3.2
SR-007454,PKG-02,2026-09-23T13:00:00,2.73,51.2,1378,14.4,0.0,3.2
SR-007455,PKG-02,2026-09-23T14:00:00,2.93,49.3,1410,14.2,0.0,3.1
SR-007456,PKG-02,2026-09-23T15:00:00,2.77,49.6,1437,14.8,0.0,3.2
SR-007457,PKG-02,2026-09-23T16:00:00,2.82,49.3,1422,14.9,0.0,3.2
SR-007458,PKG-02,2026-09-23T17:00:00,2.86,50.4,1366,15.3,0.0,3.1
SR-007459,PKG-02,2026-09-23T18:00:00,2.71,51.1,1390,15.8,0.0,3.2
SR-007460,PKG-02,2026-09-23T19:00:00,2.79,50.4,1400,15.9,0.0,3.2
SR-007461,PKG-02,2026-09-23T20:00:00,2.81,48.3,1372,14.5,0.0,3.2
SR-007462,PKG-02,2026-09-23T21:00:00,2.94,49.0,1400,15.1,0.0,3.2
SR-007463,PKG-02,2026-09-23T22:00:00,2.62,50.5,1379,14.3,0.0,3.1
SR-007464,PKG-02,2026-09-23T23:00:00,2.74,49.5,1442,14.6,0.0,3.2
SR-007465,PKG-02,2026-09-24T00:00:00,2.71,51.1,1441,14.6,0.0,3.2
SR-007466,PKG-02,2026-09-24T01:00:00,2.76,47.9,1377,15.2,0.0,3.2
SR-007467,PKG-02,2026-09-24T02:00:00,2.71,49.5,1397,14.9,0.0,3.3
SR-007468,PKG-02,2026-09-24T03:00:00,2.82,48.3,1403,15.3,0.0,3.2
SR-007469,PKG-02,2026-09-24T04:00:00,2.82,47.6,1381,14.3,0.0,3.2
SR-007470,PKG-02,2026-09-24T05:00:00,2.85,50.4,1405,14.5,0.0,3.2
SR-007471,PKG-02,2026-09-24T06:00:00,2.88,50.9,1394,13.9,0.0,3.1
SR-007472,PKG-02,2026-09-24T07:00:00,2.8,50.5,1401,14.8,0.0,3.2
SR-007473,PKG-02,2026-09-24T08:00:00,2.79,50.6,1397,14.5,0.0,3.3
SR-007474,PKG-02,2026-09-24T09:00:00,2.9,51.2,1427,15.5,0.0,3.2
SR-007475,PKG-02,2026-09-24T10:00:00,2.75,52.3,1388,15.0,0.0,3.2
SR-007476,PKG-02,2026-09-24T11:00:00,2.82,51.5,1393,15.5,0.0,3.2
SR-007477,PKG-02,2026-09-24T12:00:00,2.94,50.7,1410,15.0,0.0,3.1
SR-007478,PKG-02,2026-09-24T13:00:00,2.79,50.3,1382,14.8,0.0,3.3
SR-007479,PKG-02,2026-09-24T14:00:00,2.8,51.3,1394,15.4,0.0,3.2
SR-007480,PKG-02,2026-09-24T15:00:00,2.86,50.8,1428,14.4,0.0,3.1
SR-007481,PKG-02,2026-09-24T16:00:00,2.77,50.4,1435,15.0,0.0,3.3
SR-007482,PKG-02,2026-09-24T17:00:00,2.86,50.3,1394,14.4,0.0,3.2
SR-007483,PKG-02,2026-09-24T18:00:00,2.78,48.9,1393,14.4,0.0,3.2
SR-007484,PKG-02,2026-09-24T19:00:00,2.85,50.3,1418,15.9,0.0,3.2
SR-007485,PKG-02,2026-09-24T20:00:00,2.89,48.9,1431,15.0,0.0,3.1
SR-007486,PKG-02,2026-09-24T21:00:00,2.89,50.9,1423,15.5,0.0,3.1
SR-007487,PKG-02,2026-09-24T22:00:00,2.88,50.1,1402,15.8,0.0,3.3
SR-007488,PKG-02,2026-09-24T23:00:00,2.6,47.5,1444,15.4,0.0,3.2
SR-007489,PKG-02,2026-09-25T00:00:00,2.83,49.9,1410,14.5,0.0,3.1
SR-007490,PKG-02,2026-09-25T01:00:00,2.77,49.0,1354,14.8,0.0,3.2
SR-007491,PKG-02,2026-09-25T02:00:00,3.02,49.3,1406,15.7,0.0,3.3
SR-007492,PKG-02,2026-09-25T03:00:00,2.86,49.3,1386,13.9,0.0,3.2
SR-007493,PKG-02,2026-09-25T04:00:00,2.74,50.9,1400,16.6,0.0,3.2
SR-007494,PKG-02,2026-09-25T05:00:00,2.79,49.5,1417,15.2,0.0,3.3
SR-007495,PKG-02,2026-09-25T06:00:00,2.77,49.8,1439,15.4,0.0,3.0
SR-007496,PKG-02,2026-09-25T07:00:00,3.0,50.9,1421,15.4,0.0,3.0
SR-007497,PKG-02,2026-09-25T08:00:00,2.87,51.9,1381,15.3,0.0,3.2
SR-007498,PKG-02,2026-09-25T09:00:00,2.86,48.7,1412,14.9,0.0,3.1
SR-007499,PKG-02,2026-09-25T10:00:00,2.83,50.6,1408,14.4,0.0,3.1
SR-007500,PKG-02,2026-09-25T11:00:00,3.01,49.5,1389,15.3,0.0,3.2
SR-007501,PKG-02,2026-09-25T12:00:00,2.99,51.3,1408,14.9,0.0,3.2
SR-007502,PKG-02,2026-09-25T13:00:00,2.79,49.5,1402,15.7,0.0,3.2
SR-007503,PKG-02,2026-09-25T14:00:00,3.08,50.9,1379,15.2,0.0,3.1
SR-007504,PKG-02,2026-09-25T15:00:00,2.92,49.5,1416,13.4,0.0,3.2
SR-007505,PKG-02,2026-09-25T16:00:00,2.72,50.5,1400,15.7,0.0,3.3
SR-007506,PKG-02,2026-09-25T17:00:00,2.88,50.0,1439,15.3,0.0,3.1
SR-007507,PKG-02,2026-09-25T18:00:00,2.9,49.4,1422,14.4,0.0,3.2
SR-007508,PKG-02,2026-09-25T19:00:00,2.76,49.9,1377,15.5,0.0,3.3
SR-007509,PKG-02,2026-09-25T20:00:00,2.82,49.3,1428,15.0,0.0,3.2
SR-007510,PKG-02,2026-09-25T21:00:00,2.82,49.6,1393,14.8,0.0,3.2
SR-007511,PKG-02,2026-09-25T22:00:00,2.6,49.4,1398,15.1,0.0,3.2
SR-007512,PKG-02,2026-09-25T23:00:00,2.69,48.5,1421,15.0,0.0,3.2
SR-007513,PKG-02,2026-09-26T00:00:00,2.85,48.5,1390,13.1,0.0,3.1
SR-007514,PKG-02,2026-09-26T01:00:00,2.71,49.7,1390,15.0,0.0,3.2
SR-007515,PKG-02,2026-09-26T02:00:00,2.81,49.6,1454,14.9,0.0,3.1
SR-007516,PKG-02,2026-09-26T03:00:00,3.0,49.8,1377,15.2,0.0,3.1
SR-007517,PKG-02,2026-09-26T04:00:00,2.66,50.2,1448,14.8,0.0,3.3
SR-007518,PKG-02,2026-09-26T05:00:00,3.01,48.3,1434,14.6,0.0,3.2
SR-007519,PKG-02,2026-09-26T06:00:00,2.89,50.5,1378,15.0,0.0,3.3
SR-007520,PKG-02,2026-09-26T07:00:00,2.77,50.0,1398,15.4,0.0,3.3
SR-007521,PKG-02,2026-09-26T08:00:00,2.68,50.5,1395,15.5,0.0,3.1
SR-007522,PKG-02,2026-09-26T09:00:00,2.71,51.4,1414,15.1,0.0,3.3
SR-007523,PKG-02,2026-09-26T10:00:00,2.86,51.9,1423,14.0,0.0,3.3
SR-007524,PKG-02,2026-09-26T11:00:00,2.79,51.7,1475,15.2,0.0,3.2
SR-007525,PKG-02,2026-09-26T12:00:00,2.75,50.8,1413,13.5,0.0,3.2
SR-007526,PKG-02,2026-09-26T13:00:00,2.86,52.4,1421,14.8,0.0,3.2
SR-007527,PKG-02,2026-09-26T14:00:00,2.63,51.0,1409,15.7,0.0,3.2
SR-007528,PKG-02,2026-09-26T15:00:00,2.82,49.5,1392,15.2,0.0,3.3
SR-007529,PKG-02,2026-09-26T16:00:00,2.83,51.3,1380,14.6,0.0,3.2
SR-007530,PKG-02,2026-09-26T17:00:00,3.03,49.5,1384,15.2,0.0,3.2
SR-007531,PKG-02,2026-09-26T18:00:00,2.7,50.6,1380,15.2,0.0,3.1
SR-007532,PKG-02,2026-09-26T19:00:00,2.66,49.5,1413,15.3,0.0,3.2
SR-007533,PKG-02,2026-09-26T20:00:00,2.62,50.5,1402,15.2,0.0,3.1
SR-007534,PKG-02,2026-09-26T21:00:00,2.77,48.4,1382,14.8,0.0,3.2
SR-007535,PKG-02,2026-09-26T22:00:00,3.04,49.7,1378,15.7,0.0,3.3
SR-007536,PKG-02,2026-09-26T23:00:00,2.83,48.6,1400,14.8,0.0,3.2
SR-007537,PKG-02,2026-09-27T00:00:00,2.82,48.1,1427,15.0,0.0,3.2
SR-007538,PKG-02,2026-09-27T01:00:00,2.69,49.1,1378,15.5,0.0,3.3
SR-007539,PKG-02,2026-09-27T02:00:00,2.72,49.6,1394,14.7,0.0,3.3
SR-007540,PKG-02,2026-09-27T03:00:00,2.8,49.1,1435,15.8,0.0,3.3
SR-007541,PKG-02,2026-09-27T04:00:00,2.92,50.6,1373,14.5,0.0,3.1
SR-007542,PKG-02,2026-09-27T05:00:00,2.71,50.6,1364,14.7,0.0,3.3
SR-007543,PKG-02,2026-09-27T06:00:00,2.93,48.7,1360,14.9,0.0,3.2
SR-007544,PKG-02,2026-09-27T07:00:00,2.91,49.7,1400,13.8,0.0,3.2
SR-007545,PKG-02,2026-09-27T08:00:00,2.91,51.3,1399,15.8,0.0,3.2
SR-007546,PKG-02,2026-09-27T09:00:00,2.86,50.7,1377,15.0,0.0,3.3
SR-007547,PKG-02,2026-09-27T10:00:00,2.72,50.2,1407,14.8,0.0,3.2
SR-007548,PKG-02,2026-09-27T11:00:00,2.68,50.7,1414,14.0,0.0,3.2
SR-007549,PKG-02,2026-09-27T12:00:00,3.0,51.3,1414,15.1,0.0,3.2
SR-007550,PKG-02,2026-09-27T13:00:00,2.96,51.3,1385,15.9,0.0,3.3
SR-007551,PKG-02,2026-09-27T14:00:00,2.65,51.0,1401,15.0,0.0,3.2
SR-007552,PKG-02,2026-09-27T15:00:00,2.91,52.6,1391,14.8,0.0,3.3
SR-007553,PKG-02,2026-09-27T16:00:00,2.67,51.2,1365,14.6,0.0,3.2
SR-007554,PKG-02,2026-09-27T17:00:00,2.8,49.6,1367,15.8,0.0,3.2
SR-007555,PKG-02,2026-09-27T18:00:00,2.67,49.9,1417,15.0,0.0,3.2
SR-007556,PKG-02,2026-09-27T19:00:00,2.66,49.1,1399,15.6,0.0,3.2
SR-007557,PKG-02,2026-09-27T20:00:00,2.99,49.9,1408,15.5,0.0,3.1
SR-007558,PKG-02,2026-09-27T21:00:00,2.74,49.2,1439,14.5,0.0,3.2
SR-007559,PKG-02,2026-09-27T22:00:00,2.73,48.9,1399,16.4,0.0,3.2
SR-007560,PKG-02,2026-09-27T23:00:00,2.6,47.7,1377,15.2,0.0,3.3
SR-007561,PKG-02,2026-09-28T00:00:00,2.88,49.7,1424,15.4,0.0,3.1
SR-007562,PKG-02,2026-09-28T01:00:00,2.7,49.6,1416,15.4,0.0,3.2
SR-007563,PKG-02,2026-09-28T02:00:00,2.68,49.6,1404,14.4,0.0,3.2
SR-007564,PKG-02,2026-09-28T03:00:00,2.8,49.6,1404,15.1,0.0,3.2
SR-007565,PKG-02,2026-09-28T04:00:00,2.77,48.2,1393,14.6,0.0,3.3
SR-007566,PKG-02,2026-09-28T05:00:00,2.95,49.1,1420,14.7,0.0,3.4
SR-007567,PKG-02,2026-09-28T06:00:00,2.86,49.5,1383,15.3,0.0,3.3
SR-007568,PKG-02,2026-09-28T07:00:00,3.05,50.4,1380,15.6,0.0,3.3
SR-007569,PKG-02,2026-09-28T08:00:00,2.54,50.5,1390,14.2,0.0,3.2
SR-007570,PKG-02,2026-09-28T09:00:00,2.93,50.7,1429,15.1,0.0,3.3
SR-007571,PKG-02,2026-09-28T10:00:00,2.71,50.8,1440,14.9,0.0,3.1
SR-007572,PKG-02,2026-09-28T11:00:00,3.09,49.3,1393,14.6,0.0,3.2
SR-007573,PKG-02,2026-09-28T12:00:00,2.86,50.5,1428,15.1,0.0,3.2
SR-007574,PKG-02,2026-09-28T13:00:00,2.78,50.7,1410,15.3,0.0,3.3
SR-007575,PKG-02,2026-09-28T14:00:00,2.7,51.1,1376,15.4,0.0,3.3
SR-007576,PKG-02,2026-09-28T15:00:00,3.18,50.0,1379,15.1,0.0,3.2
SR-007577,PKG-02,2026-09-28T16:00:00,2.71,50.4,1407,15.1,0.0,3.2
SR-007578,PKG-02,2026-09-28T17:00:00,2.91,50.7,1413,14.6,0.0,3.3
SR-007579,PKG-02,2026-09-28T18:00:00,2.79,51.0,1430,15.0,0.0,3.2
SR-007580,PKG-02,2026-09-28T19:00:00,2.86,48.9,1381,13.9,0.0,3.3
SR-007581,PKG-02,2026-09-28T20:00:00,2.63,49.0,1407,15.7,0.0,3.2
SR-007582,PKG-02,2026-09-28T21:00:00,2.82,49.3,1403,15.7,0.0,3.1
SR-007583,PKG-02,2026-09-28T22:00:00,2.72,49.2,1395,15.3,0.0,3.2
SR-007584,PKG-02,2026-09-28T23:00:00,2.77,48.1,1399,14.3,0.0,3.3
SR-007585,PKG-02,2026-09-29T00:00:00,2.87,48.8,1375,15.0,0.0,3.2
SR-007586,PKG-02,2026-09-29T01:00:00,2.9,48.5,1399,15.8,0.0,3.1
SR-007587,PKG-02,2026-09-29T02:00:00,2.69,47.8,1415,14.3,0.0,3.2
SR-007588,PKG-02,2026-09-29T03:00:00,2.84,50.5,1387,14.7,0.0,3.1
SR-007589,PKG-02,2026-09-29T04:00:00,2.88,50.7,1382,14.2,0.0,3.2
SR-007590,PKG-02,2026-09-29T05:00:00,3.0,50.2,1355,15.1,0.0,3.2
SR-007591,PKG-02,2026-09-29T06:00:00,2.83,50.6,1423,14.7,0.0,3.1
SR-007592,PKG-02,2026-09-29T07:00:00,2.55,49.9,1416,15.0,0.0,3.2
SR-007593,PKG-02,2026-09-29T08:00:00,2.86,50.8,1413,14.6,0.0,3.2
SR-007594,PKG-02,2026-09-29T09:00:00,2.8,51.6,1379,15.5,0.0,3.1
SR-007595,PKG-02,2026-09-29T10:00:00,2.65,50.7,1425,15.1,0.0,3.2
SR-007596,PKG-02,2026-09-29T11:00:00,2.67,49.8,1408,15.2,0.0,3.2
SR-007597,PKG-02,2026-09-29T12:00:00,2.82,51.3,1368,15.5,0.0,3.2
SR-007598,PKG-02,2026-09-29T13:00:00,3.05,49.8,1435,15.1,0.0,3.2
SR-007599,PKG-02,2026-09-29T14:00:00,2.65,50.0,1387,15.4,0.0,3.2
SR-007600,PKG-02,2026-09-29T15:00:00,2.74,50.5,1417,14.4,0.0,3.2
SR-007601,PKG-02,2026-09-29T16:00:00,2.86,51.0,1403,15.3,0.0,3.2
SR-007602,PKG-02,2026-09-29T17:00:00,2.94,51.1,1389,14.6,0.0,3.2
SR-007603,PKG-02,2026-09-29T18:00:00,2.79,49.0,1379,14.4,0.0,3.2
SR-007604,PKG-02,2026-09-29T19:00:00,2.86,49.6,1364,15.1,0.0,3.1
SR-007605,PKG-02,2026-09-29T20:00:00,2.78,48.6,1403,14.8,0.0,3.2
SR-007606,PKG-02,2026-09-29T21:00:00,2.9,50.2,1401,13.5,0.0,3.2
SR-007607,PKG-02,2026-09-29T22:00:00,2.75,48.5,1395,14.1,0.0,3.3
SR-007608,PKG-02,2026-09-29T23:00:00,2.99,49.7,1361,15.4,0.0,3.2
SR-007609,PKG-02,2026-09-30T00:00:00,2.64,48.8,1386,15.0,0.0,3.2
SR-007610,PKG-02,2026-09-30T01:00:00,2.9,49.4,1415,15.6,0.0,3.2
SR-007611,PKG-02,2026-09-30T02:00:00,2.7,48.6,1413,15.1,0.0,3.3
SR-007612,PKG-02,2026-09-30T03:00:00,2.8,48.6,1386,15.5,0.0,3.3
SR-007613,PKG-02,2026-09-30T04:00:00,2.68,51.3,1370,14.3,0.0,3.1
SR-007614,PKG-02,2026-09-30T05:00:00,2.61,50.0,1423,13.8,0.0,3.2
SR-007615,PKG-02,2026-09-30T06:00:00,2.9,51.5,1416,15.5,0.0,3.2
SR-007616,PKG-02,2026-09-30T07:00:00,2.74,49.4,1381,15.2,0.0,3.2
SR-007617,PKG-02,2026-09-30T08:00:00,3.01,49.6,1383,15.3,0.0,3.2
SR-007618,PKG-02,2026-09-30T09:00:00,2.59,51.0,1401,15.8,0.0,3.2
SR-007619,PKG-02,2026-09-30T10:00:00,2.91,50.5,1418,15.2,0.0,3.2
SR-007620,PKG-02,2026-09-30T11:00:00,2.86,50.7,1387,15.2,0.0,3.3
SR-007621,PKG-02,2026-09-30T12:00:00,2.69,50.6,1363,14.8,0.0,3.2
SR-007622,PKG-02,2026-09-30T13:00:00,2.82,49.7,1396,15.0,0.0,3.3
SR-007623,PKG-02,2026-09-30T14:00:00,2.78,50.4,1388,15.6,0.0,3.2
SR-007624,PKG-02,2026-09-30T15:00:00,2.64,51.5,1431,15.4,0.0,3.1
SR-007625,PKG-02,2026-09-30T16:00:00,2.77,50.4,1410,15.7,0.0,3.2
SR-007626,PKG-02,2026-09-30T17:00:00,2.81,50.0,1387,14.9,0.0,3.2
SR-007627,PKG-02,2026-09-30T18:00:00,2.83,49.7,1420,15.2,0.0,3.2
SR-007628,PKG-02,2026-09-30T19:00:00,2.72,49.9,1404,15.7,0.0,3.2
SR-007629,PKG-02,2026-09-30T20:00:00,2.85,49.9,1443,14.5,0.0,3.2
SR-007630,PKG-02,2026-09-30T21:00:00,2.95,49.3,1400,15.5,0.0,3.2
SR-007631,PKG-02,2026-09-30T22:00:00,2.74,48.1,1402,15.1,0.0,3.2
SR-007632,PKG-02,2026-09-30T23:00:00,2.83,50.1,1388,15.4,0.0,3.2
SR-007633,PKG-02,2026-10-01T00:00:00,2.94,49.6,1410,14.9,0.0,3.1
SR-007634,PKG-02,2026-10-01T01:00:00,2.81,51.1,1396,15.1,0.0,3.2
SR-007635,PKG-02,2026-10-01T02:00:00,2.7,49.7,1409,14.0,0.0,3.3
SR-007636,PKG-02,2026-10-01T03:00:00,2.62,50.5,1378,14.1,0.0,3.2
SR-007637,PKG-02,2026-10-01T04:00:00,2.69,49.7,1394,15.1,0.0,3.1
SR-007638,PKG-02,2026-10-01T05:00:00,2.61,50.2,1416,15.1,0.0,3.1
SR-007639,PKG-02,2026-10-01T06:00:00,2.9,49.4,1406,14.4,0.0,3.2
SR-007640,PKG-02,2026-10-01T07:00:00,2.8,50.1,1379,14.6,0.0,3.1
SR-007641,PKG-02,2026-10-01T08:00:00,2.78,50.3,1383,14.6,0.0,3.3
SR-007642,PKG-02,2026-10-01T09:00:00,2.76,51.4,1433,14.5,0.0,3.3
SR-007643,PKG-02,2026-10-01T10:00:00,2.93,51.4,1385,15.3,0.0,3.2
SR-007644,PKG-02,2026-10-01T11:00:00,2.9,49.7,1423,15.6,0.0,3.1
SR-007645,PKG-02,2026-10-01T12:00:00,2.53,49.8,1440,14.1,0.0,3.1
SR-007646,PKG-02,2026-10-01T13:00:00,2.9,50.9,1388,16.0,0.0,3.3
SR-007647,PKG-02,2026-10-01T14:00:00,2.61,49.7,1388,14.1,0.0,3.2
SR-007648,PKG-02,2026-10-01T15:00:00,2.77,50.5,1392,15.2,0.0,3.3
SR-007649,PKG-02,2026-10-01T16:00:00,2.7,52.5,1384,14.5,0.0,3.1
SR-007650,PKG-02,2026-10-01T17:00:00,2.87,50.1,1406,15.8,0.0,3.2
SR-007651,PKG-02,2026-10-01T18:00:00,2.91,48.4,1404,14.9,0.0,3.2
SR-007652,PKG-02,2026-10-01T19:00:00,2.9,51.4,1424,14.8,0.0,3.2
SR-007653,PKG-02,2026-10-01T20:00:00,2.75,48.0,1443,15.7,0.0,3.3
SR-007654,PKG-02,2026-10-01T21:00:00,2.6,49.1,1389,16.1,0.0,3.2
SR-007655,PKG-02,2026-10-01T22:00:00,2.75,49.3,1399,14.7,0.0,3.1
SR-007656,PKG-02,2026-10-01T23:00:00,2.77,50.3,1412,15.3,0.0,3.3
SR-007657,PKG-02,2026-10-02T00:00:00,2.82,49.1,1380,14.0,0.0,3.2
SR-007658,PKG-02,2026-10-02T01:00:00,2.82,48.9,1394,14.7,0.0,3.2
SR-007659,PKG-02,2026-10-02T02:00:00,2.9,48.8,1406,14.4,0.0,3.2
SR-007660,PKG-02,2026-10-02T03:00:00,2.92,49.7,1405,14.6,0.0,3.2
SR-007661,PKG-02,2026-10-02T04:00:00,2.73,49.1,1408,15.4,0.0,3.2
SR-007662,PKG-02,2026-10-02T05:00:00,2.78,49.4,1384,14.8,0.0,3.2
SR-007663,PKG-02,2026-10-02T06:00:00,2.92,49.3,1385,16.1,0.0,3.3
SR-007664,PKG-02,2026-10-02T07:00:00,2.87,49.6,1382,14.6,0.0,3.2
SR-007665,PKG-02,2026-10-02T08:00:00,2.75,49.4,1372,14.8,0.0,3.2
SR-007666,PKG-02,2026-10-02T09:00:00,2.54,51.7,1394,14.1,0.0,3.2
SR-007667,PKG-02,2026-10-02T10:00:00,2.77,51.0,1394,15.0,0.0,3.3
SR-007668,PKG-02,2026-10-02T11:00:00,2.83,50.8,1429,14.7,0.0,3.1
SR-007669,PKG-02,2026-10-02T12:00:00,3.01,52.1,1388,14.9,0.0,3.3
SR-007670,PKG-02,2026-10-02T13:00:00,2.71,50.9,1383,16.1,0.0,3.2
SR-007671,PKG-02,2026-10-02T14:00:00,2.6,51.3,1417,14.8,0.0,3.2
SR-007672,PKG-02,2026-10-02T15:00:00,3.05,49.7,1395,15.1,0.0,3.1
SR-007673,PKG-02,2026-10-02T16:00:00,2.85,51.3,1417,14.0,0.0,3.2
SR-007674,PKG-02,2026-10-02T17:00:00,2.88,51.3,1393,15.1,0.0,3.1
SR-007675,PKG-02,2026-10-02T18:00:00,2.55,51.8,1401,15.6,0.0,3.2
SR-007676,PKG-02,2026-10-02T19:00:00,2.9,49.0,1377,14.2,0.0,3.2
SR-007677,PKG-02,2026-10-02T20:00:00,2.94,49.6,1416,15.1,0.0,3.3
SR-007678,PKG-02,2026-10-02T21:00:00,2.68,48.9,1404,15.0,0.0,3.1
SR-007679,PKG-02,2026-10-02T22:00:00,2.96,49.3,1436,15.0,0.0,3.2
SR-007680,PKG-02,2026-10-02T23:00:00,2.58,48.3,1416,13.9,0.0,3.3
SR-007681,PKG-03,2026-09-17T00:00:00,2.82,48.7,1426,14.0,0.0,3.2
SR-007682,PKG-03,2026-09-17T01:00:00,2.65,49.3,1440,14.3,0.0,3.1
SR-007683,PKG-03,2026-09-17T02:00:00,2.96,49.9,1453,14.9,0.0,3.1
SR-007684,PKG-03,2026-09-17T03:00:00,2.85,49.7,1434,14.9,0.0,3.2
SR-007685,PKG-03,2026-09-17T04:00:00,2.59,49.0,1391,15.2,0.0,3.2
SR-007686,PKG-03,2026-09-17T05:00:00,2.73,49.3,1385,14.5,0.0,3.1
SR-007687,PKG-03,2026-09-17T06:00:00,2.66,49.3,1376,15.1,0.0,3.2
SR-007688,PKG-03,2026-09-17T07:00:00,2.8,50.9,1386,15.3,0.0,3.2
SR-007689,PKG-03,2026-09-17T08:00:00,2.81,50.6,1420,14.8,0.0,3.2
SR-007690,PKG-03,2026-09-17T09:00:00,2.79,51.1,1363,14.9,0.0,3.1
SR-007691,PKG-03,2026-09-17T10:00:00,2.6,51.8,1372,15.4,0.0,3.2
SR-007692,PKG-03,2026-09-17T11:00:00,2.79,50.3,1420,15.7,0.0,3.2
SR-007693,PKG-03,2026-09-17T12:00:00,2.88,51.0,1366,15.1,0.0,3.2
SR-007694,PKG-03,2026-09-17T13:00:00,2.74,51.6,1403,14.4,0.0,3.2
SR-007695,PKG-03,2026-09-17T14:00:00,2.88,50.0,1415,14.9,0.0,3.1
SR-007696,PKG-03,2026-09-17T15:00:00,2.93,52.0,1398,14.9,0.0,3.1
SR-007697,PKG-03,2026-09-17T16:00:00,2.79,49.8,1403,14.8,0.0,3.2
SR-007698,PKG-03,2026-09-17T17:00:00,2.99,50.5,1401,14.9,0.0,3.1
SR-007699,PKG-03,2026-09-17T18:00:00,2.71,50.5,1446,14.4,0.0,3.2
SR-007700,PKG-03,2026-09-17T19:00:00,2.83,48.3,1411,14.9,0.0,3.1
SR-007701,PKG-03,2026-09-17T20:00:00,2.76,50.4,1409,14.6,0.0,3.2
SR-007702,PKG-03,2026-09-17T21:00:00,3.0,50.0,1412,15.0,0.0,3.2
SR-007703,PKG-03,2026-09-17T22:00:00,2.62,48.4,1427,14.7,0.0,3.1
SR-007704,PKG-03,2026-09-17T23:00:00,2.82,48.4,1392,15.3,0.0,3.3
SR-007705,PKG-03,2026-09-18T00:00:00,2.84,48.0,1367,15.8,0.0,3.3
SR-007706,PKG-03,2026-09-18T01:00:00,2.73,48.6,1418,14.6,0.0,3.1
SR-007707,PKG-03,2026-09-18T02:00:00,3.04,50.0,1397,13.7,0.0,3.1
SR-007708,PKG-03,2026-09-18T03:00:00,2.73,49.0,1429,14.6,0.0,3.2
SR-007709,PKG-03,2026-09-18T04:00:00,2.67,50.2,1375,14.7,0.0,3.3
SR-007710,PKG-03,2026-09-18T05:00:00,2.74,48.6,1404,15.1,0.0,3.1
SR-007711,PKG-03,2026-09-18T06:00:00,2.8,50.5,1389,15.4,0.0,3.3
SR-007712,PKG-03,2026-09-18T07:00:00,2.75,50.3,1435,15.3,0.0,3.2
SR-007713,PKG-03,2026-09-18T08:00:00,2.64,50.6,1399,14.0,0.0,3.3
SR-007714,PKG-03,2026-09-18T09:00:00,2.57,51.4,1394,14.8,0.0,3.2
SR-007715,PKG-03,2026-09-18T10:00:00,2.6,51.1,1381,15.0,0.0,3.1
SR-007716,PKG-03,2026-09-18T11:00:00,3.02,51.0,1404,14.4,0.0,3.2
SR-007717,PKG-03,2026-09-18T12:00:00,2.99,49.8,1411,15.6,0.0,3.1
SR-007718,PKG-03,2026-09-18T13:00:00,2.62,51.6,1400,14.1,0.0,3.2
SR-007719,PKG-03,2026-09-18T14:00:00,2.68,50.1,1406,13.9,0.0,3.2
SR-007720,PKG-03,2026-09-18T15:00:00,2.75,51.1,1391,14.6,0.0,3.2
SR-007721,PKG-03,2026-09-18T16:00:00,2.86,50.2,1399,15.0,0.0,3.2
SR-007722,PKG-03,2026-09-18T17:00:00,2.7,49.8,1399,14.8,0.0,3.1
SR-007723,PKG-03,2026-09-18T18:00:00,2.74,49.8,1374,15.4,0.0,3.2
SR-007724,PKG-03,2026-09-18T19:00:00,2.86,50.8,1414,15.7,0.0,3.3
SR-007725,PKG-03,2026-09-18T20:00:00,2.69,49.1,1436,15.2,0.0,3.2
SR-007726,PKG-03,2026-09-18T21:00:00,2.81,50.6,1388,13.9,0.0,3.2
SR-007727,PKG-03,2026-09-18T22:00:00,2.83,50.8,1370,14.5,0.0,3.2
SR-007728,PKG-03,2026-09-18T23:00:00,2.8,49.4,1407,15.2,0.0,3.2
SR-007729,PKG-03,2026-09-19T00:00:00,2.78,48.9,1431,15.2,0.0,3.2
SR-007730,PKG-03,2026-09-19T01:00:00,2.84,50.3,1406,14.6,0.0,3.2
SR-007731,PKG-03,2026-09-19T02:00:00,2.64,49.5,1371,15.1,0.0,3.2
SR-007732,PKG-03,2026-09-19T03:00:00,2.63,49.2,1384,14.8,0.0,3.1
SR-007733,PKG-03,2026-09-19T04:00:00,2.63,48.8,1390,15.9,0.0,3.3
SR-007734,PKG-03,2026-09-19T05:00:00,2.8,50.6,1391,15.3,0.0,3.1
SR-007735,PKG-03,2026-09-19T06:00:00,2.79,50.3,1426,15.4,0.0,3.3
SR-007736,PKG-03,2026-09-19T07:00:00,2.73,50.7,1399,14.8,0.0,3.3
SR-007737,PKG-03,2026-09-19T08:00:00,2.8,50.3,1423,14.8,0.0,3.1
SR-007738,PKG-03,2026-09-19T09:00:00,2.62,50.7,1371,15.5,0.0,3.1
SR-007739,PKG-03,2026-09-19T10:00:00,2.74,50.5,1398,15.0,0.0,3.2
SR-007740,PKG-03,2026-09-19T11:00:00,2.8,51.0,1397,15.2,0.0,3.3
SR-007741,PKG-03,2026-09-19T12:00:00,2.72,51.5,1371,15.1,0.0,3.1
SR-007742,PKG-03,2026-09-19T13:00:00,2.62,51.9,1417,14.4,0.0,3.2
SR-007743,PKG-03,2026-09-19T14:00:00,2.5,51.1,1386,15.0,0.0,3.4
SR-007744,PKG-03,2026-09-19T15:00:00,2.81,49.3,1413,15.3,0.0,3.1
SR-007745,PKG-03,2026-09-19T16:00:00,2.99,49.5,1387,14.2,0.0,3.2
SR-007746,PKG-03,2026-09-19T17:00:00,2.83,50.4,1397,15.3,0.0,3.2
SR-007747,PKG-03,2026-09-19T18:00:00,2.93,49.3,1400,15.4,0.0,3.2
SR-007748,PKG-03,2026-09-19T19:00:00,2.89,49.4,1397,16.1,0.0,3.2
SR-007749,PKG-03,2026-09-19T20:00:00,2.69,49.7,1437,14.9,0.0,3.2
SR-007750,PKG-03,2026-09-19T21:00:00,2.9,48.4,1370,15.2,0.0,3.2
SR-007751,PKG-03,2026-09-19T22:00:00,2.66,49.1,1393,13.9,0.0,3.3
SR-007752,PKG-03,2026-09-19T23:00:00,2.86,50.4,1391,14.3,0.0,3.1
SR-007753,PKG-03,2026-09-20T00:00:00,2.79,48.9,1368,14.5,0.0,3.2
SR-007754,PKG-03,2026-09-20T01:00:00,2.71,49.5,1464,16.1,0.0,3.2
SR-007755,PKG-03,2026-09-20T02:00:00,2.79,51.2,1429,15.5,0.0,3.2
SR-007756,PKG-03,2026-09-20T03:00:00,2.76,50.0,1428,15.9,0.0,3.0
SR-007757,PKG-03,2026-09-20T04:00:00,2.87,51.6,1398,15.2,0.0,3.2
SR-007758,PKG-03,2026-09-20T05:00:00,2.86,49.8,1416,15.2,0.0,3.3
SR-007759,PKG-03,2026-09-20T06:00:00,2.84,49.4,1359,14.1,0.0,3.3
SR-007760,PKG-03,2026-09-20T07:00:00,2.91,48.5,1358,15.6,0.0,3.2
SR-007761,PKG-03,2026-09-20T08:00:00,2.66,50.9,1372,14.9,0.0,3.2
SR-007762,PKG-03,2026-09-20T09:00:00,2.69,50.7,1439,15.0,0.0,3.2
SR-007763,PKG-03,2026-09-20T10:00:00,2.8,49.7,1372,14.9,0.0,3.2
SR-007764,PKG-03,2026-09-20T11:00:00,2.8,51.8,1382,15.0,0.0,3.3
SR-007765,PKG-03,2026-09-20T12:00:00,2.52,50.8,1446,15.1,0.0,3.2
SR-007766,PKG-03,2026-09-20T13:00:00,2.84,51.2,1443,14.0,0.0,3.2
SR-007767,PKG-03,2026-09-20T14:00:00,2.85,50.7,1413,14.3,0.0,3.2
SR-007768,PKG-03,2026-09-20T15:00:00,2.9,50.6,1387,15.4,0.0,3.2
SR-007769,PKG-03,2026-09-20T16:00:00,2.95,49.8,1412,16.7,0.0,3.3
SR-007770,PKG-03,2026-09-20T17:00:00,2.65,50.9,1402,14.3,0.0,3.2
SR-007771,PKG-03,2026-09-20T18:00:00,2.88,50.7,1385,15.6,0.0,3.1
SR-007772,PKG-03,2026-09-20T19:00:00,2.7,50.4,1449,14.9,0.0,3.0
SR-007773,PKG-03,2026-09-20T20:00:00,2.75,48.7,1353,15.1,0.0,3.2
SR-007774,PKG-03,2026-09-20T21:00:00,2.89,50.2,1378,15.2,0.0,3.2
SR-007775,PKG-03,2026-09-20T22:00:00,2.76,48.4,1401,14.7,0.0,3.2
SR-007776,PKG-03,2026-09-20T23:00:00,2.84,50.2,1375,14.6,0.0,3.1
SR-007777,PKG-03,2026-09-21T00:00:00,2.93,49.1,1380,14.8,0.0,3.2
SR-007778,PKG-03,2026-09-21T01:00:00,2.79,47.8,1391,15.1,0.0,3.1
SR-007779,PKG-03,2026-09-21T02:00:00,2.59,48.6,1422,14.7,0.0,3.2
SR-007780,PKG-03,2026-09-21T03:00:00,2.95,49.6,1437,15.0,0.0,3.2
SR-007781,PKG-03,2026-09-21T04:00:00,2.7,50.5,1394,14.6,0.0,3.2
SR-007782,PKG-03,2026-09-21T05:00:00,2.77,50.3,1407,14.9,0.0,3.2
SR-007783,PKG-03,2026-09-21T06:00:00,2.95,50.3,1387,14.4,0.0,3.3
SR-007784,PKG-03,2026-09-21T07:00:00,2.89,49.7,1411,14.6,0.0,3.2
SR-007785,PKG-03,2026-09-21T08:00:00,2.7,49.8,1410,15.3,0.0,3.3
SR-007786,PKG-03,2026-09-21T09:00:00,2.83,49.1,1395,14.3,0.0,3.1
SR-007787,PKG-03,2026-09-21T10:00:00,2.73,51.2,1378,15.4,0.0,3.1
SR-007788,PKG-03,2026-09-21T11:00:00,2.75,51.1,1409,14.1,0.0,3.2
SR-007789,PKG-03,2026-09-21T12:00:00,2.82,49.4,1407,14.4,0.0,3.1
SR-007790,PKG-03,2026-09-21T13:00:00,2.65,50.8,1412,14.8,0.0,3.1
SR-007791,PKG-03,2026-09-21T14:00:00,2.8,51.3,1404,15.0,0.0,3.1
SR-007792,PKG-03,2026-09-21T15:00:00,2.73,49.8,1389,15.3,0.0,3.2
SR-007793,PKG-03,2026-09-21T16:00:00,2.7,50.8,1425,15.6,0.0,3.2
SR-007794,PKG-03,2026-09-21T17:00:00,2.48,50.5,1417,15.2,0.0,3.3
SR-007795,PKG-03,2026-09-21T18:00:00,2.74,50.8,1428,15.4,0.0,3.2
SR-007796,PKG-03,2026-09-21T19:00:00,2.74,48.6,1425,14.5,0.0,3.1
SR-007797,PKG-03,2026-09-21T20:00:00,2.94,49.5,1405,13.7,0.0,3.2
SR-007798,PKG-03,2026-09-21T21:00:00,2.77,47.1,1406,14.3,0.0,3.3
SR-007799,PKG-03,2026-09-21T22:00:00,2.85,47.8,1399,14.5,0.0,3.2
SR-007800,PKG-03,2026-09-21T23:00:00,2.63,48.8,1420,15.2,0.0,3.2
SR-007801,PKG-03,2026-09-22T00:00:00,2.93,49.6,1382,14.7,0.0,3.3
SR-007802,PKG-03,2026-09-22T01:00:00,2.79,50.7,1418,15.3,0.0,3.3
SR-007803,PKG-03,2026-09-22T02:00:00,2.62,49.3,1417,15.6,0.0,3.3
SR-007804,PKG-03,2026-09-22T03:00:00,2.67,51.0,1399,14.6,0.0,3.4
SR-007805,PKG-03,2026-09-22T04:00:00,2.78,49.3,1420,14.5,0.0,3.1
SR-007806,PKG-03,2026-09-22T05:00:00,2.65,50.4,1378,14.9,0.0,3.2
SR-007807,PKG-03,2026-09-22T06:00:00,2.79,49.0,1380,14.9,0.0,3.1
SR-007808,PKG-03,2026-09-22T07:00:00,2.83,49.9,1374,14.4,0.0,3.2
SR-007809,PKG-03,2026-09-22T08:00:00,2.97,51.4,1421,14.7,0.0,3.3
SR-007810,PKG-03,2026-09-22T09:00:00,2.78,50.5,1395,15.6,0.0,3.1
SR-007811,PKG-03,2026-09-22T10:00:00,3.01,51.4,1385,13.9,0.0,3.0
SR-007812,PKG-03,2026-09-22T11:00:00,2.73,48.7,1382,15.5,0.0,3.1
SR-007813,PKG-03,2026-09-22T12:00:00,2.76,50.0,1394,15.8,0.0,3.3
SR-007814,PKG-03,2026-09-22T13:00:00,2.94,49.9,1399,15.0,0.0,3.2
SR-007815,PKG-03,2026-09-22T14:00:00,2.8,52.1,1399,15.4,0.0,3.3
SR-007816,PKG-03,2026-09-22T15:00:00,2.74,51.5,1392,16.6,0.0,3.3
SR-007817,PKG-03,2026-09-22T16:00:00,2.84,49.5,1408,16.3,0.0,3.2
SR-007818,PKG-03,2026-09-22T17:00:00,2.67,50.9,1394,14.9,0.0,3.3
SR-007819,PKG-03,2026-09-22T18:00:00,3.01,51.3,1413,15.0,0.0,3.3
SR-007820,PKG-03,2026-09-22T19:00:00,2.92,49.8,1420,15.1,0.0,3.2
SR-007821,PKG-03,2026-09-22T20:00:00,2.69,49.4,1450,14.9,0.0,3.2
SR-007822,PKG-03,2026-09-22T21:00:00,2.71,49.5,1388,15.2,0.0,3.1
SR-007823,PKG-03,2026-09-22T22:00:00,2.7,50.1,1415,15.2,0.0,3.3
SR-007824,PKG-03,2026-09-22T23:00:00,2.92,49.3,1368,15.2,0.0,3.1
SR-007825,PKG-03,2026-09-23T00:00:00,2.85,49.6,1410,15.5,0.0,3.3
SR-007826,PKG-03,2026-09-23T01:00:00,2.69,50.6,1411,15.1,0.0,3.2
SR-007827,PKG-03,2026-09-23T02:00:00,2.83,48.3,1396,14.8,0.0,3.3
SR-007828,PKG-03,2026-09-23T03:00:00,3.04,49.3,1396,15.3,0.0,3.2
SR-007829,PKG-03,2026-09-23T04:00:00,2.58,50.8,1391,15.6,0.0,3.3
SR-007830,PKG-03,2026-09-23T05:00:00,2.76,49.9,1427,16.1,0.0,3.2
SR-007831,PKG-03,2026-09-23T06:00:00,2.74,49.6,1395,15.2,0.0,3.2
SR-007832,PKG-03,2026-09-23T07:00:00,2.9,49.9,1419,14.6,0.0,3.2
SR-007833,PKG-03,2026-09-23T08:00:00,2.68,50.7,1436,15.6,0.0,3.2
SR-007834,PKG-03,2026-09-23T09:00:00,2.75,52.1,1398,14.4,0.0,3.1
SR-007835,PKG-03,2026-09-23T10:00:00,2.97,51.2,1414,14.9,0.0,3.3
SR-007836,PKG-03,2026-09-23T11:00:00,2.8,50.9,1387,15.3,0.0,3.2
SR-007837,PKG-03,2026-09-23T12:00:00,2.62,51.7,1408,14.5,0.0,3.2
SR-007838,PKG-03,2026-09-23T13:00:00,2.78,50.2,1414,14.6,0.0,3.2
SR-007839,PKG-03,2026-09-23T14:00:00,2.8,52.0,1403,15.0,0.0,3.2
SR-007840,PKG-03,2026-09-23T15:00:00,2.63,50.1,1370,14.4,0.0,3.2
SR-007841,PKG-03,2026-09-23T16:00:00,2.79,51.3,1407,14.0,0.0,3.2
SR-007842,PKG-03,2026-09-23T17:00:00,3.01,49.9,1389,15.3,0.0,3.2
SR-007843,PKG-03,2026-09-23T18:00:00,2.64,49.6,1440,15.7,0.0,3.2
SR-007844,PKG-03,2026-09-23T19:00:00,2.86,49.1,1408,14.3,0.0,3.1
SR-007845,PKG-03,2026-09-23T20:00:00,2.69,48.6,1385,16.7,0.0,3.2
SR-007846,PKG-03,2026-09-23T21:00:00,2.66,49.0,1398,15.8,0.0,3.2
SR-007847,PKG-03,2026-09-23T22:00:00,2.76,49.3,1394,16.1,0.0,3.3
SR-007848,PKG-03,2026-09-23T23:00:00,2.77,50.2,1419,14.2,0.0,3.3
SR-007849,PKG-03,2026-09-24T00:00:00,2.86,49.3,1381,14.3,0.0,3.3
SR-007850,PKG-03,2026-09-24T01:00:00,2.75,49.5,1421,14.9,0.0,3.2
SR-007851,PKG-03,2026-09-24T02:00:00,2.94,49.0,1423,14.5,0.0,3.3
SR-007852,PKG-03,2026-09-24T03:00:00,2.78,49.0,1399,14.9,0.0,3.2
SR-007853,PKG-03,2026-09-24T04:00:00,3.01,48.4,1412,15.0,0.0,3.1
SR-007854,PKG-03,2026-09-24T05:00:00,2.8,49.1,1425,15.0,0.0,3.1
SR-007855,PKG-03,2026-09-24T06:00:00,2.71,49.8,1359,14.6,0.0,3.2
SR-007856,PKG-03,2026-09-24T07:00:00,2.87,49.4,1433,14.7,0.0,3.2
SR-007857,PKG-03,2026-09-24T08:00:00,2.8,50.8,1393,15.9,0.0,3.2
SR-007858,PKG-03,2026-09-24T09:00:00,2.83,50.5,1374,14.1,0.0,3.3
SR-007859,PKG-03,2026-09-24T10:00:00,2.77,51.3,1351,15.6,0.0,3.2
SR-007860,PKG-03,2026-09-24T11:00:00,2.95,51.6,1418,14.9,0.0,3.3
SR-007861,PKG-03,2026-09-24T12:00:00,2.76,50.7,1377,14.0,0.0,3.2
SR-007862,PKG-03,2026-09-24T13:00:00,2.75,52.4,1431,15.7,0.0,3.2
SR-007863,PKG-03,2026-09-24T14:00:00,2.62,50.4,1395,13.8,0.0,3.2
SR-007864,PKG-03,2026-09-24T15:00:00,2.72,51.1,1387,14.8,0.0,3.3
SR-007865,PKG-03,2026-09-24T16:00:00,2.8,49.3,1390,14.1,0.0,3.3
SR-007866,PKG-03,2026-09-24T17:00:00,2.74,49.4,1378,16.1,0.0,3.2
SR-007867,PKG-03,2026-09-24T18:00:00,2.84,49.6,1378,14.8,0.0,3.3
SR-007868,PKG-03,2026-09-24T19:00:00,2.89,49.1,1405,14.3,0.0,3.1
SR-007869,PKG-03,2026-09-24T20:00:00,2.86,50.2,1398,14.8,0.0,3.2
SR-007870,PKG-03,2026-09-24T21:00:00,2.51,49.8,1409,15.4,0.0,3.2
SR-007871,PKG-03,2026-09-24T22:00:00,2.75,48.4,1420,14.6,0.0,3.2
SR-007872,PKG-03,2026-09-24T23:00:00,2.65,48.4,1404,14.0,0.0,3.3
SR-007873,PKG-03,2026-09-25T00:00:00,2.77,48.0,1382,15.3,0.0,3.2
SR-007874,PKG-03,2026-09-25T01:00:00,2.77,50.8,1409,15.2,0.0,3.2
SR-007875,PKG-03,2026-09-25T02:00:00,2.73,48.7,1364,14.7,0.0,3.2
SR-007876,PKG-03,2026-09-25T03:00:00,2.66,48.9,1397,14.6,0.0,3.2
SR-007877,PKG-03,2026-09-25T04:00:00,2.91,50.5,1392,15.0,0.0,3.1
SR-007878,PKG-03,2026-09-25T05:00:00,2.95,49.4,1463,14.4,0.0,3.1
SR-007879,PKG-03,2026-09-25T06:00:00,2.81,50.6,1421,14.9,0.0,3.2
SR-007880,PKG-03,2026-09-25T07:00:00,2.85,50.4,1420,13.7,0.0,3.3
SR-007881,PKG-03,2026-09-25T08:00:00,2.75,51.1,1422,14.8,0.0,3.2
SR-007882,PKG-03,2026-09-25T09:00:00,2.69,50.9,1408,15.7,0.0,3.3
SR-007883,PKG-03,2026-09-25T10:00:00,2.91,50.1,1392,13.6,0.0,3.2
SR-007884,PKG-03,2026-09-25T11:00:00,2.81,50.8,1404,14.3,0.0,3.2
SR-007885,PKG-03,2026-09-25T12:00:00,2.78,51.5,1385,13.7,0.0,3.2
SR-007886,PKG-03,2026-09-25T13:00:00,2.65,50.7,1424,15.2,0.0,3.3
SR-007887,PKG-03,2026-09-25T14:00:00,2.84,50.7,1428,15.6,0.0,3.3
SR-007888,PKG-03,2026-09-25T15:00:00,2.8,50.5,1384,15.3,0.0,3.2
SR-007889,PKG-03,2026-09-25T16:00:00,2.83,49.8,1420,15.0,0.0,3.2
SR-007890,PKG-03,2026-09-25T17:00:00,2.9,48.9,1438,15.7,0.0,3.2
SR-007891,PKG-03,2026-09-25T18:00:00,2.79,49.0,1402,14.9,0.0,3.2
SR-007892,PKG-03,2026-09-25T19:00:00,2.8,51.5,1377,14.1,0.0,3.2
SR-007893,PKG-03,2026-09-25T20:00:00,2.65,50.0,1396,13.9,0.0,3.1
SR-007894,PKG-03,2026-09-25T21:00:00,2.88,48.3,1390,15.7,0.0,3.2
SR-007895,PKG-03,2026-09-25T22:00:00,2.6,49.1,1395,14.8,0.0,3.2
SR-007896,PKG-03,2026-09-25T23:00:00,2.76,48.7,1379,15.2,0.0,3.1
SR-007897,PKG-03,2026-09-26T00:00:00,3.04,49.8,1397,15.5,0.0,3.1
SR-007898,PKG-03,2026-09-26T01:00:00,2.82,48.0,1414,15.0,0.0,3.1
SR-007899,PKG-03,2026-09-26T02:00:00,2.54,50.6,1370,15.0,0.0,3.2
SR-007900,PKG-03,2026-09-26T03:00:00,2.66,47.6,1408,14.5,0.0,3.1
SR-007901,PKG-03,2026-09-26T04:00:00,2.96,49.0,1392,15.3,0.0,3.1
SR-007902,PKG-03,2026-09-26T05:00:00,2.63,49.1,1414,14.5,0.0,3.1
SR-007903,PKG-03,2026-09-26T06:00:00,2.62,49.6,1372,15.4,0.0,3.1
SR-007904,PKG-03,2026-09-26T07:00:00,2.72,51.9,1406,14.3,0.0,3.2
SR-007905,PKG-03,2026-09-26T08:00:00,2.86,52.2,1402,14.7,0.0,3.2
SR-007906,PKG-03,2026-09-26T09:00:00,2.7,49.5,1378,14.9,0.0,3.1
SR-007907,PKG-03,2026-09-26T10:00:00,2.87,50.5,1413,15.6,0.0,3.2
SR-007908,PKG-03,2026-09-26T11:00:00,2.97,50.8,1398,16.4,0.0,3.3
SR-007909,PKG-03,2026-09-26T12:00:00,2.43,52.2,1395,16.0,0.0,3.3
SR-007910,PKG-03,2026-09-26T13:00:00,2.59,49.6,1402,14.9,0.0,3.2
SR-007911,PKG-03,2026-09-26T14:00:00,2.92,51.6,1390,16.0,0.0,3.1
SR-007912,PKG-03,2026-09-26T15:00:00,3.11,51.6,1381,15.4,0.0,3.2
SR-007913,PKG-03,2026-09-26T16:00:00,2.8,50.2,1391,14.3,0.0,3.2
SR-007914,PKG-03,2026-09-26T17:00:00,2.84,51.2,1381,14.7,0.0,3.2
SR-007915,PKG-03,2026-09-26T18:00:00,3.13,50.9,1364,14.6,0.0,3.3
SR-007916,PKG-03,2026-09-26T19:00:00,2.9,50.1,1401,14.5,0.0,3.2
SR-007917,PKG-03,2026-09-26T20:00:00,2.99,49.5,1392,15.3,0.0,3.1
SR-007918,PKG-03,2026-09-26T21:00:00,2.67,48.5,1383,15.0,0.0,3.2
SR-007919,PKG-03,2026-09-26T22:00:00,2.81,49.8,1389,14.9,0.0,3.2
SR-007920,PKG-03,2026-09-26T23:00:00,2.82,48.8,1388,15.7,0.0,3.2
SR-007921,PKG-03,2026-09-27T00:00:00,2.72,48.5,1413,13.5,0.0,3.3
SR-007922,PKG-03,2026-09-27T01:00:00,2.92,48.9,1411,15.8,0.0,3.2
SR-007923,PKG-03,2026-09-27T02:00:00,2.62,48.8,1357,14.8,0.0,3.1
SR-007924,PKG-03,2026-09-27T03:00:00,2.79,48.5,1382,15.4,0.0,3.2
SR-007925,PKG-03,2026-09-27T04:00:00,2.9,49.4,1379,15.4,0.0,3.2
SR-007926,PKG-03,2026-09-27T05:00:00,2.61,50.3,1429,15.3,0.0,3.2
SR-007927,PKG-03,2026-09-27T06:00:00,2.72,49.3,1416,16.1,0.0,3.3
SR-007928,PKG-03,2026-09-27T07:00:00,2.71,49.8,1418,15.3,0.0,3.1
SR-007929,PKG-03,2026-09-27T08:00:00,2.9,51.1,1360,13.9,0.0,3.2
SR-007930,PKG-03,2026-09-27T09:00:00,2.57,50.5,1444,15.2,0.0,3.2
SR-007931,PKG-03,2026-09-27T10:00:00,2.88,50.9,1375,15.2,0.0,3.2
SR-007932,PKG-03,2026-09-27T11:00:00,2.5,50.4,1399,14.8,0.0,3.3
SR-007933,PKG-03,2026-09-27T12:00:00,2.84,51.5,1392,16.1,0.0,3.3
SR-007934,PKG-03,2026-09-27T13:00:00,2.8,50.3,1353,15.0,0.0,3.2
SR-007935,PKG-03,2026-09-27T14:00:00,2.94,50.9,1419,15.5,0.0,3.1
SR-007936,PKG-03,2026-09-27T15:00:00,2.73,51.4,1382,14.6,0.0,3.3
SR-007937,PKG-03,2026-09-27T16:00:00,2.96,50.4,1393,15.9,0.0,3.2
SR-007938,PKG-03,2026-09-27T17:00:00,2.91,48.8,1422,15.6,0.0,3.3
SR-007939,PKG-03,2026-09-27T18:00:00,2.98,50.4,1380,14.6,0.0,3.3
SR-007940,PKG-03,2026-09-27T19:00:00,2.72,50.0,1411,15.1,0.0,3.1
SR-007941,PKG-03,2026-09-27T20:00:00,2.79,49.6,1420,15.3,0.0,3.2
SR-007942,PKG-03,2026-09-27T21:00:00,2.94,50.9,1401,14.8,0.0,3.1
SR-007943,PKG-03,2026-09-27T22:00:00,2.92,50.8,1378,15.1,0.0,3.2
SR-007944,PKG-03,2026-09-27T23:00:00,2.87,48.3,1382,14.8,0.0,3.2
SR-007945,PKG-03,2026-09-28T00:00:00,2.92,49.4,1423,15.0,0.0,3.2
SR-007946,PKG-03,2026-09-28T01:00:00,2.81,49.6,1395,15.2,0.0,3.1
SR-007947,PKG-03,2026-09-28T02:00:00,2.94,49.7,1401,15.4,0.0,3.2
SR-007948,PKG-03,2026-09-28T03:00:00,2.84,50.0,1392,14.9,0.0,3.2
SR-007949,PKG-03,2026-09-28T04:00:00,2.62,50.4,1434,14.7,0.0,3.2
SR-007950,PKG-03,2026-09-28T05:00:00,2.77,49.3,1414,14.3,0.0,3.2
SR-007951,PKG-03,2026-09-28T06:00:00,2.82,49.9,1395,15.0,0.0,3.3
SR-007952,PKG-03,2026-09-28T07:00:00,2.63,50.1,1392,15.2,0.0,3.3
SR-007953,PKG-03,2026-09-28T08:00:00,2.86,50.5,1401,15.5,0.0,3.2
SR-007954,PKG-03,2026-09-28T09:00:00,2.99,52.4,1430,15.5,0.0,3.3
SR-007955,PKG-03,2026-09-28T10:00:00,2.61,50.6,1390,15.7,0.0,3.1
SR-007956,PKG-03,2026-09-28T11:00:00,2.95,51.4,1358,15.3,0.0,3.3
SR-007957,PKG-03,2026-09-28T12:00:00,2.86,50.7,1420,14.7,0.0,3.2
SR-007958,PKG-03,2026-09-28T13:00:00,2.66,50.7,1422,14.6,0.0,3.2
SR-007959,PKG-03,2026-09-28T14:00:00,2.97,49.7,1413,15.8,0.0,3.2
SR-007960,PKG-03,2026-09-28T15:00:00,2.88,51.5,1334,15.5,0.0,3.2
SR-007961,PKG-03,2026-09-28T16:00:00,2.97,50.3,1368,14.4,0.0,3.2
SR-007962,PKG-03,2026-09-28T17:00:00,2.82,49.8,1425,14.7,0.0,3.3
SR-007963,PKG-03,2026-09-28T18:00:00,2.87,51.6,1413,16.1,0.0,3.1
SR-007964,PKG-03,2026-09-28T19:00:00,2.68,49.2,1414,15.5,0.0,3.2
SR-007965,PKG-03,2026-09-28T20:00:00,2.84,48.7,1398,14.5,0.0,3.3
SR-007966,PKG-03,2026-09-28T21:00:00,2.83,49.4,1424,15.6,0.0,3.3
SR-007967,PKG-03,2026-09-28T22:00:00,2.83,49.3,1423,14.0,0.0,3.1
SR-007968,PKG-03,2026-09-28T23:00:00,2.61,48.0,1392,14.8,0.0,3.2
SR-007969,PKG-03,2026-09-29T00:00:00,2.8,47.9,1397,14.3,0.0,3.2
SR-007970,PKG-03,2026-09-29T01:00:00,2.94,48.2,1418,15.8,0.0,3.2
SR-007971,PKG-03,2026-09-29T02:00:00,2.79,49.9,1380,15.4,0.0,3.1
SR-007972,PKG-03,2026-09-29T03:00:00,2.72,50.7,1416,14.4,0.0,3.2
SR-007973,PKG-03,2026-09-29T04:00:00,2.88,49.3,1399,16.2,0.0,3.2
SR-007974,PKG-03,2026-09-29T05:00:00,2.75,50.6,1388,15.1,0.0,3.3
SR-007975,PKG-03,2026-09-29T06:00:00,2.99,48.9,1442,14.6,0.0,3.2
SR-007976,PKG-03,2026-09-29T07:00:00,2.7,50.5,1376,14.6,0.0,3.1
SR-007977,PKG-03,2026-09-29T08:00:00,2.92,51.6,1406,15.0,0.0,3.3
SR-007978,PKG-03,2026-09-29T09:00:00,2.94,49.5,1384,14.9,0.0,3.3
SR-007979,PKG-03,2026-09-29T10:00:00,2.71,49.4,1398,16.4,0.0,3.2
SR-007980,PKG-03,2026-09-29T11:00:00,2.69,50.8,1384,15.6,0.0,3.2
SR-007981,PKG-03,2026-09-29T12:00:00,2.85,51.3,1405,15.5,0.0,3.2
SR-007982,PKG-03,2026-09-29T13:00:00,2.72,50.7,1396,14.1,0.0,3.3
SR-007983,PKG-03,2026-09-29T14:00:00,2.59,50.7,1400,15.2,0.0,3.2
SR-007984,PKG-03,2026-09-29T15:00:00,2.73,49.4,1440,14.3,0.0,3.1
SR-007985,PKG-03,2026-09-29T16:00:00,2.66,51.4,1411,14.1,0.0,3.1
SR-007986,PKG-03,2026-09-29T17:00:00,2.97,50.0,1388,14.9,0.0,3.2
SR-007987,PKG-03,2026-09-29T18:00:00,2.88,50.9,1403,16.2,0.0,3.2
SR-007988,PKG-03,2026-09-29T19:00:00,2.77,50.1,1379,15.3,0.0,3.2
SR-007989,PKG-03,2026-09-29T20:00:00,2.63,49.9,1407,14.9,0.0,3.2
SR-007990,PKG-03,2026-09-29T21:00:00,2.85,49.4,1401,15.9,0.0,3.2
SR-007991,PKG-03,2026-09-29T22:00:00,2.79,49.0,1389,15.1,0.0,3.2
SR-007992,PKG-03,2026-09-29T23:00:00,2.9,49.0,1389,15.3,0.0,3.2
SR-007993,PKG-03,2026-09-30T00:00:00,2.92,49.0,1391,16.1,0.0,3.3
SR-007994,PKG-03,2026-09-30T01:00:00,2.89,49.5,1385,14.7,0.0,3.1
SR-007995,PKG-03,2026-09-30T02:00:00,2.74,49.3,1414,14.5,0.0,3.3
SR-007996,PKG-03,2026-09-30T03:00:00,2.76,50.1,1398,15.2,0.0,3.2
SR-007997,PKG-03,2026-09-30T04:00:00,2.89,50.7,1413,15.2,0.0,3.2
SR-007998,PKG-03,2026-09-30T05:00:00,2.93,50.5,1400,16.1,0.0,3.1
SR-007999,PKG-03,2026-09-30T06:00:00,2.88,50.6,1393,14.9,0.0,3.2
SR-008000,PKG-03,2026-09-30T07:00:00,2.96,50.4,1385,14.6,0.0,3.3
SR-008001,PKG-03,2026-09-30T08:00:00,2.91,51.0,1426,14.3,0.0,3.2
SR-008002,PKG-03,2026-09-30T09:00:00,2.77,51.1,1431,15.4,0.0,3.2
SR-008003,PKG-03,2026-09-30T10:00:00,2.82,50.2,1423,14.9,0.0,3.3
SR-008004,PKG-03,2026-09-30T11:00:00,2.64,49.2,1404,13.8,0.0,3.2
SR-008005,PKG-03,2026-09-30T12:00:00,2.82,50.4,1419,14.9,0.0,3.1
SR-008006,PKG-03,2026-09-30T13:00:00,2.87,50.6,1382,14.5,0.0,3.2
SR-008007,PKG-03,2026-09-30T14:00:00,2.93,50.7,1413,15.5,0.0,3.2
SR-008008,PKG-03,2026-09-30T15:00:00,2.69,51.6,1402,15.5,0.0,3.3
SR-008009,PKG-03,2026-09-30T16:00:00,2.72,51.5,1423,15.6,0.0,3.2
SR-008010,PKG-03,2026-09-30T17:00:00,2.77,50.3,1386,15.9,0.0,3.2
SR-008011,PKG-03,2026-09-30T18:00:00,2.89,51.0,1395,16.1,0.0,3.2
SR-008012,PKG-03,2026-09-30T19:00:00,2.77,48.4,1425,14.9,0.0,3.2
SR-008013,PKG-03,2026-09-30T20:00:00,3.01,48.3,1426,15.3,0.0,3.2
SR-008014,PKG-03,2026-09-30T21:00:00,3.04,48.9,1387,14.5,0.0,3.2
SR-008015,PKG-03,2026-09-30T22:00:00,2.97,49.3,1390,15.0,0.0,3.1
SR-008016,PKG-03,2026-09-30T23:00:00,2.73,46.9,1388,14.6,0.0,3.1
SR-008017,PKG-03,2026-10-01T00:00:00,2.73,47.0,1413,15.3,0.0,3.2
SR-008018,PKG-03,2026-10-01T01:00:00,2.71,49.9,1397,15.0,0.0,3.2
SR-008019,PKG-03,2026-10-01T02:00:00,2.92,48.4,1395,14.8,0.0,3.3
SR-008020,PKG-03,2026-10-01T03:00:00,2.97,48.6,1401,16.0,0.0,3.2
SR-008021,PKG-03,2026-10-01T04:00:00,2.71,49.8,1421,14.8,0.0,3.2
SR-008022,PKG-03,2026-10-01T05:00:00,2.82,49.8,1416,15.1,0.0,3.3
SR-008023,PKG-03,2026-10-01T06:00:00,2.71,50.5,1420,15.7,0.0,3.2
SR-008024,PKG-03,2026-10-01T07:00:00,2.85,50.1,1421,15.5,0.0,3.1
SR-008025,PKG-03,2026-10-01T08:00:00,2.81,49.1,1412,15.6,0.0,3.2
SR-008026,PKG-03,2026-10-01T09:00:00,2.76,50.2,1420,15.5,0.0,3.2
SR-008027,PKG-03,2026-10-01T10:00:00,2.88,50.4,1426,15.0,0.0,3.1
SR-008028,PKG-03,2026-10-01T11:00:00,2.9,50.5,1435,15.2,0.0,3.2
SR-008029,PKG-03,2026-10-01T12:00:00,2.76,50.7,1435,15.0,0.0,3.3
SR-008030,PKG-03,2026-10-01T13:00:00,2.89,51.3,1410,15.9,0.0,3.2
SR-008031,PKG-03,2026-10-01T14:00:00,2.72,49.9,1407,15.7,0.0,3.2
SR-008032,PKG-03,2026-10-01T15:00:00,2.9,50.3,1362,15.3,0.0,3.3
SR-008033,PKG-03,2026-10-01T16:00:00,2.81,49.1,1429,14.4,0.0,3.2
SR-008034,PKG-03,2026-10-01T17:00:00,2.96,51.3,1378,15.7,0.0,3.2
SR-008035,PKG-03,2026-10-01T18:00:00,2.87,50.1,1423,15.5,0.0,3.2
SR-008036,PKG-03,2026-10-01T19:00:00,2.88,51.8,1404,14.5,0.0,3.2
SR-008037,PKG-03,2026-10-01T20:00:00,2.61,49.0,1436,15.8,0.0,3.2
SR-008038,PKG-03,2026-10-01T21:00:00,2.73,49.1,1417,16.2,0.0,3.1
SR-008039,PKG-03,2026-10-01T22:00:00,2.89,47.5,1441,15.1,0.0,3.1
SR-008040,PKG-03,2026-10-01T23:00:00,2.86,48.9,1377,15.0,0.0,3.3
SR-008041,PKG-03,2026-10-02T00:00:00,2.74,48.3,1386,16.2,0.0,3.3
SR-008042,PKG-03,2026-10-02T01:00:00,2.85,49.3,1409,15.0,0.0,3.3
SR-008043,PKG-03,2026-10-02T02:00:00,2.9,49.5,1419,14.5,0.0,3.1
SR-008044,PKG-03,2026-10-02T03:00:00,2.74,50.3,1389,14.6,0.0,3.1
SR-008045,PKG-03,2026-10-02T04:00:00,2.9,48.9,1404,15.3,0.0,3.3
SR-008046,PKG-03,2026-10-02T05:00:00,2.79,49.2,1368,14.3,0.0,3.1
SR-008047,PKG-03,2026-10-02T06:00:00,2.65,49.5,1407,14.5,0.0,3.2
SR-008048,PKG-03,2026-10-02T07:00:00,2.77,48.0,1414,15.1,0.0,3.2
SR-008049,PKG-03,2026-10-02T08:00:00,2.72,51.4,1422,15.9,0.0,3.2
SR-008050,PKG-03,2026-10-02T09:00:00,2.71,51.5,1387,14.2,0.0,3.2
SR-008051,PKG-03,2026-10-02T10:00:00,2.8,49.6,1455,15.0,0.0,3.2
SR-008052,PKG-03,2026-10-02T11:00:00,2.81,51.0,1409,15.2,0.0,3.3
SR-008053,PKG-03,2026-10-02T12:00:00,2.61,51.3,1403,15.3,0.0,3.2
SR-008054,PKG-03,2026-10-02T13:00:00,2.77,51.3,1417,16.1,0.0,3.3
SR-008055,PKG-03,2026-10-02T14:00:00,3.04,51.2,1386,15.5,0.0,3.1
SR-008056,PKG-03,2026-10-02T15:00:00,2.54,50.7,1384,14.8,0.0,3.3
SR-008057,PKG-03,2026-10-02T16:00:00,2.69,50.0,1387,14.6,0.0,3.2
SR-008058,PKG-03,2026-10-02T17:00:00,2.67,50.9,1376,14.7,0.0,3.1
SR-008059,PKG-03,2026-10-02T18:00:00,2.8,49.7,1356,14.7,0.0,3.2
SR-008060,PKG-03,2026-10-02T19:00:00,2.8,48.9,1378,14.9,0.0,3.1
SR-008061,PKG-03,2026-10-02T20:00:00,3.0,49.3,1381,15.2,0.0,3.2
SR-008062,PKG-03,2026-10-02T21:00:00,2.79,49.1,1434,15.2,0.0,3.1
SR-008063,PKG-03,2026-10-02T22:00:00,3.15,48.5,1408,14.7,0.0,3.3
SR-008064,PKG-03,2026-10-02T23:00:00,2.99,48.7,1414,14.3,0.0,3.2
SR-008065,PKG-04,2026-09-17T00:00:00,2.85,50.0,1406,15.0,0.0,3.2
SR-008066,PKG-04,2026-09-17T01:00:00,3.02,48.8,1394,14.9,0.0,3.2
SR-008067,PKG-04,2026-09-17T02:00:00,2.76,49.7,1428,15.1,0.0,3.2
SR-008068,PKG-04,2026-09-17T03:00:00,2.59,48.6,1414,14.9,0.0,3.2
SR-008069,PKG-04,2026-09-17T04:00:00,2.61,48.7,1380,15.3,0.0,3.2
SR-008070,PKG-04,2026-09-17T05:00:00,2.75,49.2,1394,14.9,0.0,3.2
SR-008071,PKG-04,2026-09-17T06:00:00,2.7,49.5,1378,15.3,0.0,3.3
SR-008072,PKG-04,2026-09-17T07:00:00,2.82,49.7,1398,14.6,0.0,3.1
SR-008073,PKG-04,2026-09-17T08:00:00,2.57,48.8,1426,14.4,0.0,3.2
SR-008074,PKG-04,2026-09-17T09:00:00,2.67,51.7,1417,14.8,0.0,3.2
SR-008075,PKG-04,2026-09-17T10:00:00,2.6,49.9,1399,14.7,0.0,3.1
SR-008076,PKG-04,2026-09-17T11:00:00,2.77,51.8,1412,14.2,0.0,3.3
SR-008077,PKG-04,2026-09-17T12:00:00,2.89,51.6,1391,15.1,0.0,3.2
SR-008078,PKG-04,2026-09-17T13:00:00,2.56,51.1,1407,16.1,0.0,3.3
SR-008079,PKG-04,2026-09-17T14:00:00,2.89,50.8,1405,14.4,0.0,3.1
SR-008080,PKG-04,2026-09-17T15:00:00,2.67,49.6,1396,16.0,0.0,3.1
SR-008081,PKG-04,2026-09-17T16:00:00,3.01,50.1,1397,14.8,0.0,3.2
SR-008082,PKG-04,2026-09-17T17:00:00,2.66,49.7,1420,15.1,0.0,3.2
SR-008083,PKG-04,2026-09-17T18:00:00,2.68,49.7,1403,15.4,0.0,3.1
SR-008084,PKG-04,2026-09-17T19:00:00,2.83,49.7,1400,15.7,0.0,3.3
SR-008085,PKG-04,2026-09-17T20:00:00,2.84,48.9,1376,15.2,0.0,3.3
SR-008086,PKG-04,2026-09-17T21:00:00,2.84,48.9,1387,14.8,0.0,3.2
SR-008087,PKG-04,2026-09-17T22:00:00,2.74,47.7,1367,15.5,0.0,3.1
SR-008088,PKG-04,2026-09-17T23:00:00,2.58,48.6,1423,14.7,0.0,3.2
SR-008089,PKG-04,2026-09-18T00:00:00,2.88,50.5,1400,15.5,0.0,3.1
SR-008090,PKG-04,2026-09-18T01:00:00,2.9,50.1,1404,15.1,0.0,3.2
SR-008091,PKG-04,2026-09-18T02:00:00,2.67,47.9,1431,16.0,0.0,3.2
SR-008092,PKG-04,2026-09-18T03:00:00,2.78,48.8,1419,16.7,0.0,3.3
SR-008093,PKG-04,2026-09-18T04:00:00,2.78,49.2,1422,14.0,0.0,3.2
SR-008094,PKG-04,2026-09-18T05:00:00,2.73,50.7,1396,15.8,0.0,3.2
SR-008095,PKG-04,2026-09-18T06:00:00,2.75,49.9,1429,15.0,0.0,3.2
SR-008096,PKG-04,2026-09-18T07:00:00,2.9,49.7,1355,14.8,0.0,3.3
SR-008097,PKG-04,2026-09-18T08:00:00,2.67,50.4,1371,15.8,0.0,3.1
SR-008098,PKG-04,2026-09-18T09:00:00,2.94,49.7,1405,14.7,0.0,3.1
SR-008099,PKG-04,2026-09-18T10:00:00,2.79,51.8,1422,14.4,0.0,3.2
SR-008100,PKG-04,2026-09-18T11:00:00,2.8,50.9,1387,14.6,0.0,3.3
SR-008101,PKG-04,2026-09-18T12:00:00,2.59,51.9,1412,14.8,0.0,3.1
SR-008102,PKG-04,2026-09-18T13:00:00,2.8,51.1,1406,14.8,0.0,3.1
SR-008103,PKG-04,2026-09-18T14:00:00,2.91,51.2,1405,15.5,0.0,3.3
SR-008104,PKG-04,2026-09-18T15:00:00,2.87,50.2,1375,15.4,0.0,3.2
SR-008105,PKG-04,2026-09-18T16:00:00,2.83,51.9,1378,14.5,0.0,3.2
SR-008106,PKG-04,2026-09-18T17:00:00,2.7,49.4,1360,15.7,0.0,3.3
SR-008107,PKG-04,2026-09-18T18:00:00,2.7,47.9,1373,14.8,0.0,3.3
SR-008108,PKG-04,2026-09-18T19:00:00,2.72,50.4,1383,15.3,0.0,3.2
SR-008109,PKG-04,2026-09-18T20:00:00,2.51,49.0,1385,14.7,0.0,3.2
SR-008110,PKG-04,2026-09-18T21:00:00,2.61,49.5,1376,13.9,0.0,3.1
SR-008111,PKG-04,2026-09-18T22:00:00,2.84,48.8,1355,15.9,0.0,3.2
SR-008112,PKG-04,2026-09-18T23:00:00,2.94,47.9,1382,14.8,0.0,3.2
SR-008113,PKG-04,2026-09-19T00:00:00,3.04,49.4,1396,14.9,0.0,3.1
SR-008114,PKG-04,2026-09-19T01:00:00,2.68,48.5,1373,14.3,0.0,3.2
SR-008115,PKG-04,2026-09-19T02:00:00,2.7,49.6,1416,14.9,0.0,3.3
SR-008116,PKG-04,2026-09-19T03:00:00,2.7,48.0,1386,15.5,0.0,3.4
SR-008117,PKG-04,2026-09-19T04:00:00,3.02,49.9,1413,15.0,0.0,3.2
SR-008118,PKG-04,2026-09-19T05:00:00,2.84,50.5,1443,14.4,0.0,3.2
SR-008119,PKG-04,2026-09-19T06:00:00,2.68,49.5,1374,15.0,0.0,3.2
SR-008120,PKG-04,2026-09-19T07:00:00,2.74,48.7,1426,15.7,0.0,3.3
SR-008121,PKG-04,2026-09-19T08:00:00,3.09,50.4,1421,14.6,0.0,3.3
SR-008122,PKG-04,2026-09-19T09:00:00,2.62,51.3,1394,15.3,0.0,3.1
SR-008123,PKG-04,2026-09-19T10:00:00,2.72,51.3,1415,13.6,0.0,3.3
SR-008124,PKG-04,2026-09-19T11:00:00,2.75,50.4,1431,15.5,0.0,3.3
SR-008125,PKG-04,2026-09-19T12:00:00,2.67,52.0,1351,14.0,0.0,3.2
SR-008126,PKG-04,2026-09-19T13:00:00,2.72,50.9,1375,14.8,0.0,3.0
SR-008127,PKG-04,2026-09-19T14:00:00,2.8,51.0,1394,15.4,0.0,3.2
SR-008128,PKG-04,2026-09-19T15:00:00,2.8,51.5,1395,13.3,0.0,3.2
SR-008129,PKG-04,2026-09-19T16:00:00,2.95,50.3,1422,14.8,0.0,3.2
SR-008130,PKG-04,2026-09-19T17:00:00,2.74,50.3,1407,15.9,0.0,3.2
SR-008131,PKG-04,2026-09-19T18:00:00,2.68,49.0,1378,14.2,0.0,3.1
SR-008132,PKG-04,2026-09-19T19:00:00,2.79,50.4,1364,15.0,0.0,3.2
SR-008133,PKG-04,2026-09-19T20:00:00,2.84,49.8,1384,14.8,0.0,3.2
SR-008134,PKG-04,2026-09-19T21:00:00,2.7,49.1,1401,15.5,0.0,3.2
SR-008135,PKG-04,2026-09-19T22:00:00,2.87,50.4,1423,14.6,0.0,3.3
SR-008136,PKG-04,2026-09-19T23:00:00,2.75,47.6,1393,13.9,0.0,3.1
SR-008137,PKG-04,2026-09-20T00:00:00,2.89,49.7,1390,14.6,0.0,3.3
SR-008138,PKG-04,2026-09-20T01:00:00,2.92,49.9,1412,15.0,0.0,3.2
SR-008139,PKG-04,2026-09-20T02:00:00,2.89,49.2,1415,14.8,0.0,3.1
SR-008140,PKG-04,2026-09-20T03:00:00,2.87,51.1,1437,15.4,0.0,3.2
SR-008141,PKG-04,2026-09-20T04:00:00,2.87,50.5,1394,14.4,0.0,3.3
SR-008142,PKG-04,2026-09-20T05:00:00,2.84,49.8,1384,15.6,0.0,3.2
SR-008143,PKG-04,2026-09-20T06:00:00,2.97,49.5,1387,14.9,0.0,3.3
SR-008144,PKG-04,2026-09-20T07:00:00,2.72,50.4,1408,14.7,0.0,3.1
SR-008145,PKG-04,2026-09-20T08:00:00,2.86,50.3,1410,15.9,0.0,3.3
SR-008146,PKG-04,2026-09-20T09:00:00,2.72,50.2,1411,13.7,0.0,3.3
SR-008147,PKG-04,2026-09-20T10:00:00,2.95,51.0,1380,15.8,0.0,3.1
SR-008148,PKG-04,2026-09-20T11:00:00,2.67,51.3,1415,14.1,0.0,3.2
SR-008149,PKG-04,2026-09-20T12:00:00,3.02,50.6,1396,15.5,0.0,3.2
SR-008150,PKG-04,2026-09-20T13:00:00,2.68,50.0,1390,15.3,0.0,3.3
SR-008151,PKG-04,2026-09-20T14:00:00,2.61,50.1,1388,15.4,0.0,3.1
SR-008152,PKG-04,2026-09-20T15:00:00,2.81,52.1,1426,14.8,0.0,3.2
SR-008153,PKG-04,2026-09-20T16:00:00,2.89,50.4,1398,15.4,0.0,3.2
SR-008154,PKG-04,2026-09-20T17:00:00,2.87,48.8,1419,15.1,0.0,3.3
SR-008155,PKG-04,2026-09-20T18:00:00,2.7,50.4,1407,15.0,0.0,3.2
SR-008156,PKG-04,2026-09-20T19:00:00,2.73,48.7,1398,15.1,0.0,3.3
SR-008157,PKG-04,2026-09-20T20:00:00,2.85,50.1,1418,14.6,0.0,3.2
SR-008158,PKG-04,2026-09-20T21:00:00,2.91,50.0,1394,15.1,0.0,3.2
SR-008159,PKG-04,2026-09-20T22:00:00,2.85,49.4,1411,15.2,0.0,3.1
SR-008160,PKG-04,2026-09-20T23:00:00,2.71,50.6,1434,14.9,0.0,3.2
SR-008161,PKG-04,2026-09-21T00:00:00,2.7,48.6,1356,14.4,0.0,3.2
SR-008162,PKG-04,2026-09-21T01:00:00,2.81,51.1,1403,14.5,0.0,3.1
SR-008163,PKG-04,2026-09-21T02:00:00,2.59,51.2,1428,15.9,0.0,3.2
SR-008164,PKG-04,2026-09-21T03:00:00,2.67,48.1,1405,15.8,0.0,3.3
SR-008165,PKG-04,2026-09-21T04:00:00,2.6,50.2,1394,14.8,0.0,3.1
SR-008166,PKG-04,2026-09-21T05:00:00,2.88,52.0,1396,15.1,0.0,3.2
SR-008167,PKG-04,2026-09-21T06:00:00,2.99,51.5,1390,15.1,0.0,3.3
SR-008168,PKG-04,2026-09-21T07:00:00,2.84,49.8,1407,14.8,0.0,3.3
SR-008169,PKG-04,2026-09-21T08:00:00,2.75,50.1,1397,15.4,0.0,3.3
SR-008170,PKG-04,2026-09-21T09:00:00,2.93,49.9,1369,14.7,0.0,3.2
SR-008171,PKG-04,2026-09-21T10:00:00,2.89,50.2,1385,14.2,0.0,3.3
SR-008172,PKG-04,2026-09-21T11:00:00,2.72,51.1,1352,14.5,0.0,3.3
SR-008173,PKG-04,2026-09-21T12:00:00,2.89,50.0,1440,15.2,0.0,3.2
SR-008174,PKG-04,2026-09-21T13:00:00,2.8,51.7,1396,14.8,0.0,3.2
SR-008175,PKG-04,2026-09-21T14:00:00,2.53,52.5,1372,15.1,0.0,3.2
SR-008176,PKG-04,2026-09-21T15:00:00,2.87,51.0,1388,13.9,0.0,3.3
SR-008177,PKG-04,2026-09-21T16:00:00,2.74,49.8,1422,15.2,0.0,3.1
SR-008178,PKG-04,2026-09-21T17:00:00,2.96,51.3,1392,14.0,0.0,3.2
SR-008179,PKG-04,2026-09-21T18:00:00,2.86,49.9,1383,16.0,0.0,3.1
SR-008180,PKG-04,2026-09-21T19:00:00,2.65,49.6,1411,14.4,0.0,3.1
SR-008181,PKG-04,2026-09-21T20:00:00,2.7,48.8,1448,14.6,0.0,3.2
SR-008182,PKG-04,2026-09-21T21:00:00,2.91,50.2,1406,15.3,0.0,3.2
SR-008183,PKG-04,2026-09-21T22:00:00,2.81,48.8,1400,15.4,0.0,3.2
SR-008184,PKG-04,2026-09-21T23:00:00,2.84,49.6,1401,15.7,0.0,3.2
SR-008185,PKG-04,2026-09-22T00:00:00,2.89,49.7,1425,14.6,0.0,3.2
SR-008186,PKG-04,2026-09-22T01:00:00,2.78,48.7,1367,14.2,0.0,3.3
SR-008187,PKG-04,2026-09-22T02:00:00,2.59,48.9,1413,15.5,0.0,3.1
SR-008188,PKG-04,2026-09-22T03:00:00,2.84,49.0,1407,15.8,0.0,3.1
SR-008189,PKG-04,2026-09-22T04:00:00,2.85,49.7,1403,15.3,0.0,3.2
SR-008190,PKG-04,2026-09-22T05:00:00,3.11,49.9,1376,15.6,0.0,3.2
SR-008191,PKG-04,2026-09-22T06:00:00,3.05,48.2,1391,14.1,0.0,3.4
SR-008192,PKG-04,2026-09-22T07:00:00,2.82,50.4,1406,15.0,0.0,3.3
SR-008193,PKG-04,2026-09-22T08:00:00,2.86,50.7,1396,15.7,0.0,3.1
SR-008194,PKG-04,2026-09-22T09:00:00,2.83,52.3,1425,14.2,0.0,3.1
SR-008195,PKG-04,2026-09-22T10:00:00,2.79,52.7,1386,15.4,0.0,3.2
SR-008196,PKG-04,2026-09-22T11:00:00,3.0,51.0,1371,14.4,0.0,3.3
SR-008197,PKG-04,2026-09-22T12:00:00,2.82,51.0,1401,14.6,0.0,3.1
SR-008198,PKG-04,2026-09-22T13:00:00,2.79,50.5,1400,14.5,0.0,3.1
SR-008199,PKG-04,2026-09-22T14:00:00,2.85,50.4,1408,14.5,0.0,3.1
SR-008200,PKG-04,2026-09-22T15:00:00,2.79,51.1,1414,16.4,0.0,3.2
SR-008201,PKG-04,2026-09-22T16:00:00,2.88,50.3,1410,15.8,0.0,3.1
SR-008202,PKG-04,2026-09-22T17:00:00,2.79,49.7,1397,14.5,0.0,3.3
SR-008203,PKG-04,2026-09-22T18:00:00,2.86,50.7,1384,14.9,0.0,3.2
SR-008204,PKG-04,2026-09-22T19:00:00,2.79,49.9,1444,14.7,0.0,3.2
SR-008205,PKG-04,2026-09-22T20:00:00,3.03,48.3,1422,13.7,0.0,3.1
SR-008206,PKG-04,2026-09-22T21:00:00,2.77,50.5,1361,15.7,0.0,3.2
SR-008207,PKG-04,2026-09-22T22:00:00,2.82,50.0,1404,14.6,0.0,3.2
SR-008208,PKG-04,2026-09-22T23:00:00,2.81,50.3,1419,14.8,0.0,3.2
SR-008209,PKG-04,2026-09-23T00:00:00,2.79,48.6,1375,15.2,0.0,3.2
SR-008210,PKG-04,2026-09-23T01:00:00,2.89,49.2,1400,14.8,0.0,3.2
SR-008211,PKG-04,2026-09-23T02:00:00,3.01,49.8,1416,14.7,0.0,3.2
SR-008212,PKG-04,2026-09-23T03:00:00,2.71,49.9,1386,14.7,0.0,3.4
SR-008213,PKG-04,2026-09-23T04:00:00,2.93,49.2,1424,15.0,0.0,3.3
SR-008214,PKG-04,2026-09-23T05:00:00,2.95,49.3,1448,15.1,0.0,3.2
SR-008215,PKG-04,2026-09-23T06:00:00,2.71,51.1,1442,15.6,0.0,3.1
SR-008216,PKG-04,2026-09-23T07:00:00,2.96,49.1,1403,15.6,0.0,3.2
SR-008217,PKG-04,2026-09-23T08:00:00,2.88,49.6,1406,15.8,0.0,3.2
SR-008218,PKG-04,2026-09-23T09:00:00,2.65,50.8,1440,14.8,0.0,3.2
SR-008219,PKG-04,2026-09-23T10:00:00,3.03,50.5,1400,14.3,0.0,3.3
SR-008220,PKG-04,2026-09-23T11:00:00,2.72,50.2,1408,14.2,0.0,3.1
SR-008221,PKG-04,2026-09-23T12:00:00,2.73,48.8,1349,14.8,0.0,3.2
SR-008222,PKG-04,2026-09-23T13:00:00,2.63,51.1,1399,15.4,0.0,3.2
SR-008223,PKG-04,2026-09-23T14:00:00,2.79,52.1,1386,14.5,0.0,3.2
SR-008224,PKG-04,2026-09-23T15:00:00,2.72,50.7,1417,14.9,0.0,3.3
SR-008225,PKG-04,2026-09-23T16:00:00,2.64,50.1,1413,14.9,0.0,3.3
SR-008226,PKG-04,2026-09-23T17:00:00,2.85,51.0,1436,15.2,0.0,3.1
SR-008227,PKG-04,2026-09-23T18:00:00,2.67,49.5,1390,14.2,0.0,3.2
SR-008228,PKG-04,2026-09-23T19:00:00,2.91,50.9,1425,15.6,0.0,3.1
SR-008229,PKG-04,2026-09-23T20:00:00,2.78,49.6,1380,14.8,0.0,3.2
SR-008230,PKG-04,2026-09-23T21:00:00,2.82,50.1,1402,15.3,0.0,3.3
SR-008231,PKG-04,2026-09-23T22:00:00,2.92,50.0,1366,14.2,0.0,3.2
SR-008232,PKG-04,2026-09-23T23:00:00,2.73,49.4,1379,15.2,0.0,3.2
SR-008233,PKG-04,2026-09-24T00:00:00,2.67,48.7,1398,15.5,0.0,3.1
SR-008234,PKG-04,2026-09-24T01:00:00,2.81,50.0,1432,14.6,0.0,3.2
SR-008235,PKG-04,2026-09-24T02:00:00,2.7,49.6,1427,14.3,0.0,3.1
SR-008236,PKG-04,2026-09-24T03:00:00,2.9,49.5,1452,14.8,0.0,3.3
SR-008237,PKG-04,2026-09-24T04:00:00,2.86,50.9,1416,15.3,0.0,3.3
SR-008238,PKG-04,2026-09-24T05:00:00,2.87,48.6,1442,14.7,0.0,3.2
SR-008239,PKG-04,2026-09-24T06:00:00,2.67,50.8,1398,15.3,0.0,3.1
SR-008240,PKG-04,2026-09-24T07:00:00,2.8,50.4,1386,14.9,0.0,3.2
SR-008241,PKG-04,2026-09-24T08:00:00,2.76,51.2,1396,14.3,0.0,3.2
SR-008242,PKG-04,2026-09-24T09:00:00,3.02,50.5,1424,15.5,0.0,3.2
SR-008243,PKG-04,2026-09-24T10:00:00,2.68,51.9,1399,14.3,0.0,3.1
SR-008244,PKG-04,2026-09-24T11:00:00,3.04,50.0,1410,14.7,0.0,3.2
SR-008245,PKG-04,2026-09-24T12:00:00,2.58,50.8,1396,16.1,0.0,3.3
SR-008246,PKG-04,2026-09-24T13:00:00,2.65,51.2,1404,14.2,0.0,3.2
SR-008247,PKG-04,2026-09-24T14:00:00,2.63,49.8,1432,13.6,0.0,3.2
SR-008248,PKG-04,2026-09-24T15:00:00,2.9,52.2,1383,15.5,0.0,3.3
SR-008249,PKG-04,2026-09-24T16:00:00,2.76,49.7,1383,14.7,0.0,3.1
SR-008250,PKG-04,2026-09-24T17:00:00,2.87,51.4,1381,14.9,0.0,3.2
SR-008251,PKG-04,2026-09-24T18:00:00,3.0,49.8,1404,14.9,0.0,3.1
SR-008252,PKG-04,2026-09-24T19:00:00,2.61,50.2,1411,15.0,0.0,3.2
SR-008253,PKG-04,2026-09-24T20:00:00,2.61,49.3,1391,15.4,0.0,3.2
SR-008254,PKG-04,2026-09-24T21:00:00,2.92,49.7,1373,15.0,0.0,3.2
SR-008255,PKG-04,2026-09-24T22:00:00,2.7,49.6,1417,15.2,0.0,3.2
SR-008256,PKG-04,2026-09-24T23:00:00,2.86,48.5,1396,16.9,0.0,3.2
SR-008257,PKG-04,2026-09-25T00:00:00,2.75,50.1,1401,14.7,0.0,3.2
SR-008258,PKG-04,2026-09-25T01:00:00,2.84,49.4,1409,16.2,0.0,3.1
SR-008259,PKG-04,2026-09-25T02:00:00,2.86,49.8,1418,14.6,0.0,3.2
SR-008260,PKG-04,2026-09-25T03:00:00,2.89,49.7,1378,14.8,0.0,3.2
SR-008261,PKG-04,2026-09-25T04:00:00,2.81,49.7,1418,14.8,0.0,3.2
SR-008262,PKG-04,2026-09-25T05:00:00,2.57,49.6,1376,15.6,0.0,3.1
SR-008263,PKG-04,2026-09-25T06:00:00,2.85,49.2,1404,15.1,0.0,3.1
SR-008264,PKG-04,2026-09-25T07:00:00,2.75,51.0,1386,15.3,0.0,3.2
SR-008265,PKG-04,2026-09-25T08:00:00,2.64,50.5,1379,15.6,0.0,3.3
SR-008266,PKG-04,2026-09-25T09:00:00,2.73,51.2,1397,15.7,0.0,3.3
SR-008267,PKG-04,2026-09-25T10:00:00,2.85,50.5,1392,15.2,0.0,3.2
SR-008268,PKG-04,2026-09-25T11:00:00,2.72,51.2,1406,13.7,0.0,3.1
SR-008269,PKG-04,2026-09-25T12:00:00,2.84,50.8,1394,15.0,0.0,3.2
SR-008270,PKG-04,2026-09-25T13:00:00,2.6,51.4,1401,15.2,0.0,3.2
SR-008271,PKG-04,2026-09-25T14:00:00,2.85,50.2,1384,14.8,0.0,3.2
SR-008272,PKG-04,2026-09-25T15:00:00,2.59,51.0,1441,14.8,0.0,3.1
SR-008273,PKG-04,2026-09-25T16:00:00,2.98,50.4,1394,14.8,0.0,3.2
SR-008274,PKG-04,2026-09-25T17:00:00,2.94,49.7,1409,15.7,0.0,3.3
SR-008275,PKG-04,2026-09-25T18:00:00,2.9,50.3,1397,14.5,0.0,3.3
SR-008276,PKG-04,2026-09-25T19:00:00,2.7,50.4,1335,14.5,0.0,3.2
SR-008277,PKG-04,2026-09-25T20:00:00,2.62,49.9,1402,14.5,0.0,3.2
SR-008278,PKG-04,2026-09-25T21:00:00,2.84,49.9,1389,14.7,0.0,3.3
SR-008279,PKG-04,2026-09-25T22:00:00,2.63,49.9,1373,15.2,0.0,3.1
SR-008280,PKG-04,2026-09-25T23:00:00,2.81,50.5,1373,15.1,0.0,3.2
SR-008281,PKG-04,2026-09-26T00:00:00,2.91,50.6,1424,15.0,0.0,3.2
SR-008282,PKG-04,2026-09-26T01:00:00,2.61,48.2,1389,15.2,0.0,3.2
SR-008283,PKG-04,2026-09-26T02:00:00,2.93,49.9,1397,14.0,0.0,3.2
SR-008284,PKG-04,2026-09-26T03:00:00,2.63,50.0,1386,14.8,0.0,3.1
SR-008285,PKG-04,2026-09-26T04:00:00,2.72,49.9,1404,14.9,0.0,3.2
SR-008286,PKG-04,2026-09-26T05:00:00,2.66,49.8,1403,14.8,0.0,3.1
SR-008287,PKG-04,2026-09-26T06:00:00,2.6,50.4,1426,14.3,0.0,3.3
SR-008288,PKG-04,2026-09-26T07:00:00,2.78,50.1,1396,14.6,0.0,3.1
SR-008289,PKG-04,2026-09-26T08:00:00,2.69,52.5,1402,16.0,0.0,3.2
SR-008290,PKG-04,2026-09-26T09:00:00,2.77,51.7,1373,14.0,0.0,3.1
SR-008291,PKG-04,2026-09-26T10:00:00,2.84,50.0,1397,14.6,0.0,3.2
SR-008292,PKG-04,2026-09-26T11:00:00,2.89,50.5,1418,14.5,0.0,3.1
SR-008293,PKG-04,2026-09-26T12:00:00,2.72,50.2,1381,14.1,0.0,3.2
SR-008294,PKG-04,2026-09-26T13:00:00,3.05,51.6,1397,15.1,0.0,3.2
SR-008295,PKG-04,2026-09-26T14:00:00,2.7,49.2,1377,14.7,0.0,3.1
SR-008296,PKG-04,2026-09-26T15:00:00,2.81,50.9,1374,15.0,0.0,3.2
SR-008297,PKG-04,2026-09-26T16:00:00,2.83,50.4,1430,14.3,0.0,3.2
SR-008298,PKG-04,2026-09-26T17:00:00,2.74,50.7,1441,14.6,0.0,3.3
SR-008299,PKG-04,2026-09-26T18:00:00,2.83,51.3,1428,15.6,0.0,3.3
SR-008300,PKG-04,2026-09-26T19:00:00,2.91,50.3,1410,15.1,0.0,3.2
SR-008301,PKG-04,2026-09-26T20:00:00,2.9,48.6,1387,14.8,0.0,3.2
SR-008302,PKG-04,2026-09-26T21:00:00,2.87,49.3,1433,15.2,0.0,3.3
SR-008303,PKG-04,2026-09-26T22:00:00,2.64,48.8,1380,15.7,0.0,3.3
SR-008304,PKG-04,2026-09-26T23:00:00,3.03,48.3,1435,16.0,0.0,3.2
SR-008305,PKG-04,2026-09-27T00:00:00,2.79,49.0,1411,15.2,0.0,3.2
SR-008306,PKG-04,2026-09-27T01:00:00,2.99,48.8,1439,14.9,0.0,3.1
SR-008307,PKG-04,2026-09-27T02:00:00,2.68,49.1,1401,15.7,0.0,3.3
SR-008308,PKG-04,2026-09-27T03:00:00,2.86,47.9,1398,15.2,0.0,3.2
SR-008309,PKG-04,2026-09-27T04:00:00,2.86,50.2,1390,15.5,0.0,3.1
SR-008310,PKG-04,2026-09-27T05:00:00,2.65,49.4,1377,15.4,0.0,3.2
SR-008311,PKG-04,2026-09-27T06:00:00,2.83,50.2,1377,15.4,0.0,3.3
SR-008312,PKG-04,2026-09-27T07:00:00,2.94,49.4,1381,15.6,0.0,3.2
SR-008313,PKG-04,2026-09-27T08:00:00,2.95,50.8,1426,15.6,0.0,3.3
SR-008314,PKG-04,2026-09-27T09:00:00,2.9,50.0,1424,15.7,0.0,3.3
SR-008315,PKG-04,2026-09-27T10:00:00,2.82,51.0,1409,15.0,0.0,3.2
SR-008316,PKG-04,2026-09-27T11:00:00,2.7,49.5,1402,14.6,0.0,3.2
SR-008317,PKG-04,2026-09-27T12:00:00,2.72,50.1,1407,15.3,0.0,3.2
SR-008318,PKG-04,2026-09-27T13:00:00,2.61,53.4,1428,14.1,0.0,3.2
SR-008319,PKG-04,2026-09-27T14:00:00,2.79,50.6,1430,14.4,0.0,3.3
SR-008320,PKG-04,2026-09-27T15:00:00,2.72,51.3,1383,15.0,0.0,3.2
SR-008321,PKG-04,2026-09-27T16:00:00,2.77,51.2,1395,14.9,0.0,3.3
SR-008322,PKG-04,2026-09-27T17:00:00,2.86,50.5,1377,15.7,0.0,3.1
SR-008323,PKG-04,2026-09-27T18:00:00,2.95,49.5,1399,15.5,0.0,3.2
SR-008324,PKG-04,2026-09-27T19:00:00,2.67,50.4,1401,14.8,0.0,3.2
SR-008325,PKG-04,2026-09-27T20:00:00,3.0,49.9,1396,14.8,0.0,3.2
SR-008326,PKG-04,2026-09-27T21:00:00,2.9,48.2,1376,15.7,0.0,3.3
SR-008327,PKG-04,2026-09-27T22:00:00,2.89,47.9,1395,13.9,0.0,3.1
SR-008328,PKG-04,2026-09-27T23:00:00,2.64,47.6,1448,14.8,0.0,3.2
SR-008329,PKG-04,2026-09-28T00:00:00,2.98,48.5,1383,15.4,0.0,3.1
SR-008330,PKG-04,2026-09-28T01:00:00,2.71,49.3,1377,14.5,0.0,3.4
SR-008331,PKG-04,2026-09-28T02:00:00,2.78,49.3,1406,14.3,0.0,3.3
SR-008332,PKG-04,2026-09-28T03:00:00,2.83,49.5,1370,15.4,0.0,3.2
SR-008333,PKG-04,2026-09-28T04:00:00,2.72,49.3,1408,13.6,0.0,3.2
SR-008334,PKG-04,2026-09-28T05:00:00,2.81,49.0,1423,14.7,0.0,3.2
SR-008335,PKG-04,2026-09-28T06:00:00,2.81,49.1,1385,15.3,0.0,3.1
SR-008336,PKG-04,2026-09-28T07:00:00,2.96,53.0,1428,14.6,0.0,3.2
SR-008337,PKG-04,2026-09-28T08:00:00,2.77,51.3,1403,14.9,0.0,3.2
SR-008338,PKG-04,2026-09-28T09:00:00,2.74,52.0,1443,14.9,0.0,3.2
SR-008339,PKG-04,2026-09-28T10:00:00,2.75,51.1,1379,14.3,0.0,3.3
SR-008340,PKG-04,2026-09-28T11:00:00,2.99,51.9,1384,16.1,0.0,3.2
SR-008341,PKG-04,2026-09-28T12:00:00,2.72,49.8,1395,15.2,0.0,3.2
SR-008342,PKG-04,2026-09-28T13:00:00,2.74,51.3,1380,14.4,0.0,3.2
SR-008343,PKG-04,2026-09-28T14:00:00,2.54,50.6,1411,14.8,0.0,3.1
SR-008344,PKG-04,2026-09-28T15:00:00,2.8,51.0,1392,15.5,0.0,3.3
SR-008345,PKG-04,2026-09-28T16:00:00,2.72,50.5,1400,15.1,0.0,3.2
SR-008346,PKG-04,2026-09-28T17:00:00,2.8,50.2,1435,14.0,0.0,3.2
SR-008347,PKG-04,2026-09-28T18:00:00,2.74,49.2,1396,15.0,0.0,3.2
SR-008348,PKG-04,2026-09-28T19:00:00,2.67,51.2,1392,14.8,0.0,3.1
SR-008349,PKG-04,2026-09-28T20:00:00,2.47,49.2,1392,15.0,0.0,3.4
SR-008350,PKG-04,2026-09-28T21:00:00,2.7,50.1,1400,15.2,0.0,3.1
SR-008351,PKG-04,2026-09-28T22:00:00,2.81,49.6,1389,14.5,0.0,3.2
SR-008352,PKG-04,2026-09-28T23:00:00,2.66,49.1,1412,15.5,0.0,3.3
SR-008353,PKG-04,2026-09-29T00:00:00,2.68,49.6,1408,15.3,0.0,3.3
SR-008354,PKG-04,2026-09-29T01:00:00,2.66,49.2,1397,14.8,0.0,3.2
SR-008355,PKG-04,2026-09-29T02:00:00,3.01,48.6,1389,14.9,0.0,3.2
SR-008356,PKG-04,2026-09-29T03:00:00,2.88,49.6,1389,14.9,0.0,3.1
SR-008357,PKG-04,2026-09-29T04:00:00,2.67,50.2,1391,15.4,0.0,3.2
SR-008358,PKG-04,2026-09-29T05:00:00,2.71,49.3,1405,14.7,0.0,3.2
SR-008359,PKG-04,2026-09-29T06:00:00,2.85,50.4,1351,16.3,0.0,3.2
SR-008360,PKG-04,2026-09-29T07:00:00,2.74,49.1,1372,15.3,0.0,3.2
SR-008361,PKG-04,2026-09-29T08:00:00,2.8,51.2,1378,14.6,0.0,3.2
SR-008362,PKG-04,2026-09-29T09:00:00,2.88,50.3,1409,15.2,0.0,3.1
SR-008363,PKG-04,2026-09-29T10:00:00,2.9,50.7,1383,14.2,0.0,3.3
SR-008364,PKG-04,2026-09-29T11:00:00,2.96,51.5,1430,14.6,0.0,3.2
SR-008365,PKG-04,2026-09-29T12:00:00,2.72,51.3,1441,15.0,0.0,3.2
SR-008366,PKG-04,2026-09-29T13:00:00,2.92,50.8,1401,14.7,0.0,3.2
SR-008367,PKG-04,2026-09-29T14:00:00,2.93,50.8,1385,14.9,0.0,3.1
SR-008368,PKG-04,2026-09-29T15:00:00,2.84,50.4,1397,13.6,0.0,3.0
SR-008369,PKG-04,2026-09-29T16:00:00,2.61,50.2,1425,15.8,0.0,3.1
SR-008370,PKG-04,2026-09-29T17:00:00,2.64,49.1,1381,15.1,0.0,3.2
SR-008371,PKG-04,2026-09-29T18:00:00,2.92,51.5,1375,14.7,0.0,3.3
SR-008372,PKG-04,2026-09-29T19:00:00,2.63,48.0,1385,15.6,0.0,3.1
SR-008373,PKG-04,2026-09-29T20:00:00,2.68,51.9,1376,14.9,0.0,3.2
SR-008374,PKG-04,2026-09-29T21:00:00,2.97,49.3,1396,14.9,0.0,3.2
SR-008375,PKG-04,2026-09-29T22:00:00,2.92,48.7,1403,14.6,0.0,3.1
SR-008376,PKG-04,2026-09-29T23:00:00,2.79,49.8,1364,13.5,0.0,3.3
SR-008377,PKG-04,2026-09-30T00:00:00,2.88,49.5,1402,14.6,0.0,3.3
SR-008378,PKG-04,2026-09-30T01:00:00,2.63,48.3,1387,15.2,0.0,3.2
SR-008379,PKG-04,2026-09-30T02:00:00,2.61,50.4,1402,15.3,0.0,3.2
SR-008380,PKG-04,2026-09-30T03:00:00,2.67,48.4,1404,14.8,0.0,3.2
SR-008381,PKG-04,2026-09-30T04:00:00,2.56,50.5,1426,14.5,0.0,3.2
SR-008382,PKG-04,2026-09-30T05:00:00,2.74,49.6,1397,14.4,0.0,3.3
SR-008383,PKG-04,2026-09-30T06:00:00,2.81,50.0,1406,14.5,0.0,3.3
SR-008384,PKG-04,2026-09-30T07:00:00,2.72,50.9,1374,14.0,0.0,3.1
SR-008385,PKG-04,2026-09-30T08:00:00,3.1,51.7,1454,14.9,0.0,3.2
SR-008386,PKG-04,2026-09-30T09:00:00,2.83,50.5,1356,14.2,0.0,3.1
SR-008387,PKG-04,2026-09-30T10:00:00,2.62,51.3,1409,13.7,0.0,3.2
SR-008388,PKG-04,2026-09-30T11:00:00,2.86,50.5,1388,14.8,0.0,3.2
SR-008389,PKG-04,2026-09-30T12:00:00,2.6,51.6,1369,16.3,0.0,3.1
SR-008390,PKG-04,2026-09-30T13:00:00,2.68,49.6,1386,14.8,0.0,3.2
SR-008391,PKG-04,2026-09-30T14:00:00,2.86,50.2,1372,15.0,0.0,3.2
SR-008392,PKG-04,2026-09-30T15:00:00,3.02,51.3,1412,15.4,0.0,3.2
SR-008393,PKG-04,2026-09-30T16:00:00,2.6,50.8,1396,15.7,0.0,3.2
SR-008394,PKG-04,2026-09-30T17:00:00,2.93,50.5,1380,14.3,0.0,3.2
SR-008395,PKG-04,2026-09-30T18:00:00,2.66,50.2,1389,15.5,0.0,3.1
SR-008396,PKG-04,2026-09-30T19:00:00,2.84,50.4,1407,15.0,0.0,3.1
SR-008397,PKG-04,2026-09-30T20:00:00,2.73,49.7,1412,14.2,0.0,3.2
SR-008398,PKG-04,2026-09-30T21:00:00,2.63,49.1,1395,15.1,0.0,3.1
SR-008399,PKG-04,2026-09-30T22:00:00,2.76,48.3,1387,15.6,0.0,3.2
SR-008400,PKG-04,2026-09-30T23:00:00,2.57,50.4,1403,15.8,0.0,3.2
SR-008401,PKG-04,2026-10-01T00:00:00,0.08,26.3,0,0.0,0.0,3.2
SR-008402,PKG-04,2026-10-01T01:00:00,0.06,25.8,0,0.0,0.0,3.1
SR-008403,PKG-04,2026-10-01T02:00:00,0.05,26.4,0,0.0,0.0,3.2
SR-008404,PKG-04,2026-10-01T03:00:00,0.05,26.4,0,0.0,0.0,3.2
SR-008405,PKG-04,2026-10-01T04:00:00,0.07,26.2,0,0.0,0.0,3.2
SR-008406,PKG-04,2026-10-01T05:00:00,0.05,26.3,0,0.0,0.0,3.1
SR-008407,PKG-04,2026-10-01T06:00:00,0.06,27.2,0,0.0,0.0,3.1
SR-008408,PKG-04,2026-10-01T07:00:00,0.05,27.5,0,0.0,0.0,3.2
SR-008409,PKG-04,2026-10-01T08:00:00,0.07,27.8,0,0.0,0.0,3.3
SR-008410,PKG-04,2026-10-01T09:00:00,0.06,27.6,0,0.0,0.0,3.3
SR-008411,PKG-04,2026-10-01T10:00:00,0.06,27.8,0,0.0,0.0,3.3
SR-008412,PKG-04,2026-10-01T11:00:00,0.06,28.0,0,0.0,0.0,3.2
SR-008413,PKG-04,2026-10-01T12:00:00,0.06,28.6,0,0.0,0.0,3.2
SR-008414,PKG-04,2026-10-01T13:00:00,0.08,27.7,0,0.0,0.0,3.3
SR-008415,PKG-04,2026-10-01T14:00:00,0.07,27.6,0,0.0,0.0,3.1
SR-008416,PKG-04,2026-10-01T15:00:00,0.05,27.1,0,0.0,0.0,3.1
SR-008417,PKG-04,2026-10-01T16:00:00,0.06,27.6,0,0.0,0.0,3.2
SR-008418,PKG-04,2026-10-01T17:00:00,0.05,27.0,0,0.0,0.0,3.2
SR-008419,PKG-04,2026-10-01T18:00:00,0.06,27.1,0,0.0,0.0,3.2
SR-008420,PKG-04,2026-10-01T19:00:00,0.05,26.8,0,0.0,0.0,3.2
SR-008421,PKG-04,2026-10-01T20:00:00,0.07,26.2,0,0.0,0.0,3.1
SR-008422,PKG-04,2026-10-01T21:00:00,0.06,26.7,0,0.0,0.0,3.2
SR-008423,PKG-04,2026-10-01T22:00:00,0.06,26.2,0,0.0,0.0,3.2
SR-008424,PKG-04,2026-10-01T23:00:00,0.07,26.2,0,0.0,0.0,3.2
SR-008425,PKG-04,2026-10-02T00:00:00,0.07,26.2,0,0.0,0.0,3.1
SR-008426,PKG-04,2026-10-02T01:00:00,0.05,25.3,0,0.0,0.0,3.2
SR-008427,PKG-04,2026-10-02T02:00:00,0.1,25.7,0,0.0,0.0,3.2
SR-008428,PKG-04,2026-10-02T03:00:00,0.06,26.4,0,0.0,0.0,3.2
SR-008429,PKG-04,2026-10-02T04:00:00,0.07,26.4,0,0.0,0.0,3.1
SR-008430,PKG-04,2026-10-02T05:00:00,0.1,26.4,0,0.0,0.0,3.2
SR-008431,PKG-04,2026-10-02T06:00:00,0.08,27.3,0,0.0,0.0,3.2
SR-008432,PKG-04,2026-10-02T07:00:00,0.05,27.0,0,0.0,0.0,3.2
SR-008433,PKG-04,2026-10-02T08:00:00,0.06,27.2,0,0.0,0.0,3.1
SR-008434,PKG-04,2026-10-02T09:00:00,0.08,28.2,0,0.0,0.0,3.3
SR-008435,PKG-04,2026-10-02T10:00:00,0.07,28.0,0,0.0,0.0,3.2
SR-008436,PKG-04,2026-10-02T11:00:00,0.08,27.8,0,0.0,0.0,3.2
SR-008437,PKG-04,2026-10-02T12:00:00,0.1,27.9,0,0.0,0.0,3.2
SR-008438,PKG-04,2026-10-02T13:00:00,0.07,28.0,0,0.0,0.0,3.3
SR-008439,PKG-04,2026-10-02T14:00:00,0.05,27.7,0,0.0,0.0,3.2
SR-008440,PKG-04,2026-10-02T15:00:00,0.05,27.6,0,0.0,0.0,3.1
SR-008441,PKG-04,2026-10-02T16:00:00,0.08,27.5,0,0.0,0.0,3.1
SR-008442,PKG-04,2026-10-02T17:00:00,0.05,26.9,0,0.0,0.0,3.4
SR-008443,PKG-04,2026-10-02T18:00:00,0.08,26.7,0,0.0,0.0,3.2
SR-008444,PKG-04,2026-10-02T19:00:00,0.08,27.2,0,0.0,0.0,3.1
SR-008445,PKG-04,2026-10-02T20:00:00,0.08,26.6,0,0.0,0.0,3.2
SR-008446,PKG-04,2026-10-02T21:00:00,0.06,25.6,0,0.0,0.0,3.2
SR-008447,PKG-04,2026-10-02T22:00:00,0.07,25.4,0,0.0,0.0,3.1
SR-008448,PKG-04,2026-10-02T23:00:00,0.09,26.0,0,0.0,0.0,3.3
SR-008449,PRS-01,2026-09-17T00:00:00,3.09,53.6,508,45.4,3.94,6.4
SR-008450,PRS-01,2026-09-17T01:00:00,3.08,54.8,528,46.6,3.96,6.4
SR-008451,PRS-01,2026-09-17T02:00:00,2.93,52.6,537,48.4,3.88,6.6
SR-008452,PRS-01,2026-09-17T03:00:00,3.19,55.1,525,49.3,3.86,6.5
SR-008453,PRS-01,2026-09-17T04:00:00,3.02,54.5,517,45.9,3.7,6.5
SR-008454,PRS-01,2026-09-17T05:00:00,3.11,55.0,513,52.7,4.02,6.8
SR-008455,PRS-01,2026-09-17T06:00:00,3.04,56.5,533,48.1,4.1,6.5
SR-008456,PRS-01,2026-09-17T07:00:00,3.03,54.5,530,48.3,3.97,6.8
SR-008457,PRS-01,2026-09-17T08:00:00,3.15,54.5,508,45.8,4.2,6.5
SR-008458,PRS-01,2026-09-17T09:00:00,3.15,55.9,524,48.5,4.09,6.5
SR-008459,PRS-01,2026-09-17T10:00:00,2.96,55.6,527,47.5,4.03,6.4
SR-008460,PRS-01,2026-09-17T11:00:00,3.02,55.5,528,46.8,3.97,6.5
SR-008461,PRS-01,2026-09-17T12:00:00,3.17,54.8,511,44.0,3.85,6.6
SR-008462,PRS-01,2026-09-17T13:00:00,2.95,54.3,524,46.7,4.1,6.8
SR-008463,PRS-01,2026-09-17T14:00:00,3.09,56.0,518,48.1,3.99,6.4
SR-008464,PRS-01,2026-09-17T15:00:00,2.91,55.9,522,49.9,4.14,6.4
SR-008465,PRS-01,2026-09-17T16:00:00,3.25,54.1,509,49.9,4.12,6.4
SR-008466,PRS-01,2026-09-17T17:00:00,3.25,55.5,517,47.9,4.14,6.7
SR-008467,PRS-01,2026-09-17T18:00:00,3.22,54.1,511,47.2,4.1,6.4
SR-008468,PRS-01,2026-09-17T19:00:00,3.05,54.5,506,47.9,3.81,6.7
SR-008469,PRS-01,2026-09-17T20:00:00,3.1,55.8,527,48.1,4.17,6.5
SR-008470,PRS-01,2026-09-17T21:00:00,3.06,53.1,523,50.4,4.04,6.7
SR-008471,PRS-01,2026-09-17T22:00:00,3.3,54.1,512,47.3,4.19,6.4
SR-008472,PRS-01,2026-09-17T23:00:00,3.17,53.4,504,49.7,3.91,6.6
SR-008473,PRS-01,2026-09-18T00:00:00,3.24,53.9,521,51.9,4.14,6.6
SR-008474,PRS-01,2026-09-18T01:00:00,2.89,55.7,517,49.7,3.86,6.6
SR-008475,PRS-01,2026-09-18T02:00:00,3.0,54.6,533,48.9,4.11,6.6
SR-008476,PRS-01,2026-09-18T03:00:00,3.14,55.6,520,49.0,4.09,6.4
SR-008477,PRS-01,2026-09-18T04:00:00,2.92,55.0,510,49.2,4.03,6.6
SR-008478,PRS-01,2026-09-18T05:00:00,2.96,54.0,526,47.7,4.17,6.3
SR-008479,PRS-01,2026-09-18T06:00:00,2.98,55.8,515,51.5,3.92,6.5
SR-008480,PRS-01,2026-09-18T07:00:00,3.18,55.9,528,47.6,4.04,6.6
SR-008481,PRS-01,2026-09-18T08:00:00,2.77,55.8,523,50.8,4.01,6.5
SR-008482,PRS-01,2026-09-18T09:00:00,3.01,55.3,513,46.8,4.02,6.3
SR-008483,PRS-01,2026-09-18T10:00:00,3.34,56.2,522,46.4,4.11,6.6
SR-008484,PRS-01,2026-09-18T11:00:00,3.0,54.8,522,49.6,3.84,6.4
SR-008485,PRS-01,2026-09-18T12:00:00,3.09,57.0,509,49.6,3.93,6.5
SR-008486,PRS-01,2026-09-18T13:00:00,3.25,54.5,527,45.3,4.04,6.4
SR-008487,PRS-01,2026-09-18T14:00:00,3.23,55.8,520,44.5,3.94,6.4
SR-008488,PRS-01,2026-09-18T15:00:00,3.19,56.3,516,49.1,3.8,6.6
SR-008489,PRS-01,2026-09-18T16:00:00,3.14,56.1,526,48.7,4.02,6.4
SR-008490,PRS-01,2026-09-18T17:00:00,3.27,53.9,524,47.3,4.04,6.7
SR-008491,PRS-01,2026-09-18T18:00:00,3.32,55.4,520,48.0,3.89,6.4
SR-008492,PRS-01,2026-09-18T19:00:00,3.04,55.6,520,44.4,3.85,6.5
SR-008493,PRS-01,2026-09-18T20:00:00,3.1,54.3,530,47.1,4.11,6.6
SR-008494,PRS-01,2026-09-18T21:00:00,3.01,53.8,518,49.8,4.18,6.4
SR-008495,PRS-01,2026-09-18T22:00:00,3.17,53.6,533,45.9,4.2,6.6
SR-008496,PRS-01,2026-09-18T23:00:00,3.38,53.2,509,44.2,4.0,6.6
SR-008497,PRS-01,2026-09-19T00:00:00,3.17,53.5,530,50.7,4.11,6.7
SR-008498,PRS-01,2026-09-19T01:00:00,3.17,54.1,509,49.3,3.99,6.6
SR-008499,PRS-01,2026-09-19T02:00:00,3.02,54.4,515,51.8,4.18,6.6
SR-008500,PRS-01,2026-09-19T03:00:00,3.21,53.8,522,48.2,3.91,6.5
SR-008501,PRS-01,2026-09-19T04:00:00,3.12,55.6,516,50.3,4.14,6.5
SR-008502,PRS-01,2026-09-19T05:00:00,3.36,55.3,525,49.2,3.83,6.5
SR-008503,PRS-01,2026-09-19T06:00:00,2.9,54.9,527,48.7,4.01,6.6
SR-008504,PRS-01,2026-09-19T07:00:00,3.03,55.0,520,46.4,3.96,6.2
SR-008505,PRS-01,2026-09-19T08:00:00,2.98,55.2,513,45.0,3.97,6.7
SR-008506,PRS-01,2026-09-19T09:00:00,3.18,55.0,520,46.8,3.76,6.4
SR-008507,PRS-01,2026-09-19T10:00:00,2.9,54.5,531,45.8,3.72,6.3
SR-008508,PRS-01,2026-09-19T11:00:00,3.14,54.9,501,46.3,3.98,6.6
SR-008509,PRS-01,2026-09-19T12:00:00,3.01,55.3,511,47.6,4.01,6.3
SR-008510,PRS-01,2026-09-19T13:00:00,3.1,56.2,514,49.3,3.99,6.2
SR-008511,PRS-01,2026-09-19T14:00:00,2.89,55.3,513,47.4,4.06,6.6
SR-008512,PRS-01,2026-09-19T15:00:00,3.16,54.8,525,45.5,3.98,6.6
SR-008513,PRS-01,2026-09-19T16:00:00,3.08,56.1,526,48.5,4.14,6.5
SR-008514,PRS-01,2026-09-19T17:00:00,2.98,55.8,515,44.1,3.91,6.4
SR-008515,PRS-01,2026-09-19T18:00:00,3.2,53.6,519,48.1,3.98,6.4
SR-008516,PRS-01,2026-09-19T19:00:00,3.21,54.1,528,49.0,3.88,6.4
SR-008517,PRS-01,2026-09-19T20:00:00,3.17,54.2,512,47.9,3.96,6.6
SR-008518,PRS-01,2026-09-19T21:00:00,3.06,54.5,527,46.4,4.12,6.5
SR-008519,PRS-01,2026-09-19T22:00:00,3.11,53.2,527,48.5,3.84,6.6
SR-008520,PRS-01,2026-09-19T23:00:00,3.11,54.8,539,46.8,3.96,6.6
SR-008521,PRS-01,2026-09-20T00:00:00,3.13,52.7,520,48.3,4.02,6.5
SR-008522,PRS-01,2026-09-20T01:00:00,3.15,53.3,509,48.9,4.07,6.7
SR-008523,PRS-01,2026-09-20T02:00:00,2.88,53.8,523,47.9,4.08,6.4
SR-008524,PRS-01,2026-09-20T03:00:00,3.15,55.2,518,48.7,4.05,6.5
SR-008525,PRS-01,2026-09-20T04:00:00,3.15,53.8,518,49.5,3.95,6.4
SR-008526,PRS-01,2026-09-20T05:00:00,3.07,54.8,533,49.8,3.95,6.5
SR-008527,PRS-01,2026-09-20T06:00:00,3.0,55.7,516,44.5,3.79,6.5
SR-008528,PRS-01,2026-09-20T07:00:00,3.04,56.7,528,52.1,4.03,6.3
SR-008529,PRS-01,2026-09-20T08:00:00,3.21,55.1,521,45.1,4.02,6.4
SR-008530,PRS-01,2026-09-20T09:00:00,3.12,56.8,518,46.1,4.06,6.3
SR-008531,PRS-01,2026-09-20T10:00:00,3.03,57.0,517,48.4,3.99,6.2
SR-008532,PRS-01,2026-09-20T11:00:00,3.18,56.1,511,48.4,4.08,6.5
SR-008533,PRS-01,2026-09-20T12:00:00,3.07,56.6,519,46.8,3.68,6.6
SR-008534,PRS-01,2026-09-20T13:00:00,2.99,56.6,513,47.4,4.04,6.5
SR-008535,PRS-01,2026-09-20T14:00:00,2.93,55.9,522,49.7,3.79,6.7
SR-008536,PRS-01,2026-09-20T15:00:00,3.02,55.0,500,49.8,3.91,6.5
SR-008537,PRS-01,2026-09-20T16:00:00,2.98,55.6,518,47.4,4.13,6.4
SR-008538,PRS-01,2026-09-20T17:00:00,3.02,55.2,525,48.3,4.02,6.4
SR-008539,PRS-01,2026-09-20T18:00:00,2.99,54.0,522,49.0,4.01,6.6
SR-008540,PRS-01,2026-09-20T19:00:00,3.28,54.2,516,46.8,4.07,6.5
SR-008541,PRS-01,2026-09-20T20:00:00,3.03,56.9,535,49.1,3.83,6.5
SR-008542,PRS-01,2026-09-20T21:00:00,3.07,54.2,513,47.4,3.85,6.4
SR-008543,PRS-01,2026-09-20T22:00:00,3.19,53.3,527,47.9,3.92,6.6
SR-008544,PRS-01,2026-09-20T23:00:00,3.19,56.0,522,50.0,3.89,6.4
SR-008545,PRS-01,2026-09-21T00:00:00,3.21,55.1,508,47.4,4.09,6.4
SR-008546,PRS-01,2026-09-21T01:00:00,3.05,53.6,520,50.4,4.0,6.4
SR-008547,PRS-01,2026-09-21T02:00:00,3.26,53.7,528,43.7,4.03,6.6
SR-008548,PRS-01,2026-09-21T03:00:00,3.05,54.7,530,45.8,4.22,6.4
SR-008549,PRS-01,2026-09-21T04:00:00,3.19,55.5,518,43.6,4.1,6.6
SR-008550,PRS-01,2026-09-21T05:00:00,3.33,54.7,526,49.4,3.99,6.7
SR-008551,PRS-01,2026-09-21T06:00:00,3.25,54.4,532,48.2,3.85,6.6
SR-008552,PRS-01,2026-09-21T07:00:00,3.02,54.4,526,46.6,3.87,6.5
SR-008553,PRS-01,2026-09-21T08:00:00,3.19,56.0,528,48.4,4.07,6.5
SR-008554,PRS-01,2026-09-21T09:00:00,3.17,55.9,509,48.6,3.86,6.4
SR-008555,PRS-01,2026-09-21T10:00:00,3.21,56.5,508,46.3,4.17,6.4
SR-008556,PRS-01,2026-09-21T11:00:00,2.97,55.4,518,47.8,3.98,6.5
SR-008557,PRS-01,2026-09-21T12:00:00,2.94,54.8,529,46.9,3.88,6.5
SR-008558,PRS-01,2026-09-21T13:00:00,3.05,56.4,516,47.7,4.05,6.7
SR-008559,PRS-01,2026-09-21T14:00:00,2.99,56.5,521,46.8,3.97,6.7
SR-008560,PRS-01,2026-09-21T15:00:00,3.12,56.5,514,50.4,3.96,6.6
SR-008561,PRS-01,2026-09-21T16:00:00,3.16,55.6,508,51.4,3.96,6.5
SR-008562,PRS-01,2026-09-21T17:00:00,3.09,55.8,519,46.6,3.99,6.7
SR-008563,PRS-01,2026-09-21T18:00:00,3.18,54.1,526,47.1,3.96,6.4
SR-008564,PRS-01,2026-09-21T19:00:00,3.29,55.6,514,49.2,4.09,6.5
SR-008565,PRS-01,2026-09-21T20:00:00,3.14,53.7,535,49.4,4.23,6.5
SR-008566,PRS-01,2026-09-21T21:00:00,3.18,53.4,535,43.1,3.96,6.4
SR-008567,PRS-01,2026-09-21T22:00:00,3.18,53.3,524,48.2,3.92,6.3
SR-008568,PRS-01,2026-09-21T23:00:00,3.06,53.8,535,47.6,4.03,6.6
SR-008569,PRS-01,2026-09-22T00:00:00,3.09,53.8,521,43.7,3.95,6.4
SR-008570,PRS-01,2026-09-22T01:00:00,2.89,54.7,526,45.7,4.21,6.4
SR-008571,PRS-01,2026-09-22T02:00:00,3.1,54.1,521,43.5,4.11,6.2
SR-008572,PRS-01,2026-09-22T03:00:00,2.94,55.2,504,49.1,4.34,6.5
SR-008573,PRS-01,2026-09-22T04:00:00,2.94,52.9,529,48.3,3.83,6.4
SR-008574,PRS-01,2026-09-22T05:00:00,2.92,53.7,526,50.9,3.98,6.5
SR-008575,PRS-01,2026-09-22T06:00:00,3.22,54.4,521,50.5,4.1,6.6
SR-008576,PRS-01,2026-09-22T07:00:00,2.69,56.3,530,48.5,3.88,6.4
SR-008577,PRS-01,2026-09-22T08:00:00,3.05,55.3,517,49.8,4.02,6.4
SR-008578,PRS-01,2026-09-22T09:00:00,3.07,55.0,524,46.5,4.1,6.7
SR-008579,PRS-01,2026-09-22T10:00:00,3.12,56.0,519,50.0,3.69,6.4
SR-008580,PRS-01,2026-09-22T11:00:00,3.04,57.1,527,49.2,4.15,6.4
SR-008581,PRS-01,2026-09-22T12:00:00,3.19,55.2,529,49.0,3.99,6.5
SR-008582,PRS-01,2026-09-22T13:00:00,3.19,56.5,509,45.3,4.01,6.7
SR-008583,PRS-01,2026-09-22T14:00:00,3.04,54.8,525,48.7,4.02,6.5
SR-008584,PRS-01,2026-09-22T15:00:00,3.16,56.4,529,46.5,3.95,6.5
SR-008585,PRS-01,2026-09-22T16:00:00,3.17,56.4,511,48.3,3.77,6.4
SR-008586,PRS-01,2026-09-22T17:00:00,3.02,54.8,523,50.4,4.05,6.5
SR-008587,PRS-01,2026-09-22T18:00:00,2.88,57.0,525,42.3,4.03,6.4
SR-008588,PRS-01,2026-09-22T19:00:00,3.04,55.7,527,43.1,4.11,6.6
SR-008589,PRS-01,2026-09-22T20:00:00,3.23,54.1,519,49.4,3.84,6.5
SR-008590,PRS-01,2026-09-22T21:00:00,2.98,52.2,515,48.4,3.93,6.6
SR-008591,PRS-01,2026-09-22T22:00:00,3.12,53.8,507,46.2,4.11,6.7
SR-008592,PRS-01,2026-09-22T23:00:00,2.96,55.2,515,46.3,4.03,6.5
SR-008593,PRS-01,2026-09-23T00:00:00,3.07,52.8,528,46.1,3.91,6.4
SR-008594,PRS-01,2026-09-23T01:00:00,3.27,53.3,516,47.0,3.85,6.5
SR-008595,PRS-01,2026-09-23T02:00:00,3.14,54.1,527,48.5,4.09,6.5
SR-008596,PRS-01,2026-09-23T03:00:00,3.24,54.1,512,49.3,3.97,6.5
SR-008597,PRS-01,2026-09-23T04:00:00,3.02,54.5,527,48.2,4.16,6.3
SR-008598,PRS-01,2026-09-23T05:00:00,3.24,53.2,517,47.8,3.85,6.4
SR-008599,PRS-01,2026-09-23T06:00:00,3.05,55.1,517,48.5,3.94,6.6
SR-008600,PRS-01,2026-09-23T07:00:00,3.08,53.7,521,49.5,4.09,6.3
SR-008601,PRS-01,2026-09-23T08:00:00,3.26,55.4,516,47.0,4.15,6.5
SR-008602,PRS-01,2026-09-23T09:00:00,3.1,54.0,527,49.1,4.01,6.6
SR-008603,PRS-01,2026-09-23T10:00:00,2.97,55.6,525,50.0,3.89,6.7
SR-008604,PRS-01,2026-09-23T11:00:00,3.12,55.8,509,53.1,3.91,6.6
SR-008605,PRS-01,2026-09-23T12:00:00,3.08,56.7,530,47.2,3.88,6.5
SR-008606,PRS-01,2026-09-23T13:00:00,3.09,55.6,522,46.1,3.75,6.4
SR-008607,PRS-01,2026-09-23T14:00:00,3.07,54.0,517,46.4,4.08,6.5
SR-008608,PRS-01,2026-09-23T15:00:00,3.15,55.0,529,47.6,4.04,6.7
SR-008609,PRS-01,2026-09-23T16:00:00,3.03,54.6,517,50.1,3.96,6.5
SR-008610,PRS-01,2026-09-23T17:00:00,3.09,56.4,543,45.9,3.98,6.4
SR-008611,PRS-01,2026-09-23T18:00:00,3.07,54.8,523,52.1,4.05,6.5
SR-008612,PRS-01,2026-09-23T19:00:00,3.1,55.4,513,49.7,3.97,6.6
SR-008613,PRS-01,2026-09-23T20:00:00,3.11,54.5,513,50.3,3.98,6.5
SR-008614,PRS-01,2026-09-23T21:00:00,3.12,54.7,524,51.0,4.02,6.5
SR-008615,PRS-01,2026-09-23T22:00:00,3.24,54.8,521,46.4,3.93,6.4
SR-008616,PRS-01,2026-09-23T23:00:00,3.12,53.8,513,47.9,4.23,6.5
SR-008617,PRS-01,2026-09-24T00:00:00,2.97,53.5,515,44.8,3.98,6.5
SR-008618,PRS-01,2026-09-24T01:00:00,3.04,53.0,520,47.9,4.02,6.5
SR-008619,PRS-01,2026-09-24T02:00:00,3.21,53.9,517,47.0,3.71,6.6
SR-008620,PRS-01,2026-09-24T03:00:00,3.1,54.5,522,48.8,3.99,6.7
SR-008621,PRS-01,2026-09-24T04:00:00,3.02,54.9,520,51.5,4.18,6.4
SR-008622,PRS-01,2026-09-24T05:00:00,3.1,54.2,517,49.9,3.96,6.6
SR-008623,PRS-01,2026-09-24T06:00:00,3.2,54.7,517,47.2,3.88,6.5
SR-008624,PRS-01,2026-09-24T07:00:00,3.35,55.8,522,45.7,3.9,6.4
SR-008625,PRS-01,2026-09-24T08:00:00,3.37,55.9,524,46.6,4.03,6.4
SR-008626,PRS-01,2026-09-24T09:00:00,3.02,55.2,519,48.5,3.98,6.7
SR-008627,PRS-01,2026-09-24T10:00:00,3.08,56.1,505,46.5,4.03,6.5
SR-008628,PRS-01,2026-09-24T11:00:00,2.82,56.0,515,49.4,3.83,6.3
SR-008629,PRS-01,2026-09-24T12:00:00,3.1,56.1,516,51.2,3.95,6.7
SR-008630,PRS-01,2026-09-24T13:00:00,3.18,55.9,514,46.5,3.92,6.6
SR-008631,PRS-01,2026-09-24T14:00:00,3.14,55.5,517,47.4,3.93,6.4
SR-008632,PRS-01,2026-09-24T15:00:00,2.93,56.4,523,44.2,4.1,6.2
SR-008633,PRS-01,2026-09-24T16:00:00,3.04,55.3,519,51.6,3.95,6.5
SR-008634,PRS-01,2026-09-24T17:00:00,3.13,54.8,524,50.1,4.13,6.5
SR-008635,PRS-01,2026-09-24T18:00:00,3.07,54.8,513,49.1,4.11,6.5
SR-008636,PRS-01,2026-09-24T19:00:00,3.09,54.0,524,48.0,3.82,6.4
SR-008637,PRS-01,2026-09-24T20:00:00,3.15,55.7,543,47.1,3.89,6.4
SR-008638,PRS-01,2026-09-24T21:00:00,3.19,54.3,531,48.3,4.02,6.5
SR-008639,PRS-01,2026-09-24T22:00:00,3.2,53.2,517,49.4,3.87,6.8
SR-008640,PRS-01,2026-09-24T23:00:00,3.06,53.7,533,51.9,4.06,6.5
SR-008641,PRS-01,2026-09-25T00:00:00,3.1,55.6,526,46.5,3.79,6.4
SR-008642,PRS-01,2026-09-25T01:00:00,3.23,55.3,519,46.6,3.98,6.3
SR-008643,PRS-01,2026-09-25T02:00:00,3.09,56.0,518,47.7,4.12,6.6
SR-008644,PRS-01,2026-09-25T03:00:00,3.0,54.5,515,46.2,3.7,6.8
SR-008645,PRS-01,2026-09-25T04:00:00,2.97,54.3,519,46.0,4.33,6.6
SR-008646,PRS-01,2026-09-25T05:00:00,3.05,54.6,505,44.2,4.14,6.4
SR-008647,PRS-01,2026-09-25T06:00:00,3.05,56.1,521,48.9,3.95,6.5
SR-008648,PRS-01,2026-09-25T07:00:00,3.01,56.2,518,48.9,3.94,6.5
SR-008649,PRS-01,2026-09-25T08:00:00,3.11,56.2,525,48.8,4.21,6.3
SR-008650,PRS-01,2026-09-25T09:00:00,3.15,53.8,531,45.2,4.21,6.7
SR-008651,PRS-01,2026-09-25T10:00:00,2.96,55.6,514,49.6,4.09,6.6
SR-008652,PRS-01,2026-09-25T11:00:00,3.03,55.0,505,45.4,3.85,6.6
SR-008653,PRS-01,2026-09-25T12:00:00,3.21,58.3,531,48.4,4.05,6.6
SR-008654,PRS-01,2026-09-25T13:00:00,3.07,56.0,522,51.9,4.17,6.5
SR-008655,PRS-01,2026-09-25T14:00:00,2.92,54.5,519,50.3,4.15,6.4
SR-008656,PRS-01,2026-09-25T15:00:00,2.96,55.8,529,48.0,3.99,6.6
SR-008657,PRS-01,2026-09-25T16:00:00,3.21,55.8,524,48.6,3.96,6.4
SR-008658,PRS-01,2026-09-25T17:00:00,3.19,56.8,525,47.9,4.14,6.5
SR-008659,PRS-01,2026-09-25T18:00:00,3.18,53.1,530,45.6,4.01,6.5
SR-008660,PRS-01,2026-09-25T19:00:00,3.01,55.4,516,45.7,4.34,6.4
SR-008661,PRS-01,2026-09-25T20:00:00,3.08,54.3,519,47.2,3.9,6.4
SR-008662,PRS-01,2026-09-25T21:00:00,2.91,54.8,525,49.6,4.11,6.3
SR-008663,PRS-01,2026-09-25T22:00:00,3.07,55.4,519,51.0,4.09,6.5
SR-008664,PRS-01,2026-09-25T23:00:00,2.88,55.3,516,49.2,3.87,6.2
SR-008665,PRS-01,2026-09-26T00:00:00,3.18,54.0,524,47.7,4.16,6.8
SR-008666,PRS-01,2026-09-26T01:00:00,2.97,53.3,525,47.0,3.93,6.6
SR-008667,PRS-01,2026-09-26T02:00:00,2.97,54.1,524,48.4,4.1,6.6
SR-008668,PRS-01,2026-09-26T03:00:00,3.1,53.5,519,47.0,4.04,6.9
SR-008669,PRS-01,2026-09-26T04:00:00,3.18,55.0,516,48.3,4.06,6.6
SR-008670,PRS-01,2026-09-26T05:00:00,3.02,55.5,520,47.9,3.92,6.5
SR-008671,PRS-01,2026-09-26T06:00:00,3.12,54.0,519,48.6,3.98,6.4
SR-008672,PRS-01,2026-09-26T07:00:00,2.87,55.4,524,49.7,3.94,6.4
SR-008673,PRS-01,2026-09-26T08:00:00,2.93,55.3,519,49.4,4.15,6.4
SR-008674,PRS-01,2026-09-26T09:00:00,3.47,55.3,516,44.8,4.0,6.6
SR-008675,PRS-01,2026-09-26T10:00:00,3.13,56.5,519,47.0,4.02,6.6
SR-008676,PRS-01,2026-09-26T11:00:00,3.15,56.4,520,47.6,4.07,6.4
SR-008677,PRS-01,2026-09-26T12:00:00,3.07,56.0,525,43.9,3.94,6.7
SR-008678,PRS-01,2026-09-26T13:00:00,3.18,55.8,522,47.6,3.91,6.4
SR-008679,PRS-01,2026-09-26T14:00:00,3.09,56.3,524,48.6,3.96,6.5
SR-008680,PRS-01,2026-09-26T15:00:00,3.28,55.9,523,45.5,4.02,6.6
SR-008681,PRS-01,2026-09-26T16:00:00,3.24,55.8,519,48.5,3.93,6.5
SR-008682,PRS-01,2026-09-26T17:00:00,2.93,53.4,519,47.4,3.79,6.7
SR-008683,PRS-01,2026-09-26T18:00:00,3.01,56.2,520,48.5,3.9,6.4
SR-008684,PRS-01,2026-09-26T19:00:00,3.15,53.5,512,48.7,3.97,6.6
SR-008685,PRS-01,2026-09-26T20:00:00,3.15,54.3,497,45.9,3.89,6.5
SR-008686,PRS-01,2026-09-26T21:00:00,2.93,55.0,524,47.4,3.84,6.3
SR-008687,PRS-01,2026-09-26T22:00:00,2.97,53.8,521,49.8,4.15,6.4
SR-008688,PRS-01,2026-09-26T23:00:00,3.07,55.6,521,48.8,4.04,6.5
SR-008689,PRS-01,2026-09-27T00:00:00,3.24,52.9,522,48.5,3.99,6.6
SR-008690,PRS-01,2026-09-27T01:00:00,3.13,53.7,521,49.6,4.12,6.6
SR-008691,PRS-01,2026-09-27T02:00:00,3.34,54.1,529,47.3,3.97,6.8
SR-008692,PRS-01,2026-09-27T03:00:00,2.98,54.5,519,48.1,4.2,6.6
SR-008693,PRS-01,2026-09-27T04:00:00,3.2,55.2,529,48.4,3.93,6.6
SR-008694,PRS-01,2026-09-27T05:00:00,3.0,54.5,525,47.7,3.9,6.6
SR-008695,PRS-01,2026-09-27T06:00:00,3.19,54.8,526,42.8,4.11,6.5
SR-008696,PRS-01,2026-09-27T07:00:00,2.79,55.7,506,52.6,3.9,6.4
SR-008697,PRS-01,2026-09-27T08:00:00,3.14,55.3,519,51.8,4.03,6.6
SR-008698,PRS-01,2026-09-27T09:00:00,3.09,54.0,523,49.9,4.08,6.4
SR-008699,PRS-01,2026-09-27T10:00:00,3.24,55.5,512,50.5,3.97,6.5
SR-008700,PRS-01,2026-09-27T11:00:00,3.11,55.9,522,48.0,4.07,6.2
SR-008701,PRS-01,2026-09-27T12:00:00,3.06,55.3,518,49.1,4.03,6.5
SR-008702,PRS-01,2026-09-27T13:00:00,3.17,56.1,523,45.9,4.35,6.5
SR-008703,PRS-01,2026-09-27T14:00:00,3.4,56.6,519,52.3,3.89,6.5
SR-008704,PRS-01,2026-09-27T15:00:00,3.43,55.8,516,48.8,3.95,6.4
SR-008705,PRS-01,2026-09-27T16:00:00,2.9,54.3,513,47.7,3.71,6.5
SR-008706,PRS-01,2026-09-27T17:00:00,3.14,56.5,519,49.3,3.91,6.4
SR-008707,PRS-01,2026-09-27T18:00:00,3.06,54.8,516,47.1,3.98,6.7
SR-008708,PRS-01,2026-09-27T19:00:00,3.03,55.7,513,49.9,3.97,6.5
SR-008709,PRS-01,2026-09-27T20:00:00,3.17,54.9,512,48.5,3.88,6.7
SR-008710,PRS-01,2026-09-27T21:00:00,3.16,56.0,518,46.2,4.07,6.5
SR-008711,PRS-01,2026-09-27T22:00:00,3.14,54.4,517,46.5,3.95,6.5
SR-008712,PRS-01,2026-09-27T23:00:00,3.01,52.6,513,46.3,4.14,6.4
SR-008713,PRS-01,2026-09-28T00:00:00,2.97,54.2,530,46.3,4.19,6.5
SR-008714,PRS-01,2026-09-28T01:00:00,3.18,55.0,527,48.1,4.06,6.6
SR-008715,PRS-01,2026-09-28T02:00:00,3.16,53.4,523,47.9,4.14,6.4
SR-008716,PRS-01,2026-09-28T03:00:00,3.0,54.5,519,48.7,4.26,6.4
SR-008717,PRS-01,2026-09-28T04:00:00,2.91,55.4,528,47.8,3.9,6.5
SR-008718,PRS-01,2026-09-28T05:00:00,3.22,56.0,507,49.1,3.95,6.7
SR-008719,PRS-01,2026-09-28T06:00:00,3.1,54.7,508,47.9,4.08,6.4
SR-008720,PRS-01,2026-09-28T07:00:00,3.09,54.6,513,49.0,4.03,6.6
SR-008721,PRS-01,2026-09-28T08:00:00,3.27,54.7,509,46.3,4.06,6.5
SR-008722,PRS-01,2026-09-28T09:00:00,3.23,55.5,524,47.1,3.96,6.4
SR-008723,PRS-01,2026-09-28T10:00:00,3.16,55.7,516,47.2,4.08,6.6
SR-008724,PRS-01,2026-09-28T11:00:00,3.16,56.7,521,49.9,3.92,6.5
SR-008725,PRS-01,2026-09-28T12:00:00,2.92,56.4,513,47.3,4.02,6.5
SR-008726,PRS-01,2026-09-28T13:00:00,3.11,54.9,523,47.6,3.88,6.5
SR-008727,PRS-01,2026-09-28T14:00:00,3.01,56.6,527,47.2,3.97,6.5
SR-008728,PRS-01,2026-09-28T15:00:00,3.04,55.7,520,47.8,4.07,6.7
SR-008729,PRS-01,2026-09-28T16:00:00,3.11,55.7,517,47.8,3.8,6.4
SR-008730,PRS-01,2026-09-28T17:00:00,3.15,54.3,511,49.8,4.21,6.7
SR-008731,PRS-01,2026-09-28T18:00:00,2.93,55.1,521,48.3,3.9,6.5
SR-008732,PRS-01,2026-09-28T19:00:00,3.07,54.6,526,47.7,4.05,6.4
SR-008733,PRS-01,2026-09-28T20:00:00,3.22,54.9,520,45.6,4.02,6.6
SR-008734,PRS-01,2026-09-28T21:00:00,3.19,54.1,530,48.0,3.88,6.4
SR-008735,PRS-01,2026-09-28T22:00:00,3.04,53.5,527,44.6,3.98,6.5
SR-008736,PRS-01,2026-09-28T23:00:00,3.08,55.9,512,46.2,4.21,6.7
SR-008737,PRS-01,2026-09-29T00:00:00,2.9,54.9,522,49.0,4.23,6.7
SR-008738,PRS-01,2026-09-29T01:00:00,3.25,53.9,507,44.2,3.95,6.5
SR-008739,PRS-01,2026-09-29T02:00:00,3.14,55.1,526,47.7,3.89,6.5
SR-008740,PRS-01,2026-09-29T03:00:00,3.13,53.2,522,49.5,4.03,6.5
SR-008741,PRS-01,2026-09-29T04:00:00,2.91,54.5,514,46.9,3.84,6.4
SR-008742,PRS-01,2026-09-29T05:00:00,3.16,54.7,520,48.1,4.07,6.5
SR-008743,PRS-01,2026-09-29T06:00:00,3.14,56.4,527,46.1,4.04,6.5
SR-008744,PRS-01,2026-09-29T07:00:00,3.22,54.8,519,46.6,4.02,6.4
SR-008745,PRS-01,2026-09-29T08:00:00,3.05,54.6,528,52.2,3.87,6.5
SR-008746,PRS-01,2026-09-29T09:00:00,3.17,54.7,516,48.5,3.92,6.3
SR-008747,PRS-01,2026-09-29T10:00:00,3.13,56.9,526,47.0,3.92,6.6
SR-008748,PRS-01,2026-09-29T11:00:00,3.05,56.3,508,48.4,4.15,6.2
SR-008749,PRS-01,2026-09-29T12:00:00,3.03,56.2,522,46.7,4.12,6.8
SR-008750,PRS-01,2026-09-29T13:00:00,3.1,55.2,522,52.4,4.06,6.6
SR-008751,PRS-01,2026-09-29T14:00:00,2.98,55.4,536,48.5,3.89,6.5
SR-008752,PRS-01,2026-09-29T15:00:00,3.11,55.5,512,45.3,4.07,6.5
SR-008753,PRS-01,2026-09-29T16:00:00,2.98,54.1,517,47.1,4.04,6.6
SR-008754,PRS-01,2026-09-29T17:00:00,3.11,56.1,529,45.8,4.1,6.6
SR-008755,PRS-01,2026-09-29T18:00:00,3.13,55.4,521,47.1,4.11,6.6
SR-008756,PRS-01,2026-09-29T19:00:00,2.95,53.4,521,46.1,3.89,6.5
SR-008757,PRS-01,2026-09-29T20:00:00,3.1,54.8,520,47.0,4.02,6.6
SR-008758,PRS-01,2026-09-29T21:00:00,3.14,54.2,505,47.2,4.0,6.5
SR-008759,PRS-01,2026-09-29T22:00:00,3.17,52.5,522,50.5,3.99,6.4
SR-008760,PRS-01,2026-09-29T23:00:00,3.03,53.7,522,48.5,3.92,6.3
SR-008761,PRS-01,2026-09-30T00:00:00,3.12,54.3,520,49.4,4.01,6.5
SR-008762,PRS-01,2026-09-30T01:00:00,3.16,54.6,505,48.2,3.92,6.6
SR-008763,PRS-01,2026-09-30T02:00:00,3.04,54.3,531,49.0,4.08,6.3
SR-008764,PRS-01,2026-09-30T03:00:00,3.36,55.6,525,48.6,4.05,6.6
SR-008765,PRS-01,2026-09-30T04:00:00,3.2,55.0,522,48.2,4.2,6.7
SR-008766,PRS-01,2026-09-30T05:00:00,3.15,53.1,512,47.5,3.85,6.7
SR-008767,PRS-01,2026-09-30T06:00:00,3.18,55.4,514,49.8,4.18,6.4
SR-008768,PRS-01,2026-09-30T07:00:00,3.01,54.9,513,47.7,3.95,6.6
SR-008769,PRS-01,2026-09-30T08:00:00,3.21,54.8,525,46.3,4.05,6.6
SR-008770,PRS-01,2026-09-30T09:00:00,3.02,55.6,525,44.0,4.3,6.6
SR-008771,PRS-01,2026-09-30T10:00:00,3.14,55.0,507,47.6,4.14,6.2
SR-008772,PRS-01,2026-09-30T11:00:00,3.18,56.3,523,48.1,4.01,6.5
SR-008773,PRS-01,2026-09-30T12:00:00,3.11,54.8,517,48.5,4.04,6.2
SR-008774,PRS-01,2026-09-30T13:00:00,2.9,54.6,521,49.4,4.01,6.6
SR-008775,PRS-01,2026-09-30T14:00:00,3.37,55.2,522,48.5,4.12,6.4
SR-008776,PRS-01,2026-09-30T15:00:00,3.12,55.7,514,46.5,3.84,6.4
SR-008777,PRS-01,2026-09-30T16:00:00,3.21,56.3,528,49.2,3.82,6.4
SR-008778,PRS-01,2026-09-30T17:00:00,3.03,55.1,524,46.1,3.9,6.5
SR-008779,PRS-01,2026-09-30T18:00:00,3.07,55.5,529,45.6,4.02,6.5
SR-008780,PRS-01,2026-09-30T19:00:00,3.18,55.3,529,49.0,4.26,6.6
SR-008781,PRS-01,2026-09-30T20:00:00,3.21,55.0,506,47.3,4.03,6.7
SR-008782,PRS-01,2026-09-30T21:00:00,3.02,55.3,531,47.7,3.86,6.5
SR-008783,PRS-01,2026-09-30T22:00:00,3.04,53.0,512,47.5,4.03,6.5
SR-008784,PRS-01,2026-09-30T23:00:00,2.99,53.8,515,51.0,3.89,6.4
SR-008785,PRS-01,2026-10-01T00:00:00,3.11,53.2,512,52.1,4.05,6.5
SR-008786,PRS-01,2026-10-01T01:00:00,2.98,55.1,530,49.8,3.97,6.6
SR-008787,PRS-01,2026-10-01T02:00:00,3.13,54.5,517,49.9,4.03,6.4
SR-008788,PRS-01,2026-10-01T03:00:00,2.93,54.0,509,45.8,4.11,6.2
SR-008789,PRS-01,2026-10-01T04:00:00,2.99,55.2,502,48.6,4.19,6.3
SR-008790,PRS-01,2026-10-01T05:00:00,3.04,54.9,522,48.6,4.05,6.8
SR-008791,PRS-01,2026-10-01T06:00:00,3.1,56.3,542,45.4,3.94,6.3
SR-008792,PRS-01,2026-10-01T07:00:00,3.12,57.3,530,48.2,4.15,6.5
SR-008793,PRS-01,2026-10-01T08:00:00,2.93,55.6,509,49.2,4.14,6.9
SR-008794,PRS-01,2026-10-01T09:00:00,3.03,54.7,523,48.0,3.99,6.6
SR-008795,PRS-01,2026-10-01T10:00:00,3.25,55.5,520,47.8,3.79,6.6
SR-008796,PRS-01,2026-10-01T11:00:00,3.04,55.2,520,47.3,4.16,6.6
SR-008797,PRS-01,2026-10-01T12:00:00,3.18,56.9,516,46.2,3.92,6.7
SR-008798,PRS-01,2026-10-01T13:00:00,3.18,55.9,519,46.7,4.06,6.3
SR-008799,PRS-01,2026-10-01T14:00:00,3.25,55.4,520,46.3,4.02,6.5
SR-008800,PRS-01,2026-10-01T15:00:00,3.12,55.3,523,46.4,3.83,6.3
SR-008801,PRS-01,2026-10-01T16:00:00,2.99,54.5,526,46.9,4.1,6.5
SR-008802,PRS-01,2026-10-01T17:00:00,3.23,55.0,517,49.5,4.14,6.6
SR-008803,PRS-01,2026-10-01T18:00:00,3.09,54.9,516,48.1,3.93,6.6
SR-008804,PRS-01,2026-10-01T19:00:00,3.07,54.0,517,47.2,4.08,6.4
SR-008805,PRS-01,2026-10-01T20:00:00,3.24,54.4,518,49.6,4.0,6.4
SR-008806,PRS-01,2026-10-01T21:00:00,3.04,53.7,510,44.3,4.11,6.5
SR-008807,PRS-01,2026-10-01T22:00:00,3.12,53.0,510,46.2,3.98,6.5
SR-008808,PRS-01,2026-10-01T23:00:00,2.99,53.1,514,50.1,3.92,6.4
SR-008809,PRS-01,2026-10-02T00:00:00,3.1,54.4,530,46.4,4.13,6.4
SR-008810,PRS-01,2026-10-02T01:00:00,3.19,54.7,530,47.7,3.87,6.3
SR-008811,PRS-01,2026-10-02T02:00:00,3.16,55.6,522,47.5,4.08,6.1
SR-008812,PRS-01,2026-10-02T03:00:00,3.29,54.3,524,49.3,4.01,6.5
SR-008813,PRS-01,2026-10-02T04:00:00,3.12,54.3,529,49.5,3.93,6.5
SR-008814,PRS-01,2026-10-02T05:00:00,3.04,55.8,523,47.0,4.02,6.4
SR-008815,PRS-01,2026-10-02T06:00:00,3.19,53.5,508,49.9,3.81,6.6
SR-008816,PRS-01,2026-10-02T07:00:00,3.23,55.5,515,48.3,3.89,6.3
SR-008817,PRS-01,2026-10-02T08:00:00,2.91,55.3,528,50.7,4.22,6.5
SR-008818,PRS-01,2026-10-02T09:00:00,3.02,55.4,513,46.8,4.0,6.5
SR-008819,PRS-01,2026-10-02T10:00:00,3.07,55.8,533,47.9,4.06,6.4
SR-008820,PRS-01,2026-10-02T11:00:00,3.11,55.5,516,48.2,3.96,6.6
SR-008821,PRS-01,2026-10-02T12:00:00,3.17,55.0,509,46.5,3.92,6.7
SR-008822,PRS-01,2026-10-02T13:00:00,3.07,54.1,510,49.2,4.01,6.4
SR-008823,PRS-01,2026-10-02T14:00:00,3.17,54.4,522,44.7,3.99,6.5
SR-008824,PRS-01,2026-10-02T15:00:00,3.07,55.2,517,46.0,4.1,6.5
SR-008825,PRS-01,2026-10-02T16:00:00,2.95,55.9,524,47.0,3.94,6.6
SR-008826,PRS-01,2026-10-02T17:00:00,2.86,55.5,525,48.4,3.87,6.6
SR-008827,PRS-01,2026-10-02T18:00:00,2.92,54.8,512,48.5,3.82,6.6
SR-008828,PRS-01,2026-10-02T19:00:00,2.88,55.0,526,47.6,3.89,6.3
SR-008829,PRS-01,2026-10-02T20:00:00,3.06,54.2,513,48.5,3.81,6.7
SR-008830,PRS-01,2026-10-02T21:00:00,3.26,54.0,504,48.2,3.95,6.6
SR-008831,PRS-01,2026-10-02T22:00:00,2.81,55.0,520,47.2,3.96,6.3
SR-008832,PRS-01,2026-10-02T23:00:00,2.9,53.8,523,49.9,3.97,6.6
SR-008833,PRS-02,2026-09-17T00:00:00,3.21,54.8,522,46.3,3.86,6.6
SR-008834,PRS-02,2026-09-17T01:00:00,3.46,52.3,519,48.6,4.25,6.4
SR-008835,PRS-02,2026-09-17T02:00:00,3.2,53.9,522,50.7,4.1,6.2
SR-008836,PRS-02,2026-09-17T03:00:00,3.2,53.2,529,49.3,3.74,6.4
SR-008837,PRS-02,2026-09-17T04:00:00,3.19,53.6,507,49.6,4.05,6.6
SR-008838,PRS-02,2026-09-17T05:00:00,3.1,54.5,523,47.6,3.92,6.6
SR-008839,PRS-02,2026-09-17T06:00:00,2.95,53.7,522,47.3,4.12,6.5
SR-008840,PRS-02,2026-09-17T07:00:00,3.22,56.0,516,47.9,3.91,6.5
SR-008841,PRS-02,2026-09-17T08:00:00,3.07,56.1,523,47.8,3.97,6.5
SR-008842,PRS-02,2026-09-17T09:00:00,3.0,55.9,516,47.7,3.88,6.6
SR-008843,PRS-02,2026-09-17T10:00:00,3.06,53.6,512,50.1,4.05,6.4
SR-008844,PRS-02,2026-09-17T11:00:00,3.02,56.5,516,47.9,3.89,6.7
SR-008845,PRS-02,2026-09-17T12:00:00,3.06,56.0,522,47.8,4.1,6.4
SR-008846,PRS-02,2026-09-17T13:00:00,3.26,55.3,540,47.1,4.1,6.4
SR-008847,PRS-02,2026-09-17T14:00:00,3.1,55.9,519,47.6,4.06,6.2
SR-008848,PRS-02,2026-09-17T15:00:00,3.02,54.9,516,46.7,4.2,6.6
SR-008849,PRS-02,2026-09-17T16:00:00,3.03,56.8,536,49.0,4.1,6.5
SR-008850,PRS-02,2026-09-17T17:00:00,3.16,55.5,523,49.1,3.97,6.7
SR-008851,PRS-02,2026-09-17T18:00:00,3.1,56.5,505,47.0,3.86,6.6
SR-008852,PRS-02,2026-09-17T19:00:00,3.27,56.1,517,49.2,4.02,6.4
SR-008853,PRS-02,2026-09-17T20:00:00,3.04,56.2,502,46.1,3.93,6.4
SR-008854,PRS-02,2026-09-17T21:00:00,3.29,54.8,519,47.9,3.8,6.5
SR-008855,PRS-02,2026-09-17T22:00:00,2.96,54.6,527,45.9,4.02,6.6
SR-008856,PRS-02,2026-09-17T23:00:00,3.05,54.4,526,46.7,4.12,6.4
SR-008857,PRS-02,2026-09-18T00:00:00,3.27,54.4,520,46.2,4.1,6.5
SR-008858,PRS-02,2026-09-18T01:00:00,3.1,55.0,518,49.0,4.3,6.3
SR-008859,PRS-02,2026-09-18T02:00:00,3.06,53.9,527,47.6,3.89,6.5
SR-008860,PRS-02,2026-09-18T03:00:00,3.03,55.6,507,50.4,4.05,6.5
SR-008861,PRS-02,2026-09-18T04:00:00,3.21,54.6,529,47.3,4.07,6.5
SR-008862,PRS-02,2026-09-18T05:00:00,3.16,54.3,521,49.8,3.96,6.5
SR-008863,PRS-02,2026-09-18T06:00:00,3.11,56.2,527,45.4,4.06,6.4
SR-008864,PRS-02,2026-09-18T07:00:00,3.02,55.0,511,48.1,3.85,6.5
SR-008865,PRS-02,2026-09-18T08:00:00,3.29,56.4,519,50.9,4.15,6.5
SR-008866,PRS-02,2026-09-18T09:00:00,3.19,54.9,525,46.1,3.85,6.6
SR-008867,PRS-02,2026-09-18T10:00:00,3.02,55.1,545,49.3,4.05,6.6
SR-008868,PRS-02,2026-09-18T11:00:00,3.05,55.6,520,49.7,3.94,6.5
SR-008869,PRS-02,2026-09-18T12:00:00,3.2,55.5,528,51.8,3.86,6.3
SR-008870,PRS-02,2026-09-18T13:00:00,2.98,56.5,526,50.7,4.19,6.5
SR-008871,PRS-02,2026-09-18T14:00:00,3.11,56.9,513,46.4,4.02,6.5
SR-008872,PRS-02,2026-09-18T15:00:00,2.92,57.2,507,52.1,4.11,6.5
SR-008873,PRS-02,2026-09-18T16:00:00,3.07,55.4,508,43.3,3.79,6.6
SR-008874,PRS-02,2026-09-18T17:00:00,3.09,55.1,519,48.2,3.92,6.7
SR-008875,PRS-02,2026-09-18T18:00:00,3.18,55.9,521,47.0,3.91,6.7
SR-008876,PRS-02,2026-09-18T19:00:00,3.12,54.9,519,48.1,3.84,6.8
SR-008877,PRS-02,2026-09-18T20:00:00,3.31,55.6,526,50.9,3.95,6.5
SR-008878,PRS-02,2026-09-18T21:00:00,3.02,56.2,526,48.7,3.89,6.7
SR-008879,PRS-02,2026-09-18T22:00:00,2.92,54.4,532,48.5,4.01,6.6
SR-008880,PRS-02,2026-09-18T23:00:00,3.16,54.2,520,48.7,4.06,6.4
SR-008881,PRS-02,2026-09-19T00:00:00,3.36,53.5,516,46.7,3.98,6.6
SR-008882,PRS-02,2026-09-19T01:00:00,3.19,54.0,523,47.7,4.15,6.4
SR-008883,PRS-02,2026-09-19T02:00:00,3.07,53.5,524,48.9,4.07,6.4
SR-008884,PRS-02,2026-09-19T03:00:00,3.28,53.4,505,46.5,4.19,6.7
SR-008885,PRS-02,2026-09-19T04:00:00,3.21,55.9,521,47.5,3.99,6.7
SR-008886,PRS-02,2026-09-19T05:00:00,2.98,54.4,517,47.4,4.17,6.5
SR-008887,PRS-02,2026-09-19T06:00:00,2.92,54.9,516,49.8,3.87,6.4
SR-008888,PRS-02,2026-09-19T07:00:00,3.05,54.4,509,47.2,4.11,6.5
SR-008889,PRS-02,2026-09-19T08:00:00,3.14,55.9,532,45.8,4.22,6.5
SR-008890,PRS-02,2026-09-19T09:00:00,3.11,55.2,511,47.8,4.02,6.7
SR-008891,PRS-02,2026-09-19T10:00:00,3.09,56.8,515,44.5,3.85,6.4
SR-008892,PRS-02,2026-09-19T11:00:00,3.12,57.0,514,45.9,4.0,6.6
SR-008893,PRS-02,2026-09-19T12:00:00,3.09,53.8,520,46.8,4.14,6.5
SR-008894,PRS-02,2026-09-19T13:00:00,3.13,55.5,527,50.4,4.08,6.4
SR-008895,PRS-02,2026-09-19T14:00:00,3.17,55.1,549,50.9,4.06,6.5
SR-008896,PRS-02,2026-09-19T15:00:00,2.85,55.6,519,48.1,3.73,6.5
SR-008897,PRS-02,2026-09-19T16:00:00,3.02,55.9,514,48.3,4.04,6.4
SR-008898,PRS-02,2026-09-19T17:00:00,3.02,55.3,523,47.4,3.97,6.3
SR-008899,PRS-02,2026-09-19T18:00:00,2.99,54.9,508,46.1,3.98,6.5
SR-008900,PRS-02,2026-09-19T19:00:00,3.03,53.8,530,45.9,4.15,6.6
SR-008901,PRS-02,2026-09-19T20:00:00,2.98,53.7,513,48.4,3.91,6.6
SR-008902,PRS-02,2026-09-19T21:00:00,3.24,55.4,524,50.6,3.97,6.4
SR-008903,PRS-02,2026-09-19T22:00:00,2.99,55.1,517,46.3,3.96,6.4
SR-008904,PRS-02,2026-09-19T23:00:00,3.02,53.7,519,48.8,3.99,6.5
SR-008905,PRS-02,2026-09-20T00:00:00,3.04,54.1,531,43.7,4.02,6.5
SR-008906,PRS-02,2026-09-20T01:00:00,3.1,55.4,532,47.4,3.94,6.3
SR-008907,PRS-02,2026-09-20T02:00:00,3.1,55.1,515,48.3,4.12,6.4
SR-008908,PRS-02,2026-09-20T03:00:00,3.07,54.6,523,44.7,3.77,6.4
SR-008909,PRS-02,2026-09-20T04:00:00,3.08,54.8,507,49.7,3.99,6.3
SR-008910,PRS-02,2026-09-20T05:00:00,3.04,54.5,515,49.0,4.01,6.6
SR-008911,PRS-02,2026-09-20T06:00:00,2.99,55.4,520,47.0,4.02,6.5
SR-008912,PRS-02,2026-09-20T07:00:00,3.38,55.8,521,46.3,3.97,6.5
SR-008913,PRS-02,2026-09-20T08:00:00,3.2,56.2,515,48.8,3.84,6.6
SR-008914,PRS-02,2026-09-20T09:00:00,3.04,56.0,530,47.0,4.0,6.4
SR-008915,PRS-02,2026-09-20T10:00:00,3.08,56.1,524,49.2,4.09,6.5
SR-008916,PRS-02,2026-09-20T11:00:00,3.18,55.7,511,49.2,3.88,6.4
SR-008917,PRS-02,2026-09-20T12:00:00,3.08,55.2,520,48.0,3.97,6.6
SR-008918,PRS-02,2026-09-20T13:00:00,3.04,54.9,513,49.4,3.94,6.6
SR-008919,PRS-02,2026-09-20T14:00:00,3.38,55.8,533,43.0,3.92,6.5
SR-008920,PRS-02,2026-09-20T15:00:00,3.26,55.2,529,46.6,3.98,6.5
SR-008921,PRS-02,2026-09-20T16:00:00,3.11,55.3,518,48.2,3.84,6.3
SR-008922,PRS-02,2026-09-20T17:00:00,3.15,56.0,516,50.1,3.91,6.5
SR-008923,PRS-02,2026-09-20T18:00:00,3.16,55.3,529,49.9,4.11,6.6
SR-008924,PRS-02,2026-09-20T19:00:00,3.24,55.0,517,49.7,4.0,6.4
SR-008925,PRS-02,2026-09-20T20:00:00,3.0,55.2,516,45.0,4.12,6.6
SR-008926,PRS-02,2026-09-20T21:00:00,3.25,54.9,500,52.7,4.01,6.4
SR-008927,PRS-02,2026-09-20T22:00:00,3.02,53.7,520,47.0,4.1,6.6
SR-008928,PRS-02,2026-09-20T23:00:00,3.28,53.6,509,47.3,4.14,6.5
SR-008929,PRS-02,2026-09-21T00:00:00,3.1,54.2,519,49.2,4.13,6.4
SR-008930,PRS-02,2026-09-21T01:00:00,3.02,55.7,515,48.4,4.0,6.5
SR-008931,PRS-02,2026-09-21T02:00:00,3.05,54.5,516,46.5,3.82,6.8
SR-008932,PRS-02,2026-09-21T03:00:00,3.17,52.7,525,50.1,4.01,6.4
SR-008933,PRS-02,2026-09-21T04:00:00,3.22,53.0,526,45.8,3.79,6.6
SR-008934,PRS-02,2026-09-21T05:00:00,3.08,54.9,513,44.4,3.95,6.8
SR-008935,PRS-02,2026-09-21T06:00:00,2.99,54.5,520,47.5,4.08,6.4
SR-008936,PRS-02,2026-09-21T07:00:00,3.06,56.3,516,48.4,4.21,6.6
SR-008937,PRS-02,2026-09-21T08:00:00,3.07,54.3,517,45.1,3.83,6.5
SR-008938,PRS-02,2026-09-21T09:00:00,3.09,55.1,515,46.9,4.15,6.6
SR-008939,PRS-02,2026-09-21T10:00:00,3.04,55.6,528,45.1,4.01,6.6
SR-008940,PRS-02,2026-09-21T11:00:00,3.16,56.3,518,48.5,3.97,6.2
SR-008941,PRS-02,2026-09-21T12:00:00,3.17,56.3,529,49.6,4.04,6.5
SR-008942,PRS-02,2026-09-21T13:00:00,3.07,56.4,523,51.5,3.96,6.4
SR-008943,PRS-02,2026-09-21T14:00:00,3.18,54.8,522,47.0,3.97,6.6
SR-008944,PRS-02,2026-09-21T15:00:00,3.22,55.2,522,46.9,4.09,6.4
SR-008945,PRS-02,2026-09-21T16:00:00,3.21,56.0,514,50.9,3.98,6.6
SR-008946,PRS-02,2026-09-21T17:00:00,3.09,56.5,529,49.8,4.13,6.5
SR-008947,PRS-02,2026-09-21T18:00:00,2.95,55.0,519,48.6,3.98,6.1
SR-008948,PRS-02,2026-09-21T19:00:00,3.19,54.3,518,49.1,4.07,6.4
SR-008949,PRS-02,2026-09-21T20:00:00,3.4,54.2,522,49.2,3.85,6.6
SR-008950,PRS-02,2026-09-21T21:00:00,3.09,54.3,533,45.5,3.69,6.8
SR-008951,PRS-02,2026-09-21T22:00:00,3.3,53.7,530,47.7,4.14,6.5
SR-008952,PRS-02,2026-09-21T23:00:00,2.98,53.8,516,50.5,3.94,6.3
SR-008953,PRS-02,2026-09-22T00:00:00,3.26,54.3,513,46.7,4.0,6.2
SR-008954,PRS-02,2026-09-22T01:00:00,3.02,53.1,520,46.3,3.92,6.6
SR-008955,PRS-02,2026-09-22T02:00:00,3.32,54.6,513,46.5,3.92,6.4
SR-008956,PRS-02,2026-09-22T03:00:00,3.2,55.3,516,48.7,4.02,6.6
SR-008957,PRS-02,2026-09-22T04:00:00,3.14,54.3,522,49.6,4.05,6.2
SR-008958,PRS-02,2026-09-22T05:00:00,3.09,54.5,518,44.9,3.99,6.5
SR-008959,PRS-02,2026-09-22T06:00:00,3.21,55.7,510,48.8,3.98,6.4
SR-008960,PRS-02,2026-09-22T07:00:00,3.4,56.3,524,48.2,4.09,6.5
SR-008961,PRS-02,2026-09-22T08:00:00,2.98,57.1,513,49.1,3.95,6.4
SR-008962,PRS-02,2026-09-22T09:00:00,3.12,57.4,527,48.1,4.05,6.5
SR-008963,PRS-02,2026-09-22T10:00:00,3.1,56.4,518,47.7,4.04,6.6
SR-008964,PRS-02,2026-09-22T11:00:00,3.07,55.0,521,49.6,4.09,6.6
SR-008965,PRS-02,2026-09-22T12:00:00,3.23,54.9,526,47.9,3.85,6.6
SR-008966,PRS-02,2026-09-22T13:00:00,2.97,58.0,519,49.6,4.12,6.4
SR-008967,PRS-02,2026-09-22T14:00:00,3.17,56.9,531,48.5,3.89,6.5
SR-008968,PRS-02,2026-09-22T15:00:00,3.34,55.1,525,51.6,3.84,6.5
SR-008969,PRS-02,2026-09-22T16:00:00,3.11,55.4,530,46.6,4.11,6.5
SR-008970,PRS-02,2026-09-22T17:00:00,3.17,54.9,536,47.9,4.11,6.4
SR-008971,PRS-02,2026-09-22T18:00:00,3.23,55.7,523,47.7,3.89,6.5
SR-008972,PRS-02,2026-09-22T19:00:00,3.16,55.3,534,50.6,3.95,6.4
SR-008973,PRS-02,2026-09-22T20:00:00,3.13,53.3,505,50.2,3.98,6.5
SR-008974,PRS-02,2026-09-22T21:00:00,3.05,53.5,519,48.7,4.17,6.7
SR-008975,PRS-02,2026-09-22T22:00:00,3.02,52.7,514,48.2,3.95,6.6
SR-008976,PRS-02,2026-09-22T23:00:00,3.12,55.9,522,46.4,3.92,6.6
SR-008977,PRS-02,2026-09-23T00:00:00,3.16,54.2,526,47.8,4.17,6.5
SR-008978,PRS-02,2026-09-23T01:00:00,2.94,52.9,515,45.7,4.05,6.3
SR-008979,PRS-02,2026-09-23T02:00:00,2.99,55.1,529,48.2,3.97,6.6
SR-008980,PRS-02,2026-09-23T03:00:00,2.96,55.1,522,45.7,4.0,6.5
SR-008981,PRS-02,2026-09-23T04:00:00,2.98,55.1,521,49.5,3.85,6.6
SR-008982,PRS-02,2026-09-23T05:00:00,2.92,55.2,528,48.2,3.82,6.4
SR-008983,PRS-02,2026-09-23T06:00:00,2.93,55.1,522,47.5,4.06,6.5
SR-008984,PRS-02,2026-09-23T07:00:00,3.12,55.8,518,48.8,3.96,6.4
SR-008985,PRS-02,2026-09-23T08:00:00,3.03,56.0,522,48.3,4.05,6.4
SR-008986,PRS-02,2026-09-23T09:00:00,3.09,54.6,512,45.3,4.06,6.5
SR-008987,PRS-02,2026-09-23T10:00:00,3.34,56.1,524,47.1,4.0,6.4
SR-008988,PRS-02,2026-09-23T11:00:00,3.06,54.6,535,45.8,4.01,6.5
SR-008989,PRS-02,2026-09-23T12:00:00,3.18,55.5,516,44.6,3.98,6.7
SR-008990,PRS-02,2026-09-23T13:00:00,2.95,55.7,523,49.4,4.14,6.4
SR-008991,PRS-02,2026-09-23T14:00:00,3.25,56.5,525,47.5,4.09,6.7
SR-008992,PRS-02,2026-09-23T15:00:00,3.38,55.8,526,47.6,3.95,6.4
SR-008993,PRS-02,2026-09-23T16:00:00,2.98,55.4,510,44.9,3.86,6.6
SR-008994,PRS-02,2026-09-23T17:00:00,3.21,55.1,509,45.3,4.13,6.3
SR-008995,PRS-02,2026-09-23T18:00:00,3.28,55.2,513,47.6,3.89,6.7
SR-008996,PRS-02,2026-09-23T19:00:00,2.92,55.0,529,49.6,4.14,6.4
SR-008997,PRS-02,2026-09-23T20:00:00,3.15,54.5,518,48.1,3.95,6.4
SR-008998,PRS-02,2026-09-23T21:00:00,3.09,53.6,523,50.4,4.06,6.3
SR-008999,PRS-02,2026-09-23T22:00:00,2.91,53.6,516,48.0,3.79,6.6
SR-009000,PRS-02,2026-09-23T23:00:00,3.1,53.8,520,47.3,3.98,6.5
SR-009001,PRS-02,2026-09-24T00:00:00,3.01,53.9,517,47.4,4.03,6.5
SR-009002,PRS-02,2026-09-24T01:00:00,3.23,54.7,503,46.9,4.16,6.5
SR-009003,PRS-02,2026-09-24T02:00:00,3.15,54.2,512,51.5,3.85,6.5
SR-009004,PRS-02,2026-09-24T03:00:00,3.11,55.0,510,49.7,3.96,6.3
SR-009005,PRS-02,2026-09-24T04:00:00,3.29,54.9,523,47.1,3.89,6.5
SR-009006,PRS-02,2026-09-24T05:00:00,2.93,55.0,518,48.0,4.1,6.5
SR-009007,PRS-02,2026-09-24T06:00:00,3.16,54.1,521,47.5,4.15,6.3
SR-009008,PRS-02,2026-09-24T07:00:00,3.22,54.2,518,43.1,4.09,6.5
SR-009009,PRS-02,2026-09-24T08:00:00,3.39,56.3,513,48.1,4.16,7.0
SR-009010,PRS-02,2026-09-24T09:00:00,3.48,54.9,521,51.0,3.92,6.4
SR-009011,PRS-02,2026-09-24T10:00:00,2.85,55.6,531,46.9,3.97,6.5
SR-009012,PRS-02,2026-09-24T11:00:00,2.96,55.8,508,47.9,4.0,6.6
SR-009013,PRS-02,2026-09-24T12:00:00,3.01,56.1,533,46.2,3.86,6.5
SR-009014,PRS-02,2026-09-24T13:00:00,3.37,56.0,533,49.3,3.9,6.5
SR-009015,PRS-02,2026-09-24T14:00:00,3.05,56.2,521,50.8,3.93,6.4
SR-009016,PRS-02,2026-09-24T15:00:00,3.0,55.5,519,45.8,3.89,6.6
SR-009017,PRS-02,2026-09-24T16:00:00,3.17,56.0,523,49.9,3.87,6.4
SR-009018,PRS-02,2026-09-24T17:00:00,3.24,54.8,520,48.1,4.0,6.7
SR-009019,PRS-02,2026-09-24T18:00:00,3.01,54.6,523,42.7,3.94,6.6
SR-009020,PRS-02,2026-09-24T19:00:00,3.05,55.1,511,45.9,4.06,6.6
SR-009021,PRS-02,2026-09-24T20:00:00,3.24,54.8,525,48.8,3.91,6.7
SR-009022,PRS-02,2026-09-24T21:00:00,3.14,53.7,521,46.9,4.04,6.6
SR-009023,PRS-02,2026-09-24T22:00:00,3.09,55.9,515,49.4,3.94,6.4
SR-009024,PRS-02,2026-09-24T23:00:00,3.03,53.8,520,48.3,4.09,6.3
SR-009025,PRS-02,2026-09-25T00:00:00,3.0,54.0,521,49.3,3.99,6.6
SR-009026,PRS-02,2026-09-25T01:00:00,3.21,53.4,518,45.4,4.01,6.5
SR-009027,PRS-02,2026-09-25T02:00:00,2.97,53.9,506,45.7,4.18,6.5
SR-009028,PRS-02,2026-09-25T03:00:00,2.95,53.9,516,50.6,4.1,6.5
SR-009029,PRS-02,2026-09-25T04:00:00,3.11,53.8,525,49.7,4.04,6.4
SR-009030,PRS-02,2026-09-25T05:00:00,3.26,53.4,531,44.9,3.87,6.6
SR-009031,PRS-02,2026-09-25T06:00:00,2.77,54.8,511,46.9,3.87,6.1
SR-009032,PRS-02,2026-09-25T07:00:00,3.13,56.0,520,48.7,4.08,6.4
SR-009033,PRS-02,2026-09-25T08:00:00,3.08,55.2,511,45.8,4.04,6.5
SR-009034,PRS-02,2026-09-25T09:00:00,2.98,55.2,525,47.3,3.99,6.6
SR-009035,PRS-02,2026-09-25T10:00:00,3.25,55.9,517,47.4,4.08,6.6
SR-009036,PRS-02,2026-09-25T11:00:00,3.19,57.2,510,48.3,4.05,6.5
SR-009037,PRS-02,2026-09-25T12:00:00,3.06,54.6,515,50.1,4.06,6.6
SR-009038,PRS-02,2026-09-25T13:00:00,3.08,56.2,522,50.8,3.92,6.6
SR-009039,PRS-02,2026-09-25T14:00:00,3.05,57.2,505,47.2,3.91,6.6
SR-009040,PRS-02,2026-09-25T15:00:00,3.17,54.5,531,43.1,3.74,6.8
SR-009041,PRS-02,2026-09-25T16:00:00,3.19,55.8,520,43.8,4.06,6.4
SR-009042,PRS-02,2026-09-25T17:00:00,3.2,54.5,523,48.1,4.03,6.5
SR-009043,PRS-02,2026-09-25T18:00:00,3.07,54.2,526,47.2,4.18,6.4
SR-009044,PRS-02,2026-09-25T19:00:00,3.22,55.7,529,46.7,3.98,6.8
SR-009045,PRS-02,2026-09-25T20:00:00,3.06,54.8,511,49.2,3.94,6.3
SR-009046,PRS-02,2026-09-25T21:00:00,3.19,54.7,512,48.5,3.84,6.6
SR-009047,PRS-02,2026-09-25T22:00:00,3.11,53.1,517,49.7,4.12,6.6
SR-009048,PRS-02,2026-09-25T23:00:00,3.09,55.3,519,50.3,4.0,6.7
SR-009049,PRS-02,2026-09-26T00:00:00,3.05,55.1,510,44.6,4.02,6.5
SR-009050,PRS-02,2026-09-26T01:00:00,3.03,54.1,521,50.8,3.95,6.6
SR-009051,PRS-02,2026-09-26T02:00:00,2.99,53.2,525,49.1,4.2,6.5
SR-009052,PRS-02,2026-09-26T03:00:00,3.22,56.0,511,49.5,4.08,6.3
SR-009053,PRS-02,2026-09-26T04:00:00,3.22,54.5,517,44.5,4.27,6.2
SR-009054,PRS-02,2026-09-26T05:00:00,3.24,53.7,516,50.6,3.92,6.3
SR-009055,PRS-02,2026-09-26T06:00:00,3.19,53.7,534,44.3,3.91,6.3
SR-009056,PRS-02,2026-09-26T07:00:00,3.09,55.2,515,44.4,4.16,6.3
SR-009057,PRS-02,2026-09-26T08:00:00,2.93,55.7,521,48.1,4.1,6.5
SR-009058,PRS-02,2026-09-26T09:00:00,3.1,54.9,533,47.0,4.08,6.6
SR-009059,PRS-02,2026-09-26T10:00:00,3.23,55.6,529,48.4,3.98,6.6
SR-009060,PRS-02,2026-09-26T11:00:00,3.06,54.8,509,49.9,3.99,6.5
SR-009061,PRS-02,2026-09-26T12:00:00,3.04,56.3,520,45.8,3.96,6.5
SR-009062,PRS-02,2026-09-26T13:00:00,3.1,55.3,509,50.2,3.84,6.5
SR-009063,PRS-02,2026-09-26T14:00:00,3.09,55.5,516,45.2,4.02,6.3
SR-009064,PRS-02,2026-09-26T15:00:00,3.14,55.0,520,46.2,4.09,6.5
SR-009065,PRS-02,2026-09-26T16:00:00,3.05,55.6,525,47.3,3.96,6.5
SR-009066,PRS-02,2026-09-26T17:00:00,3.24,55.5,504,46.8,4.01,6.6
SR-009067,PRS-02,2026-09-26T18:00:00,3.13,54.8,520,49.6,4.0,6.5
SR-009068,PRS-02,2026-09-26T19:00:00,3.24,55.1,534,48.3,3.93,6.5
SR-009069,PRS-02,2026-09-26T20:00:00,3.08,55.0,523,47.2,3.77,6.4
SR-009070,PRS-02,2026-09-26T21:00:00,3.13,54.1,514,48.7,3.97,6.3
SR-009071,PRS-02,2026-09-26T22:00:00,3.36,54.1,504,45.0,3.81,6.5
SR-009072,PRS-02,2026-09-26T23:00:00,3.06,54.0,514,46.7,3.74,6.5
SR-009073,PRS-02,2026-09-27T00:00:00,3.04,54.0,513,47.3,4.03,6.5
SR-009074,PRS-02,2026-09-27T01:00:00,3.01,53.8,512,45.9,4.11,6.6
SR-009075,PRS-02,2026-09-27T02:00:00,2.96,54.3,519,47.0,4.19,6.8
SR-009076,PRS-02,2026-09-27T03:00:00,2.9,54.4,512,45.2,4.01,6.2
SR-009077,PRS-02,2026-09-27T04:00:00,2.8,54.4,526,48.9,4.21,6.5
SR-009078,PRS-02,2026-09-27T05:00:00,3.07,54.7,525,47.5,3.88,6.4
SR-009079,PRS-02,2026-09-27T06:00:00,3.02,53.5,515,46.5,4.05,6.3
SR-009080,PRS-02,2026-09-27T07:00:00,3.09,55.0,524,46.4,3.98,6.3
SR-009081,PRS-02,2026-09-27T08:00:00,3.2,56.0,515,50.2,4.12,6.6
SR-009082,PRS-02,2026-09-27T09:00:00,3.12,56.3,524,49.1,4.11,6.6
SR-009083,PRS-02,2026-09-27T10:00:00,3.26,56.4,513,46.0,4.07,6.5
SR-009084,PRS-02,2026-09-27T11:00:00,3.15,55.5,522,48.1,3.84,6.5
SR-009085,PRS-02,2026-09-27T12:00:00,3.12,55.4,523,46.4,4.13,6.4
SR-009086,PRS-02,2026-09-27T13:00:00,3.03,55.1,514,51.0,4.06,6.3
SR-009087,PRS-02,2026-09-27T14:00:00,3.17,55.8,525,48.4,3.91,6.5
SR-009088,PRS-02,2026-09-27T15:00:00,3.1,54.9,517,47.9,4.14,6.4
SR-009089,PRS-02,2026-09-27T16:00:00,3.02,54.4,521,49.1,4.1,6.5
SR-009090,PRS-02,2026-09-27T17:00:00,3.16,55.9,522,49.1,3.9,6.5
SR-009091,PRS-02,2026-09-27T18:00:00,3.13,56.7,512,47.7,3.97,6.6
SR-009092,PRS-02,2026-09-27T19:00:00,3.08,53.9,515,49.2,4.01,6.6
SR-009093,PRS-02,2026-09-27T20:00:00,3.2,54.7,526,48.8,4.04,6.4
SR-009094,PRS-02,2026-09-27T21:00:00,3.0,55.0,530,46.7,4.17,6.4
SR-009095,PRS-02,2026-09-27T22:00:00,3.19,55.6,505,49.4,3.75,6.6
SR-009096,PRS-02,2026-09-27T23:00:00,3.01,54.7,520,48.6,4.07,6.4
SR-009097,PRS-02,2026-09-28T00:00:00,3.09,54.2,515,46.5,3.95,6.7
SR-009098,PRS-02,2026-09-28T01:00:00,3.11,53.8,525,48.6,4.05,6.4
SR-009099,PRS-02,2026-09-28T02:00:00,2.97,55.0,512,47.9,4.15,6.6
SR-009100,PRS-02,2026-09-28T03:00:00,3.12,52.5,515,46.2,4.13,6.5
SR-009101,PRS-02,2026-09-28T04:00:00,3.0,55.3,520,47.2,4.08,6.5
SR-009102,PRS-02,2026-09-28T05:00:00,3.08,55.7,524,49.8,3.97,6.5
SR-009103,PRS-02,2026-09-28T06:00:00,3.14,55.7,516,46.1,4.0,6.4
SR-009104,PRS-02,2026-09-28T07:00:00,2.99,55.3,524,46.6,4.06,6.5
SR-009105,PRS-02,2026-09-28T08:00:00,2.98,55.2,513,47.2,4.13,6.6
SR-009106,PRS-02,2026-09-28T09:00:00,3.14,57.1,520,45.3,3.87,6.7
SR-009107,PRS-02,2026-09-28T10:00:00,3.09,56.6,520,48.1,4.02,6.5
SR-009108,PRS-02,2026-09-28T11:00:00,3.13,55.7,530,49.3,3.98,6.5
SR-009109,PRS-02,2026-09-28T12:00:00,3.06,56.7,525,46.6,3.95,6.6
SR-009110,PRS-02,2026-09-28T13:00:00,3.37,57.2,525,48.3,3.94,6.2
SR-009111,PRS-02,2026-09-28T14:00:00,3.01,54.1,524,51.5,3.79,6.4
SR-009112,PRS-02,2026-09-28T15:00:00,3.13,56.2,509,43.6,3.91,6.4
SR-009113,PRS-02,2026-09-28T16:00:00,3.31,55.2,529,46.8,4.07,6.6
SR-009114,PRS-02,2026-09-28T17:00:00,2.85,55.8,529,50.3,4.09,6.5
SR-009115,PRS-02,2026-09-28T18:00:00,2.86,56.2,513,49.1,3.86,6.6
SR-009116,PRS-02,2026-09-28T19:00:00,3.02,55.3,507,46.3,3.73,6.3
SR-009117,PRS-02,2026-09-28T20:00:00,3.19,54.3,520,44.6,4.16,6.5
SR-009118,PRS-02,2026-09-28T21:00:00,3.09,54.9,510,50.4,4.13,6.6
SR-009119,PRS-02,2026-09-28T22:00:00,3.03,55.4,527,50.9,3.91,6.7
SR-009120,PRS-02,2026-09-28T23:00:00,3.04,55.1,526,44.4,3.99,6.5
SR-009121,PRS-02,2026-09-29T00:00:00,3.0,55.0,509,49.1,4.24,6.5
SR-009122,PRS-02,2026-09-29T01:00:00,3.1,54.2,524,48.2,3.91,6.6
SR-009123,PRS-02,2026-09-29T02:00:00,3.12,54.2,510,48.7,4.02,6.5
SR-009124,PRS-02,2026-09-29T03:00:00,3.19,54.7,532,51.0,4.17,6.6
SR-009125,PRS-02,2026-09-29T04:00:00,3.14,55.2,522,47.8,4.02,6.6
SR-009126,PRS-02,2026-09-29T05:00:00,3.05,54.4,519,45.0,4.04,6.4
SR-009127,PRS-02,2026-09-29T06:00:00,3.03,54.5,528,47.8,3.78,6.5
SR-009128,PRS-02,2026-09-29T07:00:00,3.08,56.0,510,49.4,3.76,6.5
SR-009129,PRS-02,2026-09-29T08:00:00,3.3,55.8,516,47.3,4.02,6.3
SR-009130,PRS-02,2026-09-29T09:00:00,3.0,57.6,506,45.9,4.05,6.5
SR-009131,PRS-02,2026-09-29T10:00:00,3.3,55.5,517,50.6,3.86,6.3
SR-009132,PRS-02,2026-09-29T11:00:00,3.23,54.5,510,47.4,3.78,6.4
SR-009133,PRS-02,2026-09-29T12:00:00,3.04,55.7,515,50.2,3.93,6.5
SR-009134,PRS-02,2026-09-29T13:00:00,2.99,55.2,530,44.7,4.04,6.4
SR-009135,PRS-02,2026-09-29T14:00:00,3.3,54.6,529,50.3,4.23,6.6
SR-009136,PRS-02,2026-09-29T15:00:00,3.17,56.3,519,47.9,3.92,6.5
SR-009137,PRS-02,2026-09-29T16:00:00,3.11,56.7,519,49.8,4.07,6.4
SR-009138,PRS-02,2026-09-29T17:00:00,3.25,54.7,516,50.0,4.22,6.3
SR-009139,PRS-02,2026-09-29T18:00:00,3.07,54.6,521,46.7,3.99,6.5
SR-009140,PRS-02,2026-09-29T19:00:00,3.12,55.3,523,45.8,3.88,6.3
SR-009141,PRS-02,2026-09-29T20:00:00,3.32,53.3,514,46.9,3.97,6.6
SR-009142,PRS-02,2026-09-29T21:00:00,3.07,54.2,522,46.9,3.9,6.3
SR-009143,PRS-02,2026-09-29T22:00:00,3.08,55.5,518,46.0,3.84,6.7
SR-009144,PRS-02,2026-09-29T23:00:00,3.39,54.6,515,51.3,3.73,6.5
SR-009145,PRS-02,2026-09-30T00:00:00,3.09,54.2,528,47.8,4.08,6.4
SR-009146,PRS-02,2026-09-30T01:00:00,3.08,54.2,515,48.1,3.99,6.4
SR-009147,PRS-02,2026-09-30T02:00:00,3.11,56.1,523,48.8,4.04,6.4
SR-009148,PRS-02,2026-09-30T03:00:00,3.11,55.0,521,47.8,4.19,6.5
SR-009149,PRS-02,2026-09-30T04:00:00,3.15,54.3,522,50.4,3.92,6.4
SR-009150,PRS-02,2026-09-30T05:00:00,3.19,56.6,523,47.8,3.99,6.5
SR-009151,PRS-02,2026-09-30T06:00:00,3.0,55.0,510,51.3,3.92,6.7
SR-009152,PRS-02,2026-09-30T07:00:00,3.2,55.6,523,47.7,3.79,6.3
SR-009153,PRS-02,2026-09-30T08:00:00,3.01,55.0,509,48.2,4.17,6.4
SR-009154,PRS-02,2026-09-30T09:00:00,3.32,56.4,512,45.3,3.96,6.5
SR-009155,PRS-02,2026-09-30T10:00:00,3.14,55.7,530,49.1,3.97,6.4
SR-009156,PRS-02,2026-09-30T11:00:00,3.04,54.6,522,49.7,4.11,6.3
SR-009157,PRS-02,2026-09-30T12:00:00,2.97,56.3,521,46.6,4.01,6.5
SR-009158,PRS-02,2026-09-30T13:00:00,3.08,56.0,520,49.3,4.11,6.6
SR-009159,PRS-02,2026-09-30T14:00:00,3.08,55.6,516,45.8,4.1,6.6
SR-009160,PRS-02,2026-09-30T15:00:00,3.0,55.0,522,45.0,4.01,6.5
SR-009161,PRS-02,2026-09-30T16:00:00,3.1,56.0,513,51.0,4.15,6.3
SR-009162,PRS-02,2026-09-30T17:00:00,3.07,55.0,519,48.1,3.81,6.5
SR-009163,PRS-02,2026-09-30T18:00:00,3.01,55.3,507,51.1,3.99,6.5
SR-009164,PRS-02,2026-09-30T19:00:00,3.17,54.2,511,47.2,4.14,6.5
SR-009165,PRS-02,2026-09-30T20:00:00,3.14,54.0,529,47.8,4.22,6.8
SR-009166,PRS-02,2026-09-30T21:00:00,3.17,54.5,519,49.1,4.17,6.8
SR-009167,PRS-02,2026-09-30T22:00:00,2.99,54.4,525,47.8,3.95,6.5
SR-009168,PRS-02,2026-09-30T23:00:00,3.2,53.5,518,49.0,4.25,6.6
SR-009169,PRS-02,2026-10-01T00:00:00,3.11,54.9,527,48.4,4.04,6.4
SR-009170,PRS-02,2026-10-01T01:00:00,3.07,53.9,523,50.4,4.33,6.5
SR-009171,PRS-02,2026-10-01T02:00:00,3.13,54.8,540,48.1,3.99,6.5
SR-009172,PRS-02,2026-10-01T03:00:00,3.11,52.6,520,46.9,3.86,6.4
SR-009173,PRS-02,2026-10-01T04:00:00,2.99,54.9,525,46.7,3.97,6.4
SR-009174,PRS-02,2026-10-01T05:00:00,2.99,54.1,529,46.0,4.01,6.6
SR-009175,PRS-02,2026-10-01T06:00:00,3.1,53.9,524,48.9,4.14,6.5
SR-009176,PRS-02,2026-10-01T07:00:00,3.23,54.6,518,45.9,4.19,6.4
SR-009177,PRS-02,2026-10-01T08:00:00,2.98,54.4,516,45.7,3.82,6.6
SR-009178,PRS-02,2026-10-01T09:00:00,3.02,56.3,525,48.7,3.93,6.3
SR-009179,PRS-02,2026-10-01T10:00:00,3.22,55.5,517,45.5,3.98,6.5
SR-009180,PRS-02,2026-10-01T11:00:00,3.15,54.8,519,44.9,4.03,6.5
SR-009181,PRS-02,2026-10-01T12:00:00,3.22,56.5,526,46.2,4.01,6.6
SR-009182,PRS-02,2026-10-01T13:00:00,3.24,56.5,522,49.4,4.08,6.5
SR-009183,PRS-02,2026-10-01T14:00:00,3.09,55.3,528,47.4,4.18,6.5
SR-009184,PRS-02,2026-10-01T15:00:00,2.97,54.9,504,47.7,3.85,6.5
SR-009185,PRS-02,2026-10-01T16:00:00,3.08,55.1,530,49.3,4.06,6.6
SR-009186,PRS-02,2026-10-01T17:00:00,3.04,56.0,527,47.9,3.93,6.6
SR-009187,PRS-02,2026-10-01T18:00:00,3.11,54.2,521,46.7,4.04,6.4
SR-009188,PRS-02,2026-10-01T19:00:00,2.9,52.4,528,49.6,4.03,6.3
SR-009189,PRS-02,2026-10-01T20:00:00,3.21,54.9,524,49.9,4.03,6.6
SR-009190,PRS-02,2026-10-01T21:00:00,3.03,53.0,522,47.7,3.89,6.7
SR-009191,PRS-02,2026-10-01T22:00:00,3.04,53.1,526,48.4,3.93,6.6
SR-009192,PRS-02,2026-10-01T23:00:00,3.26,55.8,517,46.6,3.95,6.2
SR-009193,PRS-02,2026-10-02T00:00:00,3.16,53.8,523,48.1,4.04,6.5
SR-009194,PRS-02,2026-10-02T01:00:00,3.2,54.6,528,45.5,3.89,6.7
SR-009195,PRS-02,2026-10-02T02:00:00,2.95,54.2,523,47.3,3.81,6.5
SR-009196,PRS-02,2026-10-02T03:00:00,2.92,54.6,523,50.0,3.81,6.6
SR-009197,PRS-02,2026-10-02T04:00:00,3.4,54.6,538,46.3,3.7,6.3
SR-009198,PRS-02,2026-10-02T05:00:00,3.06,54.5,524,48.3,3.88,6.7
SR-009199,PRS-02,2026-10-02T06:00:00,3.19,55.5,511,46.2,3.88,6.6
SR-009200,PRS-02,2026-10-02T07:00:00,3.16,54.6,529,46.4,4.07,6.3
SR-009201,PRS-02,2026-10-02T08:00:00,3.07,55.6,532,50.1,3.92,6.5
SR-009202,PRS-02,2026-10-02T09:00:00,3.11,58.1,527,48.0,4.17,6.4
SR-009203,PRS-02,2026-10-02T10:00:00,2.98,55.4,515,49.4,3.99,6.4
SR-009204,PRS-02,2026-10-02T11:00:00,3.04,57.3,520,44.7,4.03,6.4
SR-009205,PRS-02,2026-10-02T12:00:00,3.12,57.4,520,47.2,4.01,6.6
SR-009206,PRS-02,2026-10-02T13:00:00,3.14,55.1,514,42.5,3.94,6.3
SR-009207,PRS-02,2026-10-02T14:00:00,3.13,54.8,525,48.4,4.05,6.8
SR-009208,PRS-02,2026-10-02T15:00:00,3.11,54.8,510,48.7,3.86,6.6
SR-009209,PRS-02,2026-10-02T16:00:00,3.09,54.8,535,45.4,4.1,6.5
SR-009210,PRS-02,2026-10-02T17:00:00,3.16,56.3,526,49.9,4.03,6.4
SR-009211,PRS-02,2026-10-02T18:00:00,3.03,55.0,519,50.2,4.01,6.4
SR-009212,PRS-02,2026-10-02T19:00:00,3.02,56.0,518,50.0,4.04,6.6
SR-009213,PRS-02,2026-10-02T20:00:00,3.12,55.3,533,47.9,4.01,6.5
SR-009214,PRS-02,2026-10-02T21:00:00,3.18,53.0,530,46.0,4.04,6.7
SR-009215,PRS-02,2026-10-02T22:00:00,3.23,53.2,525,48.1,3.96,6.8
SR-009216,PRS-02,2026-10-02T23:00:00,3.1,53.9,517,47.3,4.05,6.4
SR-009217,PRS-03,2026-09-17T00:00:00,2.98,53.8,518,50.7,4.03,6.3
SR-009218,PRS-03,2026-09-17T01:00:00,2.96,53.5,517,50.6,3.94,6.5
SR-009219,PRS-03,2026-09-17T02:00:00,3.03,54.2,533,45.8,4.04,6.5
SR-009220,PRS-03,2026-09-17T03:00:00,3.06,53.5,520,49.6,3.98,6.5
SR-009221,PRS-03,2026-09-17T04:00:00,2.96,54.2,533,46.5,3.9,6.5
SR-009222,PRS-03,2026-09-17T05:00:00,3.15,53.7,524,47.2,4.0,6.6
SR-009223,PRS-03,2026-09-17T06:00:00,2.86,53.2,513,48.4,3.99,6.5
SR-009224,PRS-03,2026-09-17T07:00:00,3.07,54.8,516,47.7,3.87,6.5
SR-009225,PRS-03,2026-09-17T08:00:00,3.19,56.1,527,46.5,4.05,6.6
SR-009226,PRS-03,2026-09-17T09:00:00,2.86,54.3,509,50.7,4.13,6.4
SR-009227,PRS-03,2026-09-17T10:00:00,2.91,56.2,517,45.7,3.94,6.5
SR-009228,PRS-03,2026-09-17T11:00:00,3.06,56.2,525,51.4,3.88,6.5
SR-009229,PRS-03,2026-09-17T12:00:00,3.13,55.6,533,47.0,4.03,6.6
SR-009230,PRS-03,2026-09-17T13:00:00,3.16,55.9,506,46.2,3.93,6.5
SR-009231,PRS-03,2026-09-17T14:00:00,3.12,55.3,521,51.7,3.79,6.5
SR-009232,PRS-03,2026-09-17T15:00:00,3.16,55.1,512,46.5,4.14,6.6
SR-009233,PRS-03,2026-09-17T16:00:00,3.0,55.5,520,46.4,3.96,6.5
SR-009234,PRS-03,2026-09-17T17:00:00,3.19,53.9,526,46.4,3.97,6.4
SR-009235,PRS-03,2026-09-17T18:00:00,3.05,55.0,531,44.6,3.75,6.6
SR-009236,PRS-03,2026-09-17T19:00:00,2.96,55.7,516,44.9,4.03,6.6
SR-009237,PRS-03,2026-09-17T20:00:00,3.25,55.4,514,44.8,3.97,6.6
SR-009238,PRS-03,2026-09-17T21:00:00,3.0,53.4,527,48.1,3.94,6.7
SR-009239,PRS-03,2026-09-17T22:00:00,3.07,52.3,522,47.7,3.89,6.5
SR-009240,PRS-03,2026-09-17T23:00:00,3.21,53.2,513,43.7,4.15,6.5
SR-009241,PRS-03,2026-09-18T00:00:00,2.98,55.5,495,45.6,4.19,6.4
SR-009242,PRS-03,2026-09-18T01:00:00,2.98,53.3,513,49.5,4.14,6.7
SR-009243,PRS-03,2026-09-18T02:00:00,3.41,55.3,521,48.9,3.9,6.6
SR-009244,PRS-03,2026-09-18T03:00:00,3.15,53.6,523,48.3,4.16,6.5
SR-009245,PRS-03,2026-09-18T04:00:00,2.91,54.4,532,50.9,3.88,6.3
SR-009246,PRS-03,2026-09-18T05:00:00,3.12,56.0,516,44.0,4.03,6.6
SR-009247,PRS-03,2026-09-18T06:00:00,3.03,52.3,507,49.4,4.06,6.4
SR-009248,PRS-03,2026-09-18T07:00:00,3.05,54.3,527,47.1,3.97,6.5
SR-009249,PRS-03,2026-09-18T08:00:00,2.97,53.7,527,48.1,4.06,6.6
SR-009250,PRS-03,2026-09-18T09:00:00,3.1,54.9,520,45.5,3.88,6.6
SR-009251,PRS-03,2026-09-18T10:00:00,3.0,56.7,507,46.4,4.0,6.6
SR-009252,PRS-03,2026-09-18T11:00:00,3.11,54.3,535,45.8,3.9,6.3
SR-009253,PRS-03,2026-09-18T12:00:00,3.22,55.7,511,49.9,4.17,6.5
SR-009254,PRS-03,2026-09-18T13:00:00,2.99,55.7,522,47.4,4.29,6.3
SR-009255,PRS-03,2026-09-18T14:00:00,3.27,56.2,524,47.8,4.12,6.4
SR-009256,PRS-03,2026-09-18T15:00:00,3.02,54.0,504,48.9,4.06,6.4
SR-009257,PRS-03,2026-09-18T16:00:00,3.14,55.0,509,47.0,3.93,6.3
SR-009258,PRS-03,2026-09-18T17:00:00,3.25,55.0,517,49.8,4.08,6.4
SR-009259,PRS-03,2026-09-18T18:00:00,2.93,54.2,527,48.5,3.86,6.8
SR-009260,PRS-03,2026-09-18T19:00:00,3.18,54.6,519,47.4,4.04,6.7
SR-009261,PRS-03,2026-09-18T20:00:00,2.97,55.3,523,49.9,4.12,6.8
SR-009262,PRS-03,2026-09-18T21:00:00,3.16,56.3,513,47.5,3.82,6.5
SR-009263,PRS-03,2026-09-18T22:00:00,2.92,54.0,512,50.1,4.1,6.4
SR-009264,PRS-03,2026-09-18T23:00:00,3.19,54.0,529,48.9,3.96,6.2
SR-009265,PRS-03,2026-09-19T00:00:00,3.05,54.4,509,46.2,3.86,6.5
SR-009266,PRS-03,2026-09-19T01:00:00,3.09,54.4,522,46.6,4.0,6.6
SR-009267,PRS-03,2026-09-19T02:00:00,3.05,53.4,509,51.4,3.93,6.4
SR-009268,PRS-03,2026-09-19T03:00:00,2.95,55.9,522,46.7,3.92,6.6
SR-009269,PRS-03,2026-09-19T04:00:00,2.92,54.2,513,47.2,4.16,6.5
SR-009270,PRS-03,2026-09-19T05:00:00,3.16,54.5,530,45.7,4.1,6.5
SR-009271,PRS-03,2026-09-19T06:00:00,3.23,54.4,534,46.4,3.88,6.5
SR-009272,PRS-03,2026-09-19T07:00:00,3.0,56.3,523,50.5,3.99,6.6
SR-009273,PRS-03,2026-09-19T08:00:00,2.97,56.6,523,46.5,4.16,6.6
SR-009274,PRS-03,2026-09-19T09:00:00,3.11,56.1,520,48.6,4.02,6.6
SR-009275,PRS-03,2026-09-19T10:00:00,3.05,55.0,524,47.4,3.96,6.4
SR-009276,PRS-03,2026-09-19T11:00:00,2.99,55.1,518,51.6,4.04,6.3
SR-009277,PRS-03,2026-09-19T12:00:00,3.0,55.0,527,49.4,3.83,6.4
SR-009278,PRS-03,2026-09-19T13:00:00,3.02,56.8,525,48.1,4.02,6.6
SR-009279,PRS-03,2026-09-19T14:00:00,3.11,55.6,511,48.1,3.86,6.9
SR-009280,PRS-03,2026-09-19T15:00:00,3.23,56.4,515,46.0,4.05,6.5
SR-009281,PRS-03,2026-09-19T16:00:00,2.99,54.9,527,50.5,4.11,6.6
SR-009282,PRS-03,2026-09-19T17:00:00,3.04,56.3,535,47.6,4.0,6.4
SR-009283,PRS-03,2026-09-19T18:00:00,2.71,55.5,510,44.7,4.0,6.5
SR-009284,PRS-03,2026-09-19T19:00:00,3.19,54.8,529,47.1,4.13,6.6
SR-009285,PRS-03,2026-09-19T20:00:00,2.98,53.9,508,49.0,3.86,6.7
SR-009286,PRS-03,2026-09-19T21:00:00,3.04,55.3,515,43.9,3.99,6.6
SR-009287,PRS-03,2026-09-19T22:00:00,3.23,55.0,535,43.8,4.07,6.5
SR-009288,PRS-03,2026-09-19T23:00:00,3.3,55.5,522,49.8,4.08,6.6
SR-009289,PRS-03,2026-09-20T00:00:00,3.14,54.5,519,46.1,3.94,6.6
SR-009290,PRS-03,2026-09-20T01:00:00,2.99,54.7,509,49.8,3.89,6.4
SR-009291,PRS-03,2026-09-20T02:00:00,3.04,53.3,509,50.7,3.98,6.5
SR-009292,PRS-03,2026-09-20T03:00:00,3.26,52.8,526,49.1,4.04,6.4
SR-009293,PRS-03,2026-09-20T04:00:00,3.09,55.5,523,47.7,4.06,6.6
SR-009294,PRS-03,2026-09-20T05:00:00,3.13,55.8,515,45.8,4.03,6.7
SR-009295,PRS-03,2026-09-20T06:00:00,3.02,56.4,540,47.3,4.19,6.6
SR-009296,PRS-03,2026-09-20T07:00:00,3.17,53.3,515,49.6,4.0,6.5
SR-009297,PRS-03,2026-09-20T08:00:00,3.28,56.5,535,48.1,3.99,6.5
SR-009298,PRS-03,2026-09-20T09:00:00,3.25,56.3,520,47.4,4.13,6.6
SR-009299,PRS-03,2026-09-20T10:00:00,2.97,54.7,526,46.8,4.12,6.3
SR-009300,PRS-03,2026-09-20T11:00:00,3.11,55.0,524,45.2,3.89,6.5
SR-009301,PRS-03,2026-09-20T12:00:00,2.84,55.8,511,46.1,3.95,6.4
SR-009302,PRS-03,2026-09-20T13:00:00,3.19,54.5,527,45.1,4.07,6.4
SR-009303,PRS-03,2026-09-20T14:00:00,2.98,56.7,525,47.9,4.12,6.6
SR-009304,PRS-03,2026-09-20T15:00:00,3.08,55.3,519,44.4,3.82,6.4
SR-009305,PRS-03,2026-09-20T16:00:00,3.06,55.3,511,44.9,4.09,6.3
SR-009306,PRS-03,2026-09-20T17:00:00,3.25,56.3,523,47.1,3.85,6.4
SR-009307,PRS-03,2026-09-20T18:00:00,3.0,56.5,528,46.5,4.01,6.6
SR-009308,PRS-03,2026-09-20T19:00:00,3.23,55.5,526,49.1,4.2,6.5
SR-009309,PRS-03,2026-09-20T20:00:00,3.26,54.7,530,43.7,3.93,6.5
SR-009310,PRS-03,2026-09-20T21:00:00,3.15,55.2,516,45.8,3.82,6.1
SR-009311,PRS-03,2026-09-20T22:00:00,3.35,53.4,529,51.2,3.99,6.6
SR-009312,PRS-03,2026-09-20T23:00:00,2.99,53.6,512,50.7,3.93,6.5
SR-009313,PRS-03,2026-09-21T00:00:00,3.11,55.0,512,48.5,3.87,6.5
SR-009314,PRS-03,2026-09-21T01:00:00,2.98,52.8,525,47.8,3.98,6.5
SR-009315,PRS-03,2026-09-21T02:00:00,3.06,54.1,516,47.9,3.86,6.5
SR-009316,PRS-03,2026-09-21T03:00:00,2.98,54.7,529,48.6,3.98,6.5
SR-009317,PRS-03,2026-09-21T04:00:00,3.02,55.0,513,46.5,4.19,6.8
SR-009318,PRS-03,2026-09-21T05:00:00,3.15,54.3,519,45.9,3.94,6.7
SR-009319,PRS-03,2026-09-21T06:00:00,3.04,56.0,515,50.7,3.84,6.6
SR-009320,PRS-03,2026-09-21T07:00:00,2.91,53.9,504,47.1,4.32,6.6
SR-009321,PRS-03,2026-09-21T08:00:00,3.09,55.3,527,47.8,4.04,6.4
SR-009322,PRS-03,2026-09-21T09:00:00,3.3,54.9,523,47.9,4.03,6.4
SR-009323,PRS-03,2026-09-21T10:00:00,2.95,53.7,513,46.3,3.86,6.4
SR-009324,PRS-03,2026-09-21T11:00:00,3.23,55.5,513,46.9,4.21,6.4
SR-009325,PRS-03,2026-09-21T12:00:00,3.14,57.0,503,46.6,3.86,6.5
SR-009326,PRS-03,2026-09-21T13:00:00,3.05,56.0,519,48.9,3.97,6.5
SR-009327,PRS-03,2026-09-21T14:00:00,3.32,55.2,521,52.1,4.03,6.4
SR-009328,PRS-03,2026-09-21T15:00:00,3.25,54.5,527,48.5,3.98,6.5
SR-009329,PRS-03,2026-09-21T16:00:00,3.1,54.4,510,43.9,3.91,6.3
SR-009330,PRS-03,2026-09-21T17:00:00,3.17,54.0,509,48.7,4.11,6.3
SR-009331,PRS-03,2026-09-21T18:00:00,3.07,55.1,525,47.9,4.16,6.6
SR-009332,PRS-03,2026-09-21T19:00:00,3.2,53.9,514,48.4,3.86,6.6
SR-009333,PRS-03,2026-09-21T20:00:00,3.11,55.0,527,44.9,3.93,6.5
SR-009334,PRS-03,2026-09-21T21:00:00,3.12,54.4,518,45.6,4.08,6.3
SR-009335,PRS-03,2026-09-21T22:00:00,2.89,54.1,519,51.2,4.03,6.5
SR-009336,PRS-03,2026-09-21T23:00:00,3.16,54.4,526,52.0,3.65,6.5
SR-009337,PRS-03,2026-09-22T00:00:00,3.18,53.7,527,44.0,3.97,6.5
SR-009338,PRS-03,2026-09-22T01:00:00,3.09,54.2,512,48.4,3.94,6.6
SR-009339,PRS-03,2026-09-22T02:00:00,3.03,54.7,510,48.3,4.13,6.4
SR-009340,PRS-03,2026-09-22T03:00:00,3.16,55.0,504,50.2,4.12,6.7
SR-009341,PRS-03,2026-09-22T04:00:00,3.05,54.8,530,46.3,3.81,6.4
SR-009342,PRS-03,2026-09-22T05:00:00,3.25,54.4,532,47.3,4.13,6.6
SR-009343,PRS-03,2026-09-22T06:00:00,3.16,55.0,513,49.8,4.17,6.5
SR-009344,PRS-03,2026-09-22T07:00:00,3.04,54.7,534,46.7,4.01,6.4
SR-009345,PRS-03,2026-09-22T08:00:00,3.24,54.5,513,46.8,3.72,6.3
SR-009346,PRS-03,2026-09-22T09:00:00,3.09,55.3,530,47.4,4.03,6.4
SR-009347,PRS-03,2026-09-22T10:00:00,3.27,55.4,519,46.8,3.98,6.6
SR-009348,PRS-03,2026-09-22T11:00:00,2.98,56.3,502,46.9,3.94,6.6
SR-009349,PRS-03,2026-09-22T12:00:00,3.12,55.5,521,49.7,3.94,6.6
SR-009350,PRS-03,2026-09-22T13:00:00,2.98,58.1,537,45.0,4.07,6.4
SR-009351,PRS-03,2026-09-22T14:00:00,2.95,55.6,527,44.8,4.17,6.5
SR-009352,PRS-03,2026-09-22T15:00:00,2.82,56.3,521,47.9,3.89,6.6
SR-009353,PRS-03,2026-09-22T16:00:00,2.95,55.2,514,49.5,3.95,6.5
SR-009354,PRS-03,2026-09-22T17:00:00,2.97,55.2,520,52.5,4.04,6.6
SR-009355,PRS-03,2026-09-22T18:00:00,2.93,54.6,534,48.6,4.04,6.4
SR-009356,PRS-03,2026-09-22T19:00:00,3.03,53.9,511,47.0,4.22,6.6
SR-009357,PRS-03,2026-09-22T20:00:00,3.09,53.7,527,46.3,3.81,6.4
SR-009358,PRS-03,2026-09-22T21:00:00,3.34,53.8,517,48.1,4.06,6.7
SR-009359,PRS-03,2026-09-22T22:00:00,3.05,54.5,511,48.4,3.98,6.3
SR-009360,PRS-03,2026-09-22T23:00:00,3.02,54.4,510,47.8,3.88,6.3
SR-009361,PRS-03,2026-09-23T00:00:00,3.18,54.1,532,49.3,4.06,6.3
SR-009362,PRS-03,2026-09-23T01:00:00,3.11,54.0,524,47.6,3.97,6.6
SR-009363,PRS-03,2026-09-23T02:00:00,2.92,54.7,515,46.0,4.06,6.5
SR-009364,PRS-03,2026-09-23T03:00:00,3.03,55.6,518,47.6,4.09,6.6
SR-009365,PRS-03,2026-09-23T04:00:00,2.97,54.4,518,48.1,3.89,6.4
SR-009366,PRS-03,2026-09-23T05:00:00,3.41,52.6,519,48.4,4.04,6.4
SR-009367,PRS-03,2026-09-23T06:00:00,2.89,55.5,521,45.4,3.94,6.6
SR-009368,PRS-03,2026-09-23T07:00:00,2.87,56.0,521,47.3,4.13,6.4
SR-009369,PRS-03,2026-09-23T08:00:00,3.09,56.2,517,49.1,3.79,6.6
SR-009370,PRS-03,2026-09-23T09:00:00,3.01,55.8,529,46.5,4.05,6.5
SR-009371,PRS-03,2026-09-23T10:00:00,2.98,55.0,505,45.4,3.91,6.6
SR-009372,PRS-03,2026-09-23T11:00:00,3.15,56.8,512,46.5,4.3,6.6
SR-009373,PRS-03,2026-09-23T12:00:00,3.13,56.2,525,48.5,4.03,6.4
SR-009374,PRS-03,2026-09-23T13:00:00,3.33,56.7,524,49.8,4.04,6.6
SR-009375,PRS-03,2026-09-23T14:00:00,3.1,55.8,525,50.4,3.83,6.5
SR-009376,PRS-03,2026-09-23T15:00:00,3.3,55.6,531,47.1,3.92,6.2
SR-009377,PRS-03,2026-09-23T16:00:00,3.07,54.7,511,48.7,4.11,6.6
SR-009378,PRS-03,2026-09-23T17:00:00,2.98,52.7,530,48.9,3.78,6.2
SR-009379,PRS-03,2026-09-23T18:00:00,3.15,56.1,528,48.3,4.31,6.5
SR-009380,PRS-03,2026-09-23T19:00:00,3.13,54.6,531,48.1,3.77,6.5
SR-009381,PRS-03,2026-09-23T20:00:00,3.41,54.5,511,51.8,3.94,6.5
SR-009382,PRS-03,2026-09-23T21:00:00,2.95,54.4,521,46.4,3.95,6.4
SR-009383,PRS-03,2026-09-23T22:00:00,3.24,54.1,521,47.9,4.01,6.4
SR-009384,PRS-03,2026-09-23T23:00:00,3.07,55.1,522,49.3,3.99,6.5
SR-009385,PRS-03,2026-09-24T00:00:00,3.09,54.3,523,46.2,3.97,6.3
SR-009386,PRS-03,2026-09-24T01:00:00,2.96,53.8,519,48.5,3.85,6.3
SR-009387,PRS-03,2026-09-24T02:00:00,3.3,53.8,520,44.9,4.16,6.5
SR-009388,PRS-03,2026-09-24T03:00:00,3.01,54.3,522,48.5,4.05,6.7
SR-009389,PRS-03,2026-09-24T04:00:00,3.32,55.2,520,43.1,4.07,6.6
SR-009390,PRS-03,2026-09-24T05:00:00,3.05,55.6,518,49.2,4.0,6.6
SR-009391,PRS-03,2026-09-24T06:00:00,3.15,55.5,504,47.2,4.03,6.6
SR-009392,PRS-03,2026-09-24T07:00:00,3.12,54.4,500,49.9,3.95,6.5
SR-009393,PRS-03,2026-09-24T08:00:00,3.21,55.5,521,47.0,4.02,6.5
SR-009394,PRS-03,2026-09-24T09:00:00,3.12,56.7,515,47.8,4.17,6.4
SR-009395,PRS-03,2026-09-24T10:00:00,2.93,55.0,514,48.2,4.0,6.4
SR-009396,PRS-03,2026-09-24T11:00:00,3.21,55.0,524,50.2,4.13,6.6
SR-009397,PRS-03,2026-09-24T12:00:00,3.18,55.4,508,47.4,3.84,6.6
SR-009398,PRS-03,2026-09-24T13:00:00,2.83,56.0,521,48.3,3.95,6.6
SR-009399,PRS-03,2026-09-24T14:00:00,3.09,54.3,519,48.3,3.88,6.6
SR-009400,PRS-03,2026-09-24T15:00:00,3.02,54.7,524,50.4,3.87,6.7
SR-009401,PRS-03,2026-09-24T16:00:00,3.1,55.5,525,47.5,3.92,6.5
SR-009402,PRS-03,2026-09-24T17:00:00,3.09,53.4,517,49.4,4.08,6.4
SR-009403,PRS-03,2026-09-24T18:00:00,3.1,56.4,513,50.0,3.93,6.6
SR-009404,PRS-03,2026-09-24T19:00:00,3.1,55.7,517,48.9,3.75,6.6
SR-009405,PRS-03,2026-09-24T20:00:00,2.99,53.2,509,45.3,3.9,6.4
SR-009406,PRS-03,2026-09-24T21:00:00,3.0,54.3,526,50.2,4.01,6.3
SR-009407,PRS-03,2026-09-24T22:00:00,3.26,54.8,503,46.7,4.03,6.6
SR-009408,PRS-03,2026-09-24T23:00:00,3.35,54.2,518,47.9,4.05,6.1
SR-009409,PRS-03,2026-09-25T00:00:00,3.08,54.5,511,50.0,4.11,6.2
SR-009410,PRS-03,2026-09-25T01:00:00,3.15,54.0,522,49.4,4.09,6.4
SR-009411,PRS-03,2026-09-25T02:00:00,3.12,55.1,518,47.1,4.05,6.4
SR-009412,PRS-03,2026-09-25T03:00:00,2.99,53.8,517,46.9,4.08,6.7
SR-009413,PRS-03,2026-09-25T04:00:00,3.14,53.8,519,49.0,4.1,6.5
SR-009414,PRS-03,2026-09-25T05:00:00,3.17,55.0,516,47.4,3.88,6.7
SR-009415,PRS-03,2026-09-25T06:00:00,3.27,54.7,533,46.4,3.94,6.5
SR-009416,PRS-03,2026-09-25T07:00:00,3.15,55.2,511,47.2,4.16,6.5
SR-009417,PRS-03,2026-09-25T08:00:00,3.12,55.6,524,49.3,3.93,6.4
SR-009418,PRS-03,2026-09-25T09:00:00,3.04,54.6,528,46.9,3.76,6.4
SR-009419,PRS-03,2026-09-25T10:00:00,2.92,56.2,513,43.9,4.03,6.4
SR-009420,PRS-03,2026-09-25T11:00:00,3.03,55.3,518,46.1,3.97,6.6
SR-009421,PRS-03,2026-09-25T12:00:00,3.09,55.5,510,47.8,4.05,6.6
SR-009422,PRS-03,2026-09-25T13:00:00,3.17,57.1,518,48.4,4.03,6.6
SR-009423,PRS-03,2026-09-25T14:00:00,3.02,55.1,519,49.0,4.19,6.3
SR-009424,PRS-03,2026-09-25T15:00:00,2.85,54.5,501,50.3,4.04,6.3
SR-009425,PRS-03,2026-09-25T16:00:00,3.21,55.6,533,47.9,4.1,6.5
SR-009426,PRS-03,2026-09-25T17:00:00,3.04,55.2,511,49.8,4.08,6.5
SR-009427,PRS-03,2026-09-25T18:00:00,3.07,54.5,522,49.2,3.76,6.4
SR-009428,PRS-03,2026-09-25T19:00:00,3.15,55.9,539,50.3,4.1,6.3
SR-009429,PRS-03,2026-09-25T20:00:00,3.2,54.6,533,49.6,3.98,6.5
SR-009430,PRS-03,2026-09-25T21:00:00,3.1,55.4,520,45.3,3.9,6.4
SR-009431,PRS-03,2026-09-25T22:00:00,3.12,53.3,520,47.8,3.9,6.5
SR-009432,PRS-03,2026-09-25T23:00:00,3.21,53.2,503,44.5,4.09,6.6
SR-009433,PRS-03,2026-09-26T00:00:00,3.19,55.0,515,45.7,3.94,6.4
SR-009434,PRS-03,2026-09-26T01:00:00,3.03,54.3,516,49.0,3.94,6.5
SR-009435,PRS-03,2026-09-26T02:00:00,2.84,53.6,512,47.4,3.86,6.5
SR-009436,PRS-03,2026-09-26T03:00:00,3.27,54.5,514,46.2,3.95,6.6
SR-009437,PRS-03,2026-09-26T04:00:00,3.12,55.4,518,44.5,4.2,6.2
SR-009438,PRS-03,2026-09-26T05:00:00,3.24,54.8,533,49.2,4.05,6.5
SR-009439,PRS-03,2026-09-26T06:00:00,3.23,55.4,521,51.1,3.86,6.3
SR-009440,PRS-03,2026-09-26T07:00:00,3.21,55.2,521,50.1,3.99,6.4
SR-009441,PRS-03,2026-09-26T08:00:00,3.23,55.6,524,46.3,4.02,6.6
SR-009442,PRS-03,2026-09-26T09:00:00,2.99,56.8,518,47.8,4.01,6.1
SR-009443,PRS-03,2026-09-26T10:00:00,3.16,55.6,517,48.0,4.2,6.3
SR-009444,PRS-03,2026-09-26T11:00:00,3.05,57.0,520,48.1,3.95,6.3
SR-009445,PRS-03,2026-09-26T12:00:00,2.9,54.9,525,46.1,4.03,6.5
SR-009446,PRS-03,2026-09-26T13:00:00,3.07,56.7,515,43.3,3.67,6.3
SR-009447,PRS-03,2026-09-26T14:00:00,3.06,56.6,511,47.8,4.12,6.4
SR-009448,PRS-03,2026-09-26T15:00:00,3.08,56.1,516,53.5,4.13,6.5
SR-009449,PRS-03,2026-09-26T16:00:00,3.04,57.1,520,47.3,4.11,6.5
SR-009450,PRS-03,2026-09-26T17:00:00,3.16,56.3,525,47.8,3.75,6.4
SR-009451,PRS-03,2026-09-26T18:00:00,3.3,55.8,512,48.6,3.83,6.6
SR-009452,PRS-03,2026-09-26T19:00:00,3.18,54.8,538,46.8,3.58,6.6
SR-009453,PRS-03,2026-09-26T20:00:00,2.96,52.8,524,48.2,4.05,6.4
SR-009454,PRS-03,2026-09-26T21:00:00,2.97,52.3,515,48.4,4.08,6.2
SR-009455,PRS-03,2026-09-26T22:00:00,3.08,54.5,525,49.2,4.01,6.5
SR-009456,PRS-03,2026-09-26T23:00:00,2.96,54.2,521,48.0,4.22,6.5
SR-009457,PRS-03,2026-09-27T00:00:00,3.29,54.7,520,49.6,4.09,6.7
SR-009458,PRS-03,2026-09-27T01:00:00,3.18,53.9,518,49.9,4.08,6.3
SR-009459,PRS-03,2026-09-27T02:00:00,2.97,54.8,526,47.7,4.17,6.4
SR-009460,PRS-03,2026-09-27T03:00:00,3.01,53.7,515,49.5,4.16,6.3
SR-009461,PRS-03,2026-09-27T04:00:00,3.04,54.4,513,48.6,4.13,6.3
SR-009462,PRS-03,2026-09-27T05:00:00,2.87,55.0,518,45.2,3.77,6.4
SR-009463,PRS-03,2026-09-27T06:00:00,3.07,53.8,512,44.2,3.92,6.4
SR-009464,PRS-03,2026-09-27T07:00:00,3.15,54.6,526,47.5,3.7,6.4
SR-009465,PRS-03,2026-09-27T08:00:00,3.04,55.7,511,44.8,3.93,6.4
SR-009466,PRS-03,2026-09-27T09:00:00,3.24,55.1,515,47.1,4.18,6.6
SR-009467,PRS-03,2026-09-27T10:00:00,3.12,55.9,506,51.2,4.01,6.6
SR-009468,PRS-03,2026-09-27T11:00:00,3.25,55.3,527,47.2,4.16,6.5
SR-009469,PRS-03,2026-09-27T12:00:00,3.15,56.1,504,49.8,3.94,6.6
SR-009470,PRS-03,2026-09-27T13:00:00,3.05,54.8,538,43.8,3.97,6.6
SR-009471,PRS-03,2026-09-27T14:00:00,3.1,55.5,527,50.4,3.92,6.6
SR-009472,PRS-03,2026-09-27T15:00:00,3.03,54.6,505,46.4,3.72,6.7
SR-009473,PRS-03,2026-09-27T16:00:00,3.06,56.4,504,47.4,4.0,6.6
SR-009474,PRS-03,2026-09-27T17:00:00,3.08,53.7,513,49.5,3.92,6.7
SR-009475,PRS-03,2026-09-27T18:00:00,3.17,54.2,513,45.7,4.28,6.4
SR-009476,PRS-03,2026-09-27T19:00:00,3.24,55.4,523,46.0,4.0,6.5
SR-009477,PRS-03,2026-09-27T20:00:00,3.2,55.6,527,44.9,4.14,6.3
SR-009478,PRS-03,2026-09-27T21:00:00,3.03,54.4,527,50.0,3.99,6.6
SR-009479,PRS-03,2026-09-27T22:00:00,3.07,53.6,516,47.1,4.1,6.4
SR-009480,PRS-03,2026-09-27T23:00:00,3.08,53.1,522,48.2,3.95,6.5
SR-009481,PRS-03,2026-09-28T00:00:00,3.05,54.2,524,47.6,4.14,6.6
SR-009482,PRS-03,2026-09-28T01:00:00,3.08,55.3,524,46.0,4.1,6.6
SR-009483,PRS-03,2026-09-28T02:00:00,3.13,54.3,526,45.3,4.09,6.4
SR-009484,PRS-03,2026-09-28T03:00:00,2.93,53.0,511,47.7,4.23,6.8
SR-009485,PRS-03,2026-09-28T04:00:00,3.1,53.8,512,47.2,4.05,6.4
SR-009486,PRS-03,2026-09-28T05:00:00,2.78,54.8,515,47.5,3.7,6.4
SR-009487,PRS-03,2026-09-28T06:00:00,3.12,54.0,528,49.0,3.72,6.6
SR-009488,PRS-03,2026-09-28T07:00:00,3.1,54.0,516,46.3,4.12,6.6
SR-009489,PRS-03,2026-09-28T08:00:00,3.18,55.0,289,28.6,4.0,6.5
SR-009490,PRS-03,2026-09-28T09:00:00,2.94,54.8,289,29.4,4.03,6.8
SR-009491,PRS-03,2026-09-28T10:00:00,3.23,56.7,293,29.7,4.04,6.4
SR-009492,PRS-03,2026-09-28T11:00:00,3.23,54.9,282,30.9,3.86,6.4
SR-009493,PRS-03,2026-09-28T12:00:00,3.05,56.4,534,47.6,3.93,6.5
SR-009494,PRS-03,2026-09-28T13:00:00,3.04,55.6,516,43.5,3.99,6.5
SR-009495,PRS-03,2026-09-28T14:00:00,3.02,55.9,522,44.9,4.2,6.6
SR-009496,PRS-03,2026-09-28T15:00:00,3.13,55.1,518,44.8,3.89,6.5
SR-009497,PRS-03,2026-09-28T16:00:00,3.2,55.8,525,47.0,3.81,6.5
SR-009498,PRS-03,2026-09-28T17:00:00,3.14,55.5,501,50.0,3.68,6.6
SR-009499,PRS-03,2026-09-28T18:00:00,3.04,55.5,523,48.9,4.15,6.5
SR-009500,PRS-03,2026-09-28T19:00:00,3.03,53.8,530,48.7,3.99,6.4
SR-009501,PRS-03,2026-09-28T20:00:00,3.08,54.3,516,50.6,3.92,6.6
SR-009502,PRS-03,2026-09-28T21:00:00,3.31,54.0,510,46.7,4.0,6.3
SR-009503,PRS-03,2026-09-28T22:00:00,3.0,53.2,506,47.6,4.1,6.4
SR-009504,PRS-03,2026-09-28T23:00:00,3.16,54.3,522,48.7,4.03,6.4
SR-009505,PRS-03,2026-09-29T00:00:00,3.18,54.6,533,47.8,3.93,6.4
SR-009506,PRS-03,2026-09-29T01:00:00,2.89,54.0,532,48.9,3.87,6.4
SR-009507,PRS-03,2026-09-29T02:00:00,3.03,53.7,518,46.2,4.06,6.2
SR-009508,PRS-03,2026-09-29T03:00:00,3.04,53.4,516,48.1,3.94,6.6
SR-009509,PRS-03,2026-09-29T04:00:00,3.21,55.8,513,47.2,4.19,6.6
SR-009510,PRS-03,2026-09-29T05:00:00,3.19,56.7,531,47.2,4.08,6.3
SR-009511,PRS-03,2026-09-29T06:00:00,2.99,56.1,509,46.5,3.86,6.3
SR-009512,PRS-03,2026-09-29T07:00:00,3.02,54.9,524,48.5,3.94,6.6
SR-009513,PRS-03,2026-09-29T08:00:00,3.07,55.8,506,47.1,3.89,6.5
SR-009514,PRS-03,2026-09-29T09:00:00,3.24,56.1,527,49.4,3.89,6.6
SR-009515,PRS-03,2026-09-29T10:00:00,3.38,56.2,517,49.9,4.03,6.5
SR-009516,PRS-03,2026-09-29T11:00:00,3.11,56.8,513,48.8,4.01,6.5
SR-009517,PRS-03,2026-09-29T12:00:00,2.95,56.0,521,45.3,3.81,6.5
SR-009518,PRS-03,2026-09-29T13:00:00,3.07,57.1,516,47.1,4.05,6.4
SR-009519,PRS-03,2026-09-29T14:00:00,3.08,55.1,508,45.9,4.12,6.6
SR-009520,PRS-03,2026-09-29T15:00:00,3.15,56.5,538,49.5,3.96,6.6
SR-009521,PRS-03,2026-09-29T16:00:00,3.06,55.2,525,51.2,3.92,6.7
SR-009522,PRS-03,2026-09-29T17:00:00,3.18,55.8,538,44.1,4.07,6.6
SR-009523,PRS-03,2026-09-29T18:00:00,3.32,55.1,512,47.4,3.86,6.3
SR-009524,PRS-03,2026-09-29T19:00:00,3.14,55.2,518,50.0,4.12,6.4
SR-009525,PRS-03,2026-09-29T20:00:00,3.13,54.1,525,49.2,4.08,6.6
SR-009526,PRS-03,2026-09-29T21:00:00,2.91,54.1,516,46.9,4.11,6.5
SR-009527,PRS-03,2026-09-29T22:00:00,2.98,53.6,513,48.0,4.07,6.6
SR-009528,PRS-03,2026-09-29T23:00:00,3.11,54.2,506,46.8,3.87,6.3
SR-009529,PRS-03,2026-09-30T00:00:00,3.11,53.7,521,48.7,3.94,6.5
SR-009530,PRS-03,2026-09-30T01:00:00,2.98,54.0,518,45.4,4.01,6.5
SR-009531,PRS-03,2026-09-30T02:00:00,3.1,53.8,524,49.3,3.81,6.7
SR-009532,PRS-03,2026-09-30T03:00:00,3.05,55.2,526,51.8,3.97,6.5
SR-009533,PRS-03,2026-09-30T04:00:00,2.97,56.3,538,47.6,4.13,6.6
SR-009534,PRS-03,2026-09-30T05:00:00,3.07,55.8,503,49.7,4.08,6.6
SR-009535,PRS-03,2026-09-30T06:00:00,3.05,55.3,510,46.4,3.72,6.6
SR-009536,PRS-03,2026-09-30T07:00:00,3.18,54.2,514,48.6,4.19,6.3
SR-009537,PRS-03,2026-09-30T08:00:00,3.3,55.7,524,46.7,4.06,6.5
SR-009538,PRS-03,2026-09-30T09:00:00,3.05,55.2,524,49.0,4.12,6.5
SR-009539,PRS-03,2026-09-30T10:00:00,3.21,56.1,504,47.7,4.19,6.4
SR-009540,PRS-03,2026-09-30T11:00:00,3.32,55.8,514,49.5,4.09,6.2
SR-009541,PRS-03,2026-09-30T12:00:00,3.08,55.8,520,47.9,4.02,6.5
SR-009542,PRS-03,2026-09-30T13:00:00,3.03,55.7,537,47.0,3.88,6.6
SR-009543,PRS-03,2026-09-30T14:00:00,3.09,56.7,529,49.8,4.11,6.3
SR-009544,PRS-03,2026-09-30T15:00:00,3.08,55.0,518,48.2,3.95,6.5
SR-009545,PRS-03,2026-09-30T16:00:00,3.28,54.8,511,43.0,3.96,6.2
SR-009546,PRS-03,2026-09-30T17:00:00,3.16,54.5,514,47.6,4.1,6.4
SR-009547,PRS-03,2026-09-30T18:00:00,3.11,55.0,516,45.6,3.94,6.3
SR-009548,PRS-03,2026-09-30T19:00:00,3.21,54.4,521,48.2,4.25,6.5
SR-009549,PRS-03,2026-09-30T20:00:00,3.13,53.0,517,49.9,4.07,6.2
SR-009550,PRS-03,2026-09-30T21:00:00,3.01,55.4,520,48.2,4.16,6.7
SR-009551,PRS-03,2026-09-30T22:00:00,3.12,54.1,521,46.7,4.01,6.3
SR-009552,PRS-03,2026-09-30T23:00:00,3.15,54.9,519,50.5,4.02,6.6
SR-009553,PRS-03,2026-10-01T00:00:00,3.1,53.5,527,48.3,4.15,6.5
SR-009554,PRS-03,2026-10-01T01:00:00,3.04,53.3,518,48.8,3.98,6.3
SR-009555,PRS-03,2026-10-01T02:00:00,3.31,53.5,517,49.1,4.14,6.8
SR-009556,PRS-03,2026-10-01T03:00:00,3.14,54.4,520,49.8,3.95,6.5
SR-009557,PRS-03,2026-10-01T04:00:00,2.99,53.7,522,46.7,4.12,6.6
SR-009558,PRS-03,2026-10-01T05:00:00,3.1,56.2,505,50.0,4.12,6.6
SR-009559,PRS-03,2026-10-01T06:00:00,3.03,55.1,535,48.0,3.91,6.5
SR-009560,PRS-03,2026-10-01T07:00:00,3.23,54.5,526,46.1,4.03,6.5
SR-009561,PRS-03,2026-10-01T08:00:00,3.15,56.0,526,46.3,3.98,6.4
SR-009562,PRS-03,2026-10-01T09:00:00,2.76,55.4,534,44.7,4.1,6.7
SR-009563,PRS-03,2026-10-01T10:00:00,3.04,56.0,521,48.8,3.99,6.6
SR-009564,PRS-03,2026-10-01T11:00:00,3.16,55.9,518,46.6,4.08,6.6
SR-009565,PRS-03,2026-10-01T12:00:00,3.09,57.3,514,45.4,3.99,6.4
SR-009566,PRS-03,2026-10-01T13:00:00,3.22,56.2,514,46.2,4.0,6.3
SR-009567,PRS-03,2026-10-01T14:00:00,3.18,56.5,519,47.1,3.99,6.7
SR-009568,PRS-03,2026-10-01T15:00:00,3.01,57.0,529,45.0,3.94,6.6
SR-009569,PRS-03,2026-10-01T16:00:00,2.94,54.8,520,47.3,3.78,6.6
SR-009570,PRS-03,2026-10-01T17:00:00,3.21,55.1,526,47.6,4.02,6.6
SR-009571,PRS-03,2026-10-01T18:00:00,3.02,55.9,534,48.2,3.76,6.4
SR-009572,PRS-03,2026-10-01T19:00:00,3.34,54.8,533,51.7,4.08,6.5
SR-009573,PRS-03,2026-10-01T20:00:00,3.02,55.1,517,49.4,4.14,6.6
SR-009574,PRS-03,2026-10-01T21:00:00,3.03,53.5,508,49.5,3.95,6.6
SR-009575,PRS-03,2026-10-01T22:00:00,3.09,55.0,516,48.1,4.2,6.5
SR-009576,PRS-03,2026-10-01T23:00:00,3.26,55.6,527,45.1,4.14,6.6
SR-009577,PRS-03,2026-10-02T00:00:00,3.19,54.1,530,48.7,4.1,6.4
SR-009578,PRS-03,2026-10-02T01:00:00,2.85,52.8,527,48.1,3.91,6.7
SR-009579,PRS-03,2026-10-02T02:00:00,2.95,54.7,515,47.8,3.91,6.5
SR-009580,PRS-03,2026-10-02T03:00:00,3.1,55.7,522,45.6,3.88,6.5
SR-009581,PRS-03,2026-10-02T04:00:00,3.25,54.1,527,49.2,3.89,6.7
SR-009582,PRS-03,2026-10-02T05:00:00,3.2,55.5,532,46.1,4.08,6.5
SR-009583,PRS-03,2026-10-02T06:00:00,3.01,54.0,526,51.1,4.12,6.7
SR-009584,PRS-03,2026-10-02T07:00:00,3.34,54.9,526,48.8,4.09,6.9
SR-009585,PRS-03,2026-10-02T08:00:00,3.07,55.1,518,51.1,3.93,6.4
SR-009586,PRS-03,2026-10-02T09:00:00,3.0,55.6,536,50.7,4.06,6.4
SR-009587,PRS-03,2026-10-02T10:00:00,2.92,56.4,525,48.5,3.99,6.3
SR-009588,PRS-03,2026-10-02T11:00:00,3.16,56.2,517,43.9,4.01,6.6
SR-009589,PRS-03,2026-10-02T12:00:00,3.34,55.3,515,50.4,4.17,6.3
SR-009590,PRS-03,2026-10-02T13:00:00,3.14,57.3,506,47.5,3.93,6.5
SR-009591,PRS-03,2026-10-02T14:00:00,3.06,54.9,527,45.7,3.86,6.5
SR-009592,PRS-03,2026-10-02T15:00:00,3.19,54.9,516,46.9,3.97,6.4
SR-009593,PRS-03,2026-10-02T16:00:00,3.3,54.2,524,44.2,3.98,6.4
SR-009594,PRS-03,2026-10-02T17:00:00,2.97,55.9,514,48.0,4.14,6.5
SR-009595,PRS-03,2026-10-02T18:00:00,3.36,55.1,509,48.9,4.2,6.5
SR-009596,PRS-03,2026-10-02T19:00:00,3.19,55.3,517,43.9,4.1,6.3
SR-009597,PRS-03,2026-10-02T20:00:00,2.88,54.4,512,47.5,3.99,6.5
SR-009598,PRS-03,2026-10-02T21:00:00,3.03,53.7,514,49.6,3.9,6.6
SR-009599,PRS-03,2026-10-02T22:00:00,3.09,54.6,525,50.3,4.05,6.6
SR-009600,PRS-03,2026-10-02T23:00:00,3.27,54.4,507,52.9,4.13,6.6
SR-009601,PRS-04,2026-09-17T00:00:00,3.07,53.6,524,47.8,3.89,6.6
SR-009602,PRS-04,2026-09-17T01:00:00,3.0,54.0,518,48.5,4.03,6.5
SR-009603,PRS-04,2026-09-17T02:00:00,2.97,53.0,515,47.9,3.88,6.6
SR-009604,PRS-04,2026-09-17T03:00:00,3.19,54.7,524,53.0,3.95,6.5
SR-009605,PRS-04,2026-09-17T04:00:00,3.09,54.9,521,44.7,3.95,6.5
SR-009606,PRS-04,2026-09-17T05:00:00,3.13,54.6,520,50.0,3.82,6.4
SR-009607,PRS-04,2026-09-17T06:00:00,3.28,55.6,535,47.4,4.07,6.5
SR-009608,PRS-04,2026-09-17T07:00:00,3.18,55.9,514,49.6,3.99,6.5
SR-009609,PRS-04,2026-09-17T08:00:00,3.1,55.9,524,51.2,4.05,6.5
SR-009610,PRS-04,2026-09-17T09:00:00,3.3,55.4,512,48.0,4.03,6.7
SR-009611,PRS-04,2026-09-17T10:00:00,3.02,54.7,509,47.0,4.06,6.4
SR-009612,PRS-04,2026-09-17T11:00:00,3.05,56.5,521,47.2,4.09,6.7
SR-009613,PRS-04,2026-09-17T12:00:00,3.1,54.8,520,50.4,3.87,6.5
SR-009614,PRS-04,2026-09-17T13:00:00,2.9,55.8,529,46.2,3.95,6.6
SR-009615,PRS-04,2026-09-17T14:00:00,3.19,55.8,517,47.4,4.11,6.4
SR-009616,PRS-04,2026-09-17T15:00:00,3.11,53.8,507,44.8,4.1,6.6
SR-009617,PRS-04,2026-09-17T16:00:00,3.07,55.4,516,49.4,3.99,6.5
SR-009618,PRS-04,2026-09-17T17:00:00,2.98,54.3,523,52.2,3.79,6.4
SR-009619,PRS-04,2026-09-17T18:00:00,3.2,56.4,518,47.6,4.04,6.4
SR-009620,PRS-04,2026-09-17T19:00:00,3.21,54.5,523,46.4,3.91,6.5
SR-009621,PRS-04,2026-09-17T20:00:00,2.99,54.1,532,47.7,4.02,6.5
SR-009622,PRS-04,2026-09-17T21:00:00,3.25,53.3,532,50.3,3.77,6.6
SR-009623,PRS-04,2026-09-17T22:00:00,2.99,52.9,513,44.0,3.83,6.5
SR-009624,PRS-04,2026-09-17T23:00:00,3.17,55.4,532,47.8,4.13,6.4
SR-009625,PRS-04,2026-09-18T00:00:00,3.06,54.5,518,48.9,3.88,6.4
SR-009626,PRS-04,2026-09-18T01:00:00,3.32,56.1,506,46.6,3.85,6.3
SR-009627,PRS-04,2026-09-18T02:00:00,3.13,55.2,519,50.2,3.91,6.4
SR-009628,PRS-04,2026-09-18T03:00:00,3.36,55.0,523,47.4,3.95,6.6
SR-009629,PRS-04,2026-09-18T04:00:00,3.22,55.3,535,46.6,3.82,6.5
SR-009630,PRS-04,2026-09-18T05:00:00,2.98,55.5,514,48.5,4.21,6.7
SR-009631,PRS-04,2026-09-18T06:00:00,3.21,54.1,522,49.3,3.94,6.5
SR-009632,PRS-04,2026-09-18T07:00:00,3.12,55.7,514,45.8,4.1,6.5
SR-009633,PRS-04,2026-09-18T08:00:00,3.07,56.2,524,44.7,3.94,6.5
SR-009634,PRS-04,2026-09-18T09:00:00,3.17,56.8,539,48.8,4.09,6.4
SR-009635,PRS-04,2026-09-18T10:00:00,3.01,57.7,525,48.9,3.96,6.6
SR-009636,PRS-04,2026-09-18T11:00:00,3.03,56.5,518,47.4,3.98,6.7
SR-009637,PRS-04,2026-09-18T12:00:00,3.08,56.7,521,46.4,3.82,6.6
SR-009638,PRS-04,2026-09-18T13:00:00,3.11,55.4,537,44.8,3.96,6.5
SR-009639,PRS-04,2026-09-18T14:00:00,2.98,55.6,531,48.8,4.05,6.3
SR-009640,PRS-04,2026-09-18T15:00:00,3.09,54.6,519,47.1,4.07,6.4
SR-009641,PRS-04,2026-09-18T16:00:00,3.01,55.5,514,47.2,4.15,6.5
SR-009642,PRS-04,2026-09-18T17:00:00,3.11,56.4,523,48.0,3.79,6.4
SR-009643,PRS-04,2026-09-18T18:00:00,3.21,55.1,516,48.0,4.07,6.2
SR-009644,PRS-04,2026-09-18T19:00:00,3.11,55.3,521,51.4,4.1,6.8
SR-009645,PRS-04,2026-09-18T20:00:00,3.09,55.9,508,45.9,4.03,6.4
SR-009646,PRS-04,2026-09-18T21:00:00,3.14,54.6,523,45.6,4.03,6.6
SR-009647,PRS-04,2026-09-18T22:00:00,3.12,53.3,514,50.3,3.87,6.3
SR-009648,PRS-04,2026-09-18T23:00:00,3.15,53.4,528,46.5,4.16,6.7
SR-009649,PRS-04,2026-09-19T00:00:00,2.86,54.9,512,49.1,3.87,6.6
SR-009650,PRS-04,2026-09-19T01:00:00,3.24,53.8,526,45.0,4.24,6.3
SR-009651,PRS-04,2026-09-19T02:00:00,3.14,55.1,522,45.6,3.95,6.4
SR-009652,PRS-04,2026-09-19T03:00:00,3.14,54.9,521,46.9,3.94,6.5
SR-009653,PRS-04,2026-09-19T04:00:00,2.93,54.0,534,46.7,4.24,6.3
SR-009654,PRS-04,2026-09-19T05:00:00,3.04,54.8,512,49.5,3.92,6.4
SR-009655,PRS-04,2026-09-19T06:00:00,3.04,55.6,523,47.6,4.03,6.5
SR-009656,PRS-04,2026-09-19T07:00:00,3.04,56.0,513,47.5,4.31,6.4
SR-009657,PRS-04,2026-09-19T08:00:00,3.0,55.8,499,50.1,4.02,6.6
SR-009658,PRS-04,2026-09-19T09:00:00,3.17,54.6,517,51.9,4.1,6.5
SR-009659,PRS-04,2026-09-19T10:00:00,3.09,55.2,527,49.2,3.91,6.5
SR-009660,PRS-04,2026-09-19T11:00:00,3.17,56.5,525,48.0,3.91,6.5
SR-009661,PRS-04,2026-09-19T12:00:00,3.07,56.2,519,47.7,4.11,6.3
SR-009662,PRS-04,2026-09-19T13:00:00,2.96,54.3,517,49.5,4.11,6.4
SR-009663,PRS-04,2026-09-19T14:00:00,3.06,56.6,515,47.4,3.92,6.5
SR-009664,PRS-04,2026-09-19T15:00:00,3.24,55.9,526,45.2,4.01,6.6
SR-009665,PRS-04,2026-09-19T16:00:00,2.97,55.0,532,46.0,4.0,6.5
SR-009666,PRS-04,2026-09-19T17:00:00,3.22,55.3,532,49.8,4.02,6.7
SR-009667,PRS-04,2026-09-19T18:00:00,3.21,55.4,523,46.6,4.11,6.4
SR-009668,PRS-04,2026-09-19T19:00:00,3.1,55.3,517,46.8,3.84,6.5
SR-009669,PRS-04,2026-09-19T20:00:00,3.17,55.1,516,48.8,4.01,6.4
SR-009670,PRS-04,2026-09-19T21:00:00,3.2,54.5,515,50.2,4.16,6.5
SR-009671,PRS-04,2026-09-19T22:00:00,3.12,53.0,504,46.8,4.02,6.5
SR-009672,PRS-04,2026-09-19T23:00:00,2.88,54.8,513,47.9,3.88,6.6
SR-009673,PRS-04,2026-09-20T00:00:00,3.04,53.8,530,46.4,3.95,6.4
SR-009674,PRS-04,2026-09-20T01:00:00,3.04,53.8,528,47.9,3.95,6.5
SR-009675,PRS-04,2026-09-20T02:00:00,3.14,53.5,520,48.4,3.86,6.7
SR-009676,PRS-04,2026-09-20T03:00:00,3.12,53.7,527,47.9,3.87,6.4
SR-009677,PRS-04,2026-09-20T04:00:00,3.21,54.5,514,47.1,4.15,6.5
SR-009678,PRS-04,2026-09-20T05:00:00,3.14,55.9,529,49.6,4.04,6.5
SR-009679,PRS-04,2026-09-20T06:00:00,2.93,55.4,507,47.7,3.99,6.5
SR-009680,PRS-04,2026-09-20T07:00:00,3.02,54.8,529,48.6,4.0,6.4
SR-009681,PRS-04,2026-09-20T08:00:00,3.18,54.8,548,49.2,3.81,6.5
SR-009682,PRS-04,2026-09-20T09:00:00,3.27,55.0,521,46.8,4.04,6.5
SR-009683,PRS-04,2026-09-20T10:00:00,3.18,55.2,521,47.0,4.08,6.3
SR-009684,PRS-04,2026-09-20T11:00:00,3.06,56.6,517,49.5,3.91,6.4
SR-009685,PRS-04,2026-09-20T12:00:00,3.14,55.3,534,48.5,4.02,6.6
SR-009686,PRS-04,2026-09-20T13:00:00,3.14,56.3,510,46.7,4.02,6.3
SR-009687,PRS-04,2026-09-20T14:00:00,2.95,55.2,518,46.0,3.71,6.2
SR-009688,PRS-04,2026-09-20T15:00:00,3.37,55.8,527,47.0,4.15,6.8
SR-009689,PRS-04,2026-09-20T16:00:00,3.18,55.3,517,49.8,3.99,6.5
SR-009690,PRS-04,2026-09-20T17:00:00,3.23,54.7,515,47.4,4.03,6.6
SR-009691,PRS-04,2026-09-20T18:00:00,3.08,54.7,522,48.6,3.93,6.5
SR-009692,PRS-04,2026-09-20T19:00:00,3.01,55.1,527,47.4,3.99,6.6
SR-009693,PRS-04,2026-09-20T20:00:00,3.12,54.6,514,52.3,4.04,6.6
SR-009694,PRS-04,2026-09-20T21:00:00,3.26,54.4,522,47.7,4.04,6.6
SR-009695,PRS-04,2026-09-20T22:00:00,3.18,54.7,526,49.0,4.21,6.6
SR-009696,PRS-04,2026-09-20T23:00:00,3.23,54.0,515,47.2,3.95,6.5
SR-009697,PRS-04,2026-09-21T00:00:00,3.12,53.8,515,48.6,4.14,6.5
SR-009698,PRS-04,2026-09-21T01:00:00,2.88,54.7,502,50.1,3.97,6.3
SR-009699,PRS-04,2026-09-21T02:00:00,3.17,54.2,523,47.7,3.85,6.5
SR-009700,PRS-04,2026-09-21T03:00:00,2.99,54.4,508,46.1,4.12,6.5
SR-009701,PRS-04,2026-09-21T04:00:00,2.96,53.3,525,50.0,4.18,6.4
SR-009702,PRS-04,2026-09-21T05:00:00,3.12,54.9,521,51.1,4.06,6.5
SR-009703,PRS-04,2026-09-21T06:00:00,3.32,56.1,517,49.9,4.1,6.7
SR-009704,PRS-04,2026-09-21T07:00:00,3.14,55.3,519,48.6,3.91,6.5
SR-009705,PRS-04,2026-09-21T08:00:00,2.9,55.0,517,45.1,4.05,6.7
SR-009706,PRS-04,2026-09-21T09:00:00,3.05,55.4,515,45.8,4.01,6.5
SR-009707,PRS-04,2026-09-21T10:00:00,3.19,55.9,515,44.9,4.05,6.5
SR-009708,PRS-04,2026-09-21T11:00:00,3.05,56.0,509,45.2,4.18,6.6
SR-009709,PRS-04,2026-09-21T12:00:00,3.03,54.2,520,47.4,4.15,6.6
SR-009710,PRS-04,2026-09-21T13:00:00,2.85,57.1,507,46.4,3.94,6.6
SR-009711,PRS-04,2026-09-21T14:00:00,2.93,56.4,523,45.9,3.96,6.6
SR-009712,PRS-04,2026-09-21T15:00:00,2.96,54.6,515,48.1,3.99,6.2
SR-009713,PRS-04,2026-09-21T16:00:00,3.05,55.1,523,49.8,4.04,6.5
SR-009714,PRS-04,2026-09-21T17:00:00,2.82,54.4,519,43.8,3.93,6.3
SR-009715,PRS-04,2026-09-21T18:00:00,3.14,55.9,510,45.7,4.15,6.7
SR-009716,PRS-04,2026-09-21T19:00:00,3.11,54.6,518,46.9,4.22,6.4
SR-009717,PRS-04,2026-09-21T20:00:00,3.18,55.2,522,49.8,3.99,6.3
SR-009718,PRS-04,2026-09-21T21:00:00,3.18,52.9,518,45.1,4.02,6.5
SR-009719,PRS-04,2026-09-21T22:00:00,2.96,55.0,523,50.5,3.73,6.2
SR-009720,PRS-04,2026-09-21T23:00:00,3.34,55.1,523,46.7,3.88,6.6
SR-009721,PRS-04,2026-09-22T00:00:00,3.11,53.7,509,47.9,3.94,6.4
SR-009722,PRS-04,2026-09-22T01:00:00,3.12,53.6,527,47.5,3.82,6.3
SR-009723,PRS-04,2026-09-22T02:00:00,3.24,54.2,510,48.9,3.95,6.4
SR-009724,PRS-04,2026-09-22T03:00:00,3.12,54.3,516,46.5,4.08,6.5
SR-009725,PRS-04,2026-09-22T04:00:00,3.17,55.8,522,51.5,3.83,6.5
SR-009726,PRS-04,2026-09-22T05:00:00,3.07,53.6,537,49.4,3.89,6.5
SR-009727,PRS-04,2026-09-22T06:00:00,3.02,54.8,525,49.1,3.97,6.6
SR-009728,PRS-04,2026-09-22T07:00:00,3.22,54.1,522,47.9,3.83,6.3
SR-009729,PRS-04,2026-09-22T08:00:00,3.05,55.4,513,45.0,3.8,6.5
SR-009730,PRS-04,2026-09-22T09:00:00,3.02,55.0,524,45.0,3.93,6.4
SR-009731,PRS-04,2026-09-22T10:00:00,3.27,55.3,512,48.3,3.82,6.5
SR-009732,PRS-04,2026-09-22T11:00:00,2.94,57.2,539,48.3,4.08,6.6
SR-009733,PRS-04,2026-09-22T12:00:00,3.15,55.3,523,50.4,3.88,6.4
SR-009734,PRS-04,2026-09-22T13:00:00,3.09,55.1,508,47.7,3.93,6.6
SR-009735,PRS-04,2026-09-22T14:00:00,2.81,55.6,524,49.9,3.93,6.5
SR-009736,PRS-04,2026-09-22T15:00:00,3.0,54.6,520,44.4,3.97,6.4
SR-009737,PRS-04,2026-09-22T16:00:00,2.99,54.8,511,45.9,3.95,6.5
SR-009738,PRS-04,2026-09-22T17:00:00,2.98,54.8,531,47.6,3.75,6.4
SR-009739,PRS-04,2026-09-22T18:00:00,2.8,54.5,510,48.6,4.05,6.3
SR-009740,PRS-04,2026-09-22T19:00:00,2.87,54.6,513,47.1,3.97,6.6
SR-009741,PRS-04,2026-09-22T20:00:00,3.06,55.2,519,51.5,4.16,6.5
SR-009742,PRS-04,2026-09-22T21:00:00,2.93,55.7,529,43.7,3.85,6.6
SR-009743,PRS-04,2026-09-22T22:00:00,2.91,54.6,534,49.0,4.14,6.5
SR-009744,PRS-04,2026-09-22T23:00:00,2.98,53.5,511,46.2,3.73,6.5
SR-009745,PRS-04,2026-09-23T00:00:00,3.0,52.3,527,49.2,4.03,6.4
SR-009746,PRS-04,2026-09-23T01:00:00,3.24,56.0,514,46.2,4.01,6.6
SR-009747,PRS-04,2026-09-23T02:00:00,2.99,54.6,526,47.1,4.07,6.3
SR-009748,PRS-04,2026-09-23T03:00:00,3.12,55.5,522,48.5,3.9,6.6
SR-009749,PRS-04,2026-09-23T04:00:00,3.22,53.8,514,45.3,4.07,6.4
SR-009750,PRS-04,2026-09-23T05:00:00,2.94,55.0,527,47.3,4.07,6.3
SR-009751,PRS-04,2026-09-23T06:00:00,2.94,54.4,523,46.6,3.84,6.4
SR-009752,PRS-04,2026-09-23T07:00:00,3.18,55.3,525,47.2,4.21,6.6
SR-009753,PRS-04,2026-09-23T08:00:00,3.02,56.7,518,51.0,4.06,6.5
SR-009754,PRS-04,2026-09-23T09:00:00,3.07,54.7,512,42.7,3.99,6.3
SR-009755,PRS-04,2026-09-23T10:00:00,3.07,55.9,519,48.6,4.0,6.3
SR-009756,PRS-04,2026-09-23T11:00:00,3.15,56.9,535,47.8,3.98,6.5
SR-009757,PRS-04,2026-09-23T12:00:00,3.02,57.0,507,46.9,3.98,6.6
SR-009758,PRS-04,2026-09-23T13:00:00,3.11,55.7,520,47.5,4.03,6.6
SR-009759,PRS-04,2026-09-23T14:00:00,2.96,55.4,516,51.1,3.92,6.6
SR-009760,PRS-04,2026-09-23T15:00:00,3.18,55.9,524,47.5,4.06,6.5
SR-009761,PRS-04,2026-09-23T16:00:00,3.03,55.0,512,47.9,4.13,6.6
SR-009762,PRS-04,2026-09-23T17:00:00,3.21,54.0,512,47.6,4.0,6.5
SR-009763,PRS-04,2026-09-23T18:00:00,2.95,55.6,522,47.5,4.12,6.7
SR-009764,PRS-04,2026-09-23T19:00:00,3.18,54.8,509,49.5,3.93,6.4
SR-009765,PRS-04,2026-09-23T20:00:00,3.24,55.1,515,48.4,4.09,6.4
SR-009766,PRS-04,2026-09-23T21:00:00,3.13,53.6,515,43.8,3.88,6.8
SR-009767,PRS-04,2026-09-23T22:00:00,3.11,54.3,512,47.0,4.21,6.5
SR-009768,PRS-04,2026-09-23T23:00:00,2.97,53.8,517,48.7,3.82,6.5
SR-009769,PRS-04,2026-09-24T00:00:00,3.17,54.0,526,49.9,3.84,6.6
SR-009770,PRS-04,2026-09-24T01:00:00,2.92,53.8,525,50.5,3.95,6.8
SR-009771,PRS-04,2026-09-24T02:00:00,3.15,54.9,530,45.9,3.92,6.6
SR-009772,PRS-04,2026-09-24T03:00:00,3.33,53.9,515,45.5,4.05,6.4
SR-009773,PRS-04,2026-09-24T04:00:00,3.16,53.4,516,50.6,3.99,6.4
SR-009774,PRS-04,2026-09-24T05:00:00,2.95,54.1,515,49.8,3.82,6.8
SR-009775,PRS-04,2026-09-24T06:00:00,2.89,55.1,513,50.3,3.8,6.5
SR-009776,PRS-04,2026-09-24T07:00:00,3.3,55.5,532,48.5,4.2,6.6
SR-009777,PRS-04,2026-09-24T08:00:00,3.18,56.5,510,46.2,4.02,6.6
SR-009778,PRS-04,2026-09-24T09:00:00,3.1,56.4,527,47.8,4.02,6.6
SR-009779,PRS-04,2026-09-24T10:00:00,3.04,56.4,514,50.0,4.03,6.5
SR-009780,PRS-04,2026-09-24T11:00:00,2.94,55.7,529,45.1,3.88,6.5
SR-009781,PRS-04,2026-09-24T12:00:00,3.19,55.4,526,50.1,3.88,6.6
SR-009782,PRS-04,2026-09-24T13:00:00,3.03,55.3,508,48.4,4.02,6.7
SR-009783,PRS-04,2026-09-24T14:00:00,3.12,57.0,523,48.1,3.96,6.4
SR-009784,PRS-04,2026-09-24T15:00:00,3.09,56.6,534,50.4,4.0,6.5
SR-009785,PRS-04,2026-09-24T16:00:00,3.33,56.5,518,48.7,3.92,6.6
SR-009786,PRS-04,2026-09-24T17:00:00,3.01,55.4,516,48.2,4.02,6.7
SR-009787,PRS-04,2026-09-24T18:00:00,3.08,55.2,511,46.8,4.14,6.5
SR-009788,PRS-04,2026-09-24T19:00:00,3.09,54.3,508,48.3,4.07,6.3
SR-009789,PRS-04,2026-09-24T20:00:00,3.07,54.2,516,48.1,4.16,6.4
SR-009790,PRS-04,2026-09-24T21:00:00,3.15,54.9,512,47.1,3.88,6.4
SR-009791,PRS-04,2026-09-24T22:00:00,3.12,54.2,510,47.3,3.95,6.6
SR-009792,PRS-04,2026-09-24T23:00:00,3.14,53.7,526,49.7,4.07,6.5
SR-009793,PRS-04,2026-09-25T00:00:00,3.01,54.2,512,45.9,4.09,6.1
SR-009794,PRS-04,2026-09-25T01:00:00,2.85,54.3,520,49.2,3.95,6.6
SR-009795,PRS-04,2026-09-25T02:00:00,3.16,54.7,511,50.9,3.87,6.2
SR-009796,PRS-04,2026-09-25T03:00:00,3.28,54.8,520,49.3,4.12,6.8
SR-009797,PRS-04,2026-09-25T04:00:00,3.02,54.3,538,48.7,3.95,6.6
SR-009798,PRS-04,2026-09-25T05:00:00,3.05,54.0,524,47.3,3.95,6.5
SR-009799,PRS-04,2026-09-25T06:00:00,2.79,54.8,524,47.0,4.06,6.3
SR-009800,PRS-04,2026-09-25T07:00:00,3.0,56.1,511,51.0,4.07,6.5
SR-009801,PRS-04,2026-09-25T08:00:00,3.27,54.8,524,47.8,4.05,6.2
SR-009802,PRS-04,2026-09-25T09:00:00,3.19,54.8,523,47.7,3.89,6.7
SR-009803,PRS-04,2026-09-25T10:00:00,3.01,55.6,520,47.8,3.89,6.5
SR-009804,PRS-04,2026-09-25T11:00:00,3.38,55.7,533,46.9,3.99,6.6
SR-009805,PRS-04,2026-09-25T12:00:00,3.17,56.7,517,51.0,4.21,6.3
SR-009806,PRS-04,2026-09-25T13:00:00,3.19,56.2,519,50.2,4.03,6.5
SR-009807,PRS-04,2026-09-25T14:00:00,3.23,55.2,513,50.4,3.95,6.8
SR-009808,PRS-04,2026-09-25T15:00:00,2.97,55.9,521,51.3,3.96,6.5
SR-009809,PRS-04,2026-09-25T16:00:00,3.1,55.7,512,48.8,4.02,6.3
SR-009810,PRS-04,2026-09-25T17:00:00,2.85,55.9,524,45.3,4.04,6.4
SR-009811,PRS-04,2026-09-25T18:00:00,2.97,55.6,514,48.2,3.89,6.6
SR-009812,PRS-04,2026-09-25T19:00:00,3.28,54.7,525,47.4,3.98,6.6
SR-009813,PRS-04,2026-09-25T20:00:00,3.13,54.3,513,50.2,4.14,6.4
SR-009814,PRS-04,2026-09-25T21:00:00,3.31,55.0,529,45.5,4.13,6.4
SR-009815,PRS-04,2026-09-25T22:00:00,3.27,54.7,524,48.5,3.83,6.4
SR-009816,PRS-04,2026-09-25T23:00:00,3.05,53.7,524,49.1,4.07,6.6
SR-009817,PRS-04,2026-09-26T00:00:00,3.07,54.7,526,47.9,3.96,6.4
SR-009818,PRS-04,2026-09-26T01:00:00,3.2,54.3,511,47.8,4.23,6.4
SR-009819,PRS-04,2026-09-26T02:00:00,3.13,54.1,527,49.7,3.89,6.6
SR-009820,PRS-04,2026-09-26T03:00:00,3.19,53.9,520,50.4,4.1,6.5
SR-009821,PRS-04,2026-09-26T04:00:00,3.08,54.3,518,47.5,4.05,6.5
SR-009822,PRS-04,2026-09-26T05:00:00,3.27,54.7,512,50.3,4.1,6.7
SR-009823,PRS-04,2026-09-26T06:00:00,2.97,55.1,508,50.0,3.66,6.7
SR-009824,PRS-04,2026-09-26T07:00:00,3.14,56.8,518,48.9,4.01,6.5
SR-009825,PRS-04,2026-09-26T08:00:00,3.17,55.9,526,49.6,3.93,6.4
SR-009826,PRS-04,2026-09-26T09:00:00,3.03,53.8,523,46.3,3.9,6.4
SR-009827,PRS-04,2026-09-26T10:00:00,3.0,54.4,522,50.2,3.98,6.4
SR-009828,PRS-04,2026-09-26T11:00:00,3.13,55.7,524,47.5,3.83,6.6
SR-009829,PRS-04,2026-09-26T12:00:00,3.02,54.7,520,44.1,4.09,6.6
SR-009830,PRS-04,2026-09-26T13:00:00,3.1,57.4,526,45.8,3.86,6.5
SR-009831,PRS-04,2026-09-26T14:00:00,3.2,55.5,527,49.4,4.05,6.5
SR-009832,PRS-04,2026-09-26T15:00:00,3.17,54.7,518,49.8,3.97,6.5
SR-009833,PRS-04,2026-09-26T16:00:00,3.05,56.7,517,47.2,3.89,6.5
SR-009834,PRS-04,2026-09-26T17:00:00,2.97,55.5,502,46.5,3.76,6.6
SR-009835,PRS-04,2026-09-26T18:00:00,3.11,54.5,516,49.1,4.1,6.6
SR-009836,PRS-04,2026-09-26T19:00:00,3.03,54.1,512,50.4,3.81,6.5
SR-009837,PRS-04,2026-09-26T20:00:00,2.99,55.2,533,51.7,4.13,6.5
SR-009838,PRS-04,2026-09-26T21:00:00,3.14,53.9,523,50.9,4.0,6.6
SR-009839,PRS-04,2026-09-26T22:00:00,3.05,55.7,519,47.8,3.96,6.6
SR-009840,PRS-04,2026-09-26T23:00:00,3.31,53.0,523,48.8,4.12,6.6
SR-009841,PRS-04,2026-09-27T00:00:00,3.15,53.0,526,47.3,3.88,6.5
SR-009842,PRS-04,2026-09-27T01:00:00,2.87,54.2,512,51.1,3.91,6.5
SR-009843,PRS-04,2026-09-27T02:00:00,3.19,53.0,536,48.6,3.84,6.2
SR-009844,PRS-04,2026-09-27T03:00:00,3.07,56.1,525,44.3,4.11,6.6
SR-009845,PRS-04,2026-09-27T04:00:00,3.32,55.5,524,49.3,4.07,6.7
SR-009846,PRS-04,2026-09-27T05:00:00,3.12,55.1,519,49.9,4.04,6.4
SR-009847,PRS-04,2026-09-27T06:00:00,3.18,54.9,513,47.0,3.96,6.4
SR-009848,PRS-04,2026-09-27T07:00:00,2.93,55.7,518,45.4,4.02,6.5
SR-009849,PRS-04,2026-09-27T08:00:00,3.16,54.9,529,49.6,4.07,6.4
SR-009850,PRS-04,2026-09-27T09:00:00,3.15,54.1,529,45.7,3.85,6.8
SR-009851,PRS-04,2026-09-27T10:00:00,3.09,57.0,529,50.6,4.02,6.5
SR-009852,PRS-04,2026-09-27T11:00:00,3.3,55.4,512,48.2,4.12,6.4
SR-009853,PRS-04,2026-09-27T12:00:00,2.98,55.4,517,50.8,3.89,6.4
SR-009854,PRS-04,2026-09-27T13:00:00,3.22,56.2,520,47.5,4.02,6.5
SR-009855,PRS-04,2026-09-27T14:00:00,3.52,55.8,508,49.3,4.09,6.4
SR-009856,PRS-04,2026-09-27T15:00:00,3.15,55.5,513,48.6,3.97,6.4
SR-009857,PRS-04,2026-09-27T16:00:00,3.0,53.9,518,49.5,4.03,6.4
SR-009858,PRS-04,2026-09-27T17:00:00,3.02,54.7,526,49.2,3.79,6.7
SR-009859,PRS-04,2026-09-27T18:00:00,3.08,55.0,512,48.5,4.08,6.3
SR-009860,PRS-04,2026-09-27T19:00:00,3.3,54.3,506,48.6,3.92,6.5
SR-009861,PRS-04,2026-09-27T20:00:00,2.87,53.6,514,49.4,4.08,6.3
SR-009862,PRS-04,2026-09-27T21:00:00,3.18,53.1,518,45.6,4.07,6.4
SR-009863,PRS-04,2026-09-27T22:00:00,3.12,53.6,533,45.6,3.98,6.6
SR-009864,PRS-04,2026-09-27T23:00:00,3.19,54.8,512,50.6,4.08,6.3
SR-009865,PRS-04,2026-09-28T00:00:00,2.83,54.5,510,48.4,4.05,6.6
SR-009866,PRS-04,2026-09-28T01:00:00,3.06,54.8,521,51.2,3.86,6.6
SR-009867,PRS-04,2026-09-28T02:00:00,3.25,53.8,519,48.1,3.99,6.5
SR-009868,PRS-04,2026-09-28T03:00:00,2.91,53.3,530,47.9,3.76,6.7
SR-009869,PRS-04,2026-09-28T04:00:00,3.07,54.4,522,49.4,4.03,6.3
SR-009870,PRS-04,2026-09-28T05:00:00,3.1,56.0,524,45.5,3.79,6.3
SR-009871,PRS-04,2026-09-28T06:00:00,3.22,53.9,518,46.8,4.16,6.6
SR-009872,PRS-04,2026-09-28T07:00:00,3.15,56.0,515,47.2,4.14,6.5
SR-009873,PRS-04,2026-09-28T08:00:00,3.17,56.7,532,44.4,4.0,6.4
SR-009874,PRS-04,2026-09-28T09:00:00,2.93,55.3,509,48.1,3.93,6.5
SR-009875,PRS-04,2026-09-28T10:00:00,3.16,57.3,513,47.5,3.76,6.5
SR-009876,PRS-04,2026-09-28T11:00:00,3.09,55.6,518,45.1,3.84,6.6
SR-009877,PRS-04,2026-09-28T12:00:00,3.03,57.6,517,50.1,4.09,6.3
SR-009878,PRS-04,2026-09-28T13:00:00,3.13,56.4,511,47.5,3.97,6.6
SR-009879,PRS-04,2026-09-28T14:00:00,3.17,56.2,528,46.0,4.24,6.7
SR-009880,PRS-04,2026-09-28T15:00:00,3.04,55.9,514,45.4,3.99,6.4
SR-009881,PRS-04,2026-09-28T16:00:00,3.09,55.9,525,49.4,3.75,6.5
SR-009882,PRS-04,2026-09-28T17:00:00,2.99,54.7,528,47.2,4.17,6.4
SR-009883,PRS-04,2026-09-28T18:00:00,3.13,55.3,501,47.0,4.01,6.6
SR-009884,PRS-04,2026-09-28T19:00:00,3.12,55.0,524,43.8,3.92,6.8
SR-009885,PRS-04,2026-09-28T20:00:00,3.11,54.8,508,43.6,3.99,6.5
SR-009886,PRS-04,2026-09-28T21:00:00,3.15,54.8,523,50.2,3.97,6.8
SR-009887,PRS-04,2026-09-28T22:00:00,2.85,53.6,514,46.9,4.0,6.5
SR-009888,PRS-04,2026-09-28T23:00:00,2.99,54.3,519,47.8,4.05,6.4
SR-009889,PRS-04,2026-09-29T00:00:00,3.06,52.0,509,45.6,3.81,6.5
SR-009890,PRS-04,2026-09-29T01:00:00,3.13,54.0,510,48.9,3.88,6.6
SR-009891,PRS-04,2026-09-29T02:00:00,3.32,54.1,514,48.4,3.89,6.7
SR-009892,PRS-04,2026-09-29T03:00:00,3.21,54.8,521,48.9,3.93,6.4
SR-009893,PRS-04,2026-09-29T04:00:00,3.0,55.3,528,49.0,4.12,6.3
SR-009894,PRS-04,2026-09-29T05:00:00,3.14,55.5,513,48.0,3.97,6.3
SR-009895,PRS-04,2026-09-29T06:00:00,3.21,54.8,528,46.0,3.92,6.5
SR-009896,PRS-04,2026-09-29T07:00:00,3.08,54.9,520,49.6,4.04,6.3
SR-009897,PRS-04,2026-09-29T08:00:00,3.25,55.6,516,44.8,4.06,6.6
SR-009898,PRS-04,2026-09-29T09:00:00,3.03,56.3,500,49.9,4.14,6.1
SR-009899,PRS-04,2026-09-29T10:00:00,3.0,56.7,532,47.3,4.08,6.4
SR-009900,PRS-04,2026-09-29T11:00:00,2.98,53.9,528,49.2,4.06,6.5
SR-009901,PRS-04,2026-09-29T12:00:00,3.12,55.9,528,44.0,4.18,6.3
SR-009902,PRS-04,2026-09-29T13:00:00,3.22,58.2,520,49.7,3.89,6.7
SR-009903,PRS-04,2026-09-29T14:00:00,2.96,55.4,522,46.2,3.91,6.5
SR-009904,PRS-04,2026-09-29T15:00:00,3.02,56.0,530,47.4,4.06,6.6
SR-009905,PRS-04,2026-09-29T16:00:00,3.25,55.7,531,48.6,3.95,6.4
SR-009906,PRS-04,2026-09-29T17:00:00,3.02,55.1,522,51.5,4.0,6.5
SR-009907,PRS-04,2026-09-29T18:00:00,3.03,54.1,517,44.6,3.93,6.4
SR-009908,PRS-04,2026-09-29T19:00:00,3.16,54.4,524,47.5,4.07,6.5
SR-009909,PRS-04,2026-09-29T20:00:00,3.14,54.7,536,47.8,3.91,6.3
SR-009910,PRS-04,2026-09-29T21:00:00,3.06,54.7,513,43.8,3.88,6.4
SR-009911,PRS-04,2026-09-29T22:00:00,3.09,54.1,515,47.2,4.06,6.4
SR-009912,PRS-04,2026-09-29T23:00:00,2.88,53.6,530,47.9,4.09,6.3
SR-009913,PRS-04,2026-09-30T00:00:00,3.09,53.3,530,49.2,4.06,6.5
SR-009914,PRS-04,2026-09-30T01:00:00,3.17,54.2,526,51.2,4.02,6.6
SR-009915,PRS-04,2026-09-30T02:00:00,3.11,54.9,513,50.1,3.87,6.4
SR-009916,PRS-04,2026-09-30T03:00:00,3.27,53.7,516,47.6,4.09,6.3
SR-009917,PRS-04,2026-09-30T04:00:00,3.2,54.6,513,49.5,4.03,6.5
SR-009918,PRS-04,2026-09-30T05:00:00,3.16,54.5,511,46.4,3.79,6.3
SR-009919,PRS-04,2026-09-30T06:00:00,2.94,55.7,519,46.2,4.06,6.4
SR-009920,PRS-04,2026-09-30T07:00:00,3.13,56.3,514,46.5,4.07,6.6
SR-009921,PRS-04,2026-09-30T08:00:00,3.1,56.9,529,50.7,3.97,6.4
SR-009922,PRS-04,2026-09-30T09:00:00,3.03,55.5,519,46.7,3.92,6.5
SR-009923,PRS-04,2026-09-30T10:00:00,3.0,55.9,531,44.6,3.73,6.5
SR-009924,PRS-04,2026-09-30T11:00:00,3.29,56.2,511,46.4,3.97,6.3
SR-009925,PRS-04,2026-09-30T12:00:00,3.0,55.9,524,48.9,3.86,6.2
SR-009926,PRS-04,2026-09-30T13:00:00,3.14,57.2,518,50.3,3.97,6.4
SR-009927,PRS-04,2026-09-30T14:00:00,2.99,56.0,509,49.1,4.21,6.6
SR-009928,PRS-04,2026-09-30T15:00:00,3.21,55.3,520,46.9,4.03,6.7
SR-009929,PRS-04,2026-09-30T16:00:00,3.09,55.9,511,49.0,3.97,6.6
SR-009930,PRS-04,2026-09-30T17:00:00,3.08,54.9,530,48.6,4.03,6.7
SR-009931,PRS-04,2026-09-30T18:00:00,2.98,54.6,520,45.0,4.0,6.6
SR-009932,PRS-04,2026-09-30T19:00:00,3.12,54.8,508,48.4,3.8,6.5
SR-009933,PRS-04,2026-09-30T20:00:00,3.17,53.6,520,49.0,4.15,6.5
SR-009934,PRS-04,2026-09-30T21:00:00,3.24,54.4,528,47.2,4.05,6.8
SR-009935,PRS-04,2026-09-30T22:00:00,3.32,53.0,518,47.1,4.03,6.4
SR-009936,PRS-04,2026-09-30T23:00:00,3.07,55.5,522,48.9,3.85,6.4
SR-009937,PRS-04,2026-10-01T00:00:00,3.08,55.2,522,45.7,3.84,6.4
SR-009938,PRS-04,2026-10-01T01:00:00,3.26,53.9,532,46.4,4.04,6.7
SR-009939,PRS-04,2026-10-01T02:00:00,2.97,55.2,508,48.4,3.87,6.5
SR-009940,PRS-04,2026-10-01T03:00:00,2.91,53.3,512,50.9,3.93,6.5
SR-009941,PRS-04,2026-10-01T04:00:00,3.19,55.1,523,50.5,3.74,6.5
SR-009942,PRS-04,2026-10-01T05:00:00,3.12,55.7,525,47.3,4.02,6.4
SR-009943,PRS-04,2026-10-01T06:00:00,3.2,55.6,524,48.0,3.86,6.7
SR-009944,PRS-04,2026-10-01T07:00:00,3.13,55.4,513,47.8,3.84,6.5
SR-009945,PRS-04,2026-10-01T08:00:00,3.2,54.5,519,43.0,4.09,6.5
SR-009946,PRS-04,2026-10-01T09:00:00,2.92,55.2,528,48.9,4.21,6.5
SR-009947,PRS-04,2026-10-01T10:00:00,2.98,55.6,513,49.7,3.92,6.6
SR-009948,PRS-04,2026-10-01T11:00:00,2.98,57.4,515,48.3,3.95,6.4
SR-009949,PRS-04,2026-10-01T12:00:00,3.24,55.4,516,42.1,3.93,6.7
SR-009950,PRS-04,2026-10-01T13:00:00,3.1,55.4,511,48.1,4.01,6.5
SR-009951,PRS-04,2026-10-01T14:00:00,3.12,55.9,534,49.5,3.78,6.5
SR-009952,PRS-04,2026-10-01T15:00:00,3.07,55.2,519,46.0,4.04,6.4
SR-009953,PRS-04,2026-10-01T16:00:00,3.22,55.8,508,48.4,4.21,6.4
SR-009954,PRS-04,2026-10-01T17:00:00,3.18,55.6,510,48.8,3.97,6.8
SR-009955,PRS-04,2026-10-01T18:00:00,3.02,56.1,526,49.4,4.16,6.3
SR-009956,PRS-04,2026-10-01T19:00:00,3.18,54.2,522,47.5,4.11,6.4
SR-009957,PRS-04,2026-10-01T20:00:00,3.2,56.6,527,46.9,4.03,6.6
SR-009958,PRS-04,2026-10-01T21:00:00,3.22,55.4,522,49.4,3.89,6.5
SR-009959,PRS-04,2026-10-01T22:00:00,3.02,54.7,521,50.0,4.15,6.5
SR-009960,PRS-04,2026-10-01T23:00:00,3.12,54.6,508,49.1,3.99,6.5
SR-009961,PRS-04,2026-10-02T00:00:00,3.03,53.3,515,46.2,3.95,6.6
SR-009962,PRS-04,2026-10-02T01:00:00,3.2,53.3,534,44.1,3.94,6.3
SR-009963,PRS-04,2026-10-02T02:00:00,3.15,54.6,519,51.7,4.09,6.3
SR-009964,PRS-04,2026-10-02T03:00:00,3.23,53.6,525,44.6,4.18,6.3
SR-009965,PRS-04,2026-10-02T04:00:00,3.12,53.4,527,48.3,4.03,6.6
SR-009966,PRS-04,2026-10-02T05:00:00,3.26,53.5,521,48.0,4.03,6.4
SR-009967,PRS-04,2026-10-02T06:00:00,3.17,54.9,516,51.4,3.79,6.4
SR-009968,PRS-04,2026-10-02T07:00:00,3.32,55.1,523,48.1,4.1,6.6
SR-009969,PRS-04,2026-10-02T08:00:00,3.12,57.3,521,49.0,3.93,6.9
SR-009970,PRS-04,2026-10-02T09:00:00,3.08,55.4,522,47.7,3.85,6.5
SR-009971,PRS-04,2026-10-02T10:00:00,3.09,57.2,504,47.6,3.85,6.6
SR-009972,PRS-04,2026-10-02T11:00:00,3.03,57.1,504,49.1,4.08,6.4
SR-009973,PRS-04,2026-10-02T12:00:00,3.05,55.9,527,48.6,3.95,6.5
SR-009974,PRS-04,2026-10-02T13:00:00,3.1,55.8,512,50.1,3.93,6.4
SR-009975,PRS-04,2026-10-02T14:00:00,3.29,56.4,523,49.1,3.96,6.6
SR-009976,PRS-04,2026-10-02T15:00:00,3.06,55.0,515,50.4,3.98,6.6
SR-009977,PRS-04,2026-10-02T16:00:00,3.04,56.4,522,46.6,3.87,6.5
SR-009978,PRS-04,2026-10-02T17:00:00,3.04,56.6,512,48.4,4.12,6.4
SR-009979,PRS-04,2026-10-02T18:00:00,3.08,55.9,504,45.6,3.85,6.3
SR-009980,PRS-04,2026-10-02T19:00:00,2.98,53.6,520,50.9,4.07,6.6
SR-009981,PRS-04,2026-10-02T20:00:00,2.97,56.1,518,49.2,3.89,6.8
SR-009982,PRS-04,2026-10-02T21:00:00,3.09,54.7,527,48.6,3.83,6.3
SR-009983,PRS-04,2026-10-02T22:00:00,3.06,53.2,524,47.2,4.08,6.5
SR-009984,PRS-04,2026-10-02T23:00:00,3.15,53.6,520,46.6,4.08,6.2
SR-009985,QLT-01,2026-09-17T00:00:00,0.9,40.1,896,8.6,0.0,43.1
SR-009986,QLT-01,2026-09-17T01:00:00,1.03,40.0,903,9.0,0.0,41.4
SR-009987,QLT-01,2026-09-17T02:00:00,0.96,40.2,893,9.2,0.0,43.8
SR-009988,QLT-01,2026-09-17T03:00:00,0.9,41.0,899,9.4,0.0,41.3
SR-009989,QLT-01,2026-09-17T04:00:00,0.98,41.5,886,9.0,0.0,43.1
SR-009990,QLT-01,2026-09-17T05:00:00,0.76,41.5,898,9.0,0.0,43.3
SR-009991,QLT-01,2026-09-17T06:00:00,1.02,42.0,882,8.2,0.0,44.0
SR-009992,QLT-01,2026-09-17T07:00:00,1.11,41.2,913,8.7,0.0,42.0
SR-009993,QLT-01,2026-09-17T08:00:00,0.9,41.2,916,9.1,0.0,42.5
SR-009994,QLT-01,2026-09-17T09:00:00,0.74,42.2,909,8.9,0.0,41.3
SR-009995,QLT-01,2026-09-17T10:00:00,0.85,41.7,916,9.3,0.0,42.2
SR-009996,QLT-01,2026-09-17T11:00:00,0.98,42.4,904,9.5,0.0,42.2
SR-009997,QLT-01,2026-09-17T12:00:00,0.82,41.3,890,9.2,0.0,41.6
SR-009998,QLT-01,2026-09-17T13:00:00,0.87,42.3,889,8.3,0.0,41.3
SR-009999,QLT-01,2026-09-17T14:00:00,0.96,41.9,900,8.8,0.0,42.7
SR-010000,QLT-01,2026-09-17T15:00:00,0.79,41.9,888,8.2,0.0,43.3
SR-010001,QLT-01,2026-09-17T16:00:00,1.2,40.8,924,9.6,0.0,39.6
SR-010002,QLT-01,2026-09-17T17:00:00,0.68,42.2,895,8.8,0.0,42.4
SR-010003,QLT-01,2026-09-17T18:00:00,0.67,41.1,899,9.1,0.0,40.7
SR-010004,QLT-01,2026-09-17T19:00:00,1.17,40.8,906,9.6,0.0,42.5
SR-010005,QLT-01,2026-09-17T20:00:00,0.87,40.7,916,8.4,0.0,41.9
SR-010006,QLT-01,2026-09-17T21:00:00,0.96,40.6,912,9.0,0.0,41.6
SR-010007,QLT-01,2026-09-17T22:00:00,0.93,39.2,885,8.8,0.0,42.0
SR-010008,QLT-01,2026-09-17T23:00:00,1.06,41.0,900,9.3,0.0,42.3
SR-010009,QLT-01,2026-09-18T00:00:00,1.02,39.6,893,8.8,0.0,42.4
SR-010010,QLT-01,2026-09-18T01:00:00,0.99,40.2,914,8.6,0.0,42.6
SR-010011,QLT-01,2026-09-18T02:00:00,0.85,40.0,879,8.2,0.0,41.5
SR-010012,QLT-01,2026-09-18T03:00:00,0.98,41.2,922,8.9,0.0,42.4
SR-010013,QLT-01,2026-09-18T04:00:00,0.97,38.8,910,9.5,0.0,43.1
SR-010014,QLT-01,2026-09-18T05:00:00,0.8,40.4,897,9.1,0.0,42.1
SR-010015,QLT-01,2026-09-18T06:00:00,0.73,42.3,905,9.1,0.0,42.3
SR-010016,QLT-01,2026-09-18T07:00:00,0.96,41.0,882,9.2,0.0,42.6
SR-010017,QLT-01,2026-09-18T08:00:00,1.15,41.8,876,9.0,0.0,41.7
SR-010018,QLT-01,2026-09-18T09:00:00,1.07,41.3,892,8.8,0.0,42.7
SR-010019,QLT-01,2026-09-18T10:00:00,0.92,42.0,935,9.0,0.0,42.6
SR-010020,QLT-01,2026-09-18T11:00:00,0.81,41.9,895,9.0,0.0,42.5
SR-010021,QLT-01,2026-09-18T12:00:00,0.8,43.1,905,9.2,0.0,41.5
SR-010022,QLT-01,2026-09-18T13:00:00,0.99,41.6,923,9.4,0.0,41.4
SR-010023,QLT-01,2026-09-18T14:00:00,0.93,41.9,890,8.9,0.0,40.3
SR-010024,QLT-01,2026-09-18T15:00:00,1.18,42.2,894,8.5,0.0,42.7
SR-010025,QLT-01,2026-09-18T16:00:00,0.8,42.5,893,8.6,0.0,42.8
SR-010026,QLT-01,2026-09-18T17:00:00,0.75,41.1,867,8.5,0.0,42.6
SR-010027,QLT-01,2026-09-18T18:00:00,0.9,41.4,903,8.9,0.0,41.6
SR-010028,QLT-01,2026-09-18T19:00:00,0.75,40.8,921,8.8,0.0,42.5
SR-010029,QLT-01,2026-09-18T20:00:00,1.01,41.6,913,8.6,0.0,41.4
SR-010030,QLT-01,2026-09-18T21:00:00,0.83,39.2,889,8.7,0.0,42.5
SR-010031,QLT-01,2026-09-18T22:00:00,0.73,40.8,902,8.5,0.0,42.6
SR-010032,QLT-01,2026-09-18T23:00:00,0.92,39.3,891,9.5,0.0,41.4
SR-010033,QLT-01,2026-09-19T00:00:00,0.88,41.5,899,9.0,0.0,41.7
SR-010034,QLT-01,2026-09-19T01:00:00,0.83,39.1,874,9.5,0.0,42.9
SR-010035,QLT-01,2026-09-19T02:00:00,1.08,40.1,896,9.2,0.0,43.1
SR-010036,QLT-01,2026-09-19T03:00:00,0.98,39.7,921,8.8,0.0,42.1
SR-010037,QLT-01,2026-09-19T04:00:00,1.01,39.7,908,9.0,0.0,41.6
SR-010038,QLT-01,2026-09-19T05:00:00,0.84,40.5,893,8.6,0.0,41.5
SR-010039,QLT-01,2026-09-19T06:00:00,0.99,40.9,914,8.9,0.0,42.1
SR-010040,QLT-01,2026-09-19T07:00:00,0.77,41.3,917,7.9,0.0,42.1
SR-010041,QLT-01,2026-09-19T08:00:00,1.11,40.9,900,9.6,0.0,41.0
SR-010042,QLT-01,2026-09-19T09:00:00,0.74,41.8,888,8.8,0.0,40.4
SR-010043,QLT-01,2026-09-19T10:00:00,0.9,41.7,878,9.2,0.0,43.2
SR-010044,QLT-01,2026-09-19T11:00:00,0.84,41.0,882,8.8,0.0,42.8
SR-010045,QLT-01,2026-09-19T12:00:00,0.65,41.6,892,9.2,0.0,43.7
SR-010046,QLT-01,2026-09-19T13:00:00,0.93,41.7,916,9.2,0.0,42.0
SR-010047,QLT-01,2026-09-19T14:00:00,0.89,42.0,895,8.9,0.0,42.7
SR-010048,QLT-01,2026-09-19T15:00:00,0.78,41.5,921,9.2,0.0,42.5
SR-010049,QLT-01,2026-09-19T16:00:00,1.08,42.9,888,9.2,0.0,42.5
SR-010050,QLT-01,2026-09-19T17:00:00,0.84,41.3,893,8.9,0.0,42.8
SR-010051,QLT-01,2026-09-19T18:00:00,0.9,41.2,906,9.1,0.0,41.6
SR-010052,QLT-01,2026-09-19T19:00:00,0.81,41.4,903,9.5,0.0,42.1
SR-010053,QLT-01,2026-09-19T20:00:00,0.97,40.9,901,8.6,0.0,42.3
SR-010054,QLT-01,2026-09-19T21:00:00,0.78,40.9,939,9.2,0.0,40.8
SR-010055,QLT-01,2026-09-19T22:00:00,0.9,39.6,895,9.3,0.0,42.5
SR-010056,QLT-01,2026-09-19T23:00:00,0.91,40.2,905,8.9,0.0,43.6
SR-010057,QLT-01,2026-09-20T00:00:00,1.12,38.8,913,9.5,0.0,43.8
SR-010058,QLT-01,2026-09-20T01:00:00,0.92,39.3,897,8.5,0.0,42.2
SR-010059,QLT-01,2026-09-20T02:00:00,0.89,39.6,897,9.4,0.0,42.4
SR-010060,QLT-01,2026-09-20T03:00:00,0.74,40.4,902,9.1,0.0,41.6
SR-010061,QLT-01,2026-09-20T04:00:00,0.79,39.7,900,8.8,0.0,42.5
SR-010062,QLT-01,2026-09-20T05:00:00,0.98,41.4,882,8.8,0.0,42.7
SR-010063,QLT-01,2026-09-20T06:00:00,0.74,39.0,905,8.4,0.0,42.9
SR-010064,QLT-01,2026-09-20T07:00:00,0.74,41.9,897,9.2,0.0,41.7
SR-010065,QLT-01,2026-09-20T08:00:00,0.8,42.0,910,9.3,0.0,42.1
SR-010066,QLT-01,2026-09-20T09:00:00,0.92,40.2,934,9.0,0.0,42.1
SR-010067,QLT-01,2026-09-20T10:00:00,0.99,42.3,902,8.8,0.0,41.9
SR-010068,QLT-01,2026-09-20T11:00:00,1.11,41.9,900,9.7,0.0,41.3
SR-010069,QLT-01,2026-09-20T12:00:00,0.98,43.4,898,9.2,0.0,41.4
SR-010070,QLT-01,2026-09-20T13:00:00,0.66,42.9,885,9.4,0.0,43.1
SR-010071,QLT-01,2026-09-20T14:00:00,0.9,41.7,891,8.7,0.0,42.1
SR-010072,QLT-01,2026-09-20T15:00:00,1.01,42.1,901,9.0,0.0,43.2
SR-010073,QLT-01,2026-09-20T16:00:00,0.95,40.2,916,8.8,0.0,43.4
SR-010074,QLT-01,2026-09-20T17:00:00,0.93,41.3,867,9.4,0.0,42.3
SR-010075,QLT-01,2026-09-20T18:00:00,0.83,39.5,895,9.4,0.0,42.4
SR-010076,QLT-01,2026-09-20T19:00:00,0.93,40.7,905,9.8,0.0,42.2
SR-010077,QLT-01,2026-09-20T20:00:00,1.07,40.5,916,9.2,0.0,41.6
SR-010078,QLT-01,2026-09-20T21:00:00,1.0,39.7,910,9.0,0.0,41.6
SR-010079,QLT-01,2026-09-20T22:00:00,0.9,39.7,903,8.9,0.0,40.9
SR-010080,QLT-01,2026-09-20T23:00:00,0.89,40.3,918,9.1,0.0,41.5
SR-010081,QLT-01,2026-09-21T00:00:00,0.84,42.0,892,9.6,0.0,44.8
SR-010082,QLT-01,2026-09-21T01:00:00,0.97,39.7,899,9.4,0.0,42.3
SR-010083,QLT-01,2026-09-21T02:00:00,0.73,39.2,884,9.3,0.0,42.2
SR-010084,QLT-01,2026-09-21T03:00:00,0.86,41.6,882,9.3,0.0,42.2
SR-010085,QLT-01,2026-09-21T04:00:00,0.81,40.4,870,9.0,0.0,44.0
SR-010086,QLT-01,2026-09-21T05:00:00,0.97,40.9,921,8.2,0.0,42.4
SR-010087,QLT-01,2026-09-21T06:00:00,0.77,39.8,905,8.5,0.0,44.5
SR-010088,QLT-01,2026-09-21T07:00:00,1.07,42.0,917,9.3,0.0,41.2
SR-010089,QLT-01,2026-09-21T08:00:00,0.91,42.5,880,8.9,0.0,40.8
SR-010090,QLT-01,2026-09-21T09:00:00,0.95,40.7,910,8.7,0.0,41.6
SR-010091,QLT-01,2026-09-21T10:00:00,0.83,40.5,905,8.7,0.0,41.7
SR-010092,QLT-01,2026-09-21T11:00:00,1.15,41.0,887,9.5,0.0,41.7
SR-010093,QLT-01,2026-09-21T12:00:00,1.06,41.2,906,8.7,0.0,43.5
SR-010094,QLT-01,2026-09-21T13:00:00,0.82,41.7,888,8.8,0.0,42.5
SR-010095,QLT-01,2026-09-21T14:00:00,0.86,41.7,940,9.5,0.0,41.9
SR-010096,QLT-01,2026-09-21T15:00:00,0.74,41.4,904,8.6,0.0,40.6
SR-010097,QLT-01,2026-09-21T16:00:00,0.86,42.0,926,9.4,0.0,42.8
SR-010098,QLT-01,2026-09-21T17:00:00,0.99,42.5,905,9.1,0.0,41.7
SR-010099,QLT-01,2026-09-21T18:00:00,0.93,40.9,906,9.1,0.0,41.2
SR-010100,QLT-01,2026-09-21T19:00:00,1.13,40.7,913,9.0,0.0,41.8
SR-010101,QLT-01,2026-09-21T20:00:00,1.03,41.7,887,8.6,0.0,41.8
SR-010102,QLT-01,2026-09-21T21:00:00,0.94,40.9,913,9.0,0.0,43.3
SR-010103,QLT-01,2026-09-21T22:00:00,1.04,40.7,890,9.4,0.0,41.9
SR-010104,QLT-01,2026-09-21T23:00:00,0.93,40.7,908,9.2,0.0,41.9
SR-010105,QLT-01,2026-09-22T00:00:00,0.91,39.5,914,8.3,0.0,43.8
SR-010106,QLT-01,2026-09-22T01:00:00,0.7,40.6,901,8.8,0.0,43.0
SR-010107,QLT-01,2026-09-22T02:00:00,0.94,39.1,886,9.0,0.0,41.6
SR-010108,QLT-01,2026-09-22T03:00:00,0.89,40.2,917,8.8,0.0,43.0
SR-010109,QLT-01,2026-09-22T04:00:00,0.8,42.2,916,8.9,0.0,42.6
SR-010110,QLT-01,2026-09-22T05:00:00,0.99,41.2,901,8.9,0.0,42.7
SR-010111,QLT-01,2026-09-22T06:00:00,0.8,39.7,888,8.5,0.0,43.2
SR-010112,QLT-01,2026-09-22T07:00:00,0.71,40.5,884,8.9,0.0,41.5
SR-010113,QLT-01,2026-09-22T08:00:00,0.81,40.6,886,8.5,0.0,42.9
SR-010114,QLT-01,2026-09-22T09:00:00,0.93,41.3,873,9.5,0.0,41.7
SR-010115,QLT-01,2026-09-22T10:00:00,0.84,42.2,920,9.0,0.0,41.8
SR-010116,QLT-01,2026-09-22T11:00:00,1.04,42.6,894,8.9,0.0,40.2
SR-010117,QLT-01,2026-09-22T12:00:00,0.88,41.2,909,9.6,0.0,42.1
SR-010118,QLT-01,2026-09-22T13:00:00,1.17,42.6,880,9.0,0.0,43.0
SR-010119,QLT-01,2026-09-22T14:00:00,0.8,40.3,900,8.9,0.0,42.3
SR-010120,QLT-01,2026-09-22T15:00:00,0.96,40.7,910,8.8,0.0,43.3
SR-010121,QLT-01,2026-09-22T16:00:00,0.68,41.1,912,9.5,0.0,42.1
SR-010122,QLT-01,2026-09-22T17:00:00,0.88,41.0,926,9.0,0.0,41.5
SR-010123,QLT-01,2026-09-22T18:00:00,0.93,40.1,920,8.0,0.0,42.0
SR-010124,QLT-01,2026-09-22T19:00:00,1.06,40.9,889,9.4,0.0,42.8
SR-010125,QLT-01,2026-09-22T20:00:00,0.84,39.6,883,8.5,0.0,43.2
SR-010126,QLT-01,2026-09-22T21:00:00,1.06,39.3,909,8.9,0.0,41.5
SR-010127,QLT-01,2026-09-22T22:00:00,0.71,40.2,897,8.5,0.0,40.8
SR-010128,QLT-01,2026-09-22T23:00:00,0.71,39.8,893,9.5,0.0,40.9
SR-010129,QLT-01,2026-09-23T00:00:00,0.91,39.5,907,9.2,0.0,42.0
SR-010130,QLT-01,2026-09-23T01:00:00,0.8,41.5,901,9.1,0.0,40.8
SR-010131,QLT-01,2026-09-23T02:00:00,0.96,40.5,889,8.7,0.0,41.8
SR-010132,QLT-01,2026-09-23T03:00:00,0.83,40.9,896,9.0,0.0,43.7
SR-010133,QLT-01,2026-09-23T04:00:00,0.83,40.3,879,8.6,0.0,41.3
SR-010134,QLT-01,2026-09-23T05:00:00,0.89,39.9,889,8.8,0.0,41.5
SR-010135,QLT-01,2026-09-23T06:00:00,0.86,41.7,896,9.4,0.0,43.9
SR-010136,QLT-01,2026-09-23T07:00:00,1.12,39.8,901,9.0,0.0,42.6
SR-010137,QLT-01,2026-09-23T08:00:00,0.86,42.0,912,9.1,0.0,41.6
SR-010138,QLT-01,2026-09-23T09:00:00,0.8,40.7,904,8.5,0.0,39.9
SR-010139,QLT-01,2026-09-23T10:00:00,0.79,41.2,891,9.5,0.0,41.3
SR-010140,QLT-01,2026-09-23T11:00:00,1.04,41.0,904,8.9,0.0,43.5
SR-010141,QLT-01,2026-09-23T12:00:00,1.09,41.1,915,8.9,0.0,43.1
SR-010142,QLT-01,2026-09-23T13:00:00,0.98,42.4,906,9.3,0.0,42.9
SR-010143,QLT-01,2026-09-23T14:00:00,0.71,42.9,916,9.1,0.0,43.1
SR-010144,QLT-01,2026-09-23T15:00:00,0.78,41.5,862,9.1,0.0,41.5
SR-010145,QLT-01,2026-09-23T16:00:00,0.95,40.8,897,9.6,0.0,42.0
SR-010146,QLT-01,2026-09-23T17:00:00,0.8,42.5,889,8.7,0.0,41.0
SR-010147,QLT-01,2026-09-23T18:00:00,1.1,42.0,900,9.5,0.0,41.1
SR-010148,QLT-01,2026-09-23T19:00:00,1.17,41.6,897,9.3,0.0,41.2
SR-010149,QLT-01,2026-09-23T20:00:00,0.91,42.1,946,8.8,0.0,43.5
SR-010150,QLT-01,2026-09-23T21:00:00,0.88,40.8,902,9.0,0.0,40.6
SR-010151,QLT-01,2026-09-23T22:00:00,1.12,39.8,934,9.1,0.0,40.8
SR-010152,QLT-01,2026-09-23T23:00:00,0.92,39.5,897,8.9,0.0,43.0
SR-010153,QLT-01,2026-09-24T00:00:00,0.94,40.6,903,9.2,0.0,42.1
SR-010154,QLT-01,2026-09-24T01:00:00,1.06,39.8,918,8.4,0.0,42.5
SR-010155,QLT-01,2026-09-24T02:00:00,1.0,40.7,893,9.3,0.0,42.0
SR-010156,QLT-01,2026-09-24T03:00:00,0.98,39.9,904,9.1,0.0,42.9
SR-010157,QLT-01,2026-09-24T04:00:00,1.11,39.8,887,8.8,0.0,42.4
SR-010158,QLT-01,2026-09-24T05:00:00,0.93,41.4,902,8.9,0.0,40.6
SR-010159,QLT-01,2026-09-24T06:00:00,1.02,41.7,900,8.9,0.0,41.2
SR-010160,QLT-01,2026-09-24T07:00:00,0.94,40.5,918,8.6,0.0,41.5
SR-010161,QLT-01,2026-09-24T08:00:00,0.8,39.7,870,8.5,0.0,42.2
SR-010162,QLT-01,2026-09-24T09:00:00,0.88,43.1,915,8.7,0.0,41.9
SR-010163,QLT-01,2026-09-24T10:00:00,0.94,41.9,888,8.9,0.0,43.0
SR-010164,QLT-01,2026-09-24T11:00:00,0.84,42.7,898,9.2,0.0,39.7
SR-010165,QLT-01,2026-09-24T12:00:00,0.77,41.2,917,9.1,0.0,43.0
SR-010166,QLT-01,2026-09-24T13:00:00,0.86,42.1,899,8.6,0.0,41.8
SR-010167,QLT-01,2026-09-24T14:00:00,0.91,40.4,876,9.0,0.0,41.5
SR-010168,QLT-01,2026-09-24T15:00:00,0.97,41.7,904,8.8,0.0,42.2
SR-010169,QLT-01,2026-09-24T16:00:00,0.98,41.5,885,9.2,0.0,42.6
SR-010170,QLT-01,2026-09-24T17:00:00,0.85,40.3,860,9.0,0.0,42.3
SR-010171,QLT-01,2026-09-24T18:00:00,1.04,41.6,933,8.2,0.0,43.5
SR-010172,QLT-01,2026-09-24T19:00:00,0.81,41.0,913,9.2,0.0,42.0
SR-010173,QLT-01,2026-09-24T20:00:00,0.94,40.1,896,8.9,0.0,41.7
SR-010174,QLT-01,2026-09-24T21:00:00,1.1,40.2,902,8.5,0.0,42.5
SR-010175,QLT-01,2026-09-24T22:00:00,1.18,40.5,907,8.8,0.0,42.1
SR-010176,QLT-01,2026-09-24T23:00:00,1.04,39.9,894,9.3,0.0,42.5
SR-010177,QLT-01,2026-09-25T00:00:00,1.05,40.3,910,8.8,0.0,42.6
SR-010178,QLT-01,2026-09-25T01:00:00,0.92,39.5,906,9.2,0.0,41.9
SR-010179,QLT-01,2026-09-25T02:00:00,0.93,40.5,903,9.4,0.0,41.1
SR-010180,QLT-01,2026-09-25T03:00:00,1.03,41.1,890,8.7,0.0,41.8
SR-010181,QLT-01,2026-09-25T04:00:00,0.95,41.3,896,8.9,0.0,43.1
SR-010182,QLT-01,2026-09-25T05:00:00,1.05,39.5,910,8.9,0.0,40.5
SR-010183,QLT-01,2026-09-25T06:00:00,0.76,40.6,903,8.7,0.0,42.8
SR-010184,QLT-01,2026-09-25T07:00:00,0.92,40.4,905,9.1,0.0,40.9
SR-010185,QLT-01,2026-09-25T08:00:00,1.31,43.1,900,8.9,0.0,43.4
SR-010186,QLT-01,2026-09-25T09:00:00,0.94,42.6,902,9.0,0.0,41.2
SR-010187,QLT-01,2026-09-25T10:00:00,0.78,41.6,913,9.2,0.0,41.9
SR-010188,QLT-01,2026-09-25T11:00:00,0.86,41.3,896,9.2,0.0,42.6
SR-010189,QLT-01,2026-09-25T12:00:00,0.94,41.3,893,9.3,0.0,42.9
SR-010190,QLT-01,2026-09-25T13:00:00,0.99,41.5,905,9.2,0.0,42.3
SR-010191,QLT-01,2026-09-25T14:00:00,0.91,40.1,909,9.3,0.0,43.3
SR-010192,QLT-01,2026-09-25T15:00:00,1.02,40.7,885,8.8,0.0,43.3
SR-010193,QLT-01,2026-09-25T16:00:00,0.98,40.6,893,8.7,0.0,43.2
SR-010194,QLT-01,2026-09-25T17:00:00,0.85,42.3,878,9.0,0.0,42.8
SR-010195,QLT-01,2026-09-25T18:00:00,0.79,40.7,899,8.7,0.0,42.6
SR-010196,QLT-01,2026-09-25T19:00:00,0.78,39.9,894,9.5,0.0,41.4
SR-010197,QLT-01,2026-09-25T20:00:00,0.96,40.9,911,8.5,0.0,42.1
SR-010198,QLT-01,2026-09-25T21:00:00,0.92,40.8,926,9.0,0.0,41.2
SR-010199,QLT-01,2026-09-25T22:00:00,1.18,39.7,883,9.0,0.0,41.8
SR-010200,QLT-01,2026-09-25T23:00:00,0.71,40.0,878,9.0,0.0,39.7
SR-010201,QLT-01,2026-09-26T00:00:00,0.85,39.9,881,9.2,0.0,42.0
SR-010202,QLT-01,2026-09-26T01:00:00,0.95,41.8,918,9.2,0.0,41.4
SR-010203,QLT-01,2026-09-26T02:00:00,0.69,39.7,881,9.1,0.0,41.9
SR-010204,QLT-01,2026-09-26T03:00:00,0.84,39.4,923,8.4,0.0,42.8
SR-010205,QLT-01,2026-09-26T04:00:00,0.73,39.6,875,8.9,0.0,41.1
SR-010206,QLT-01,2026-09-26T05:00:00,0.88,40.2,902,8.4,0.0,42.2
SR-010207,QLT-01,2026-09-26T06:00:00,0.82,40.2,928,8.7,0.0,42.8
SR-010208,QLT-01,2026-09-26T07:00:00,0.78,41.5,893,9.1,0.0,42.9
SR-010209,QLT-01,2026-09-26T08:00:00,0.91,42.5,906,9.3,0.0,40.8
SR-010210,QLT-01,2026-09-26T09:00:00,0.88,41.6,909,8.9,0.0,42.1
SR-010211,QLT-01,2026-09-26T10:00:00,0.88,42.0,887,9.7,0.0,41.5
SR-010212,QLT-01,2026-09-26T11:00:00,0.9,41.5,891,9.2,0.0,43.2
SR-010213,QLT-01,2026-09-26T12:00:00,0.86,41.1,893,9.4,0.0,40.1
SR-010214,QLT-01,2026-09-26T13:00:00,0.95,42.5,917,9.4,0.0,40.5
SR-010215,QLT-01,2026-09-26T14:00:00,1.08,39.9,912,9.2,0.0,41.8
SR-010216,QLT-01,2026-09-26T15:00:00,0.75,41.4,916,9.1,0.0,41.9
SR-010217,QLT-01,2026-09-26T16:00:00,0.88,39.9,901,8.8,0.0,42.9
SR-010218,QLT-01,2026-09-26T17:00:00,0.84,42.5,912,9.6,0.0,43.8
SR-010219,QLT-01,2026-09-26T18:00:00,0.74,39.9,910,8.4,0.0,42.4
SR-010220,QLT-01,2026-09-26T19:00:00,0.71,43.4,904,8.7,0.0,41.3
SR-010221,QLT-01,2026-09-26T20:00:00,0.99,39.9,894,8.9,0.0,42.7
SR-010222,QLT-01,2026-09-26T21:00:00,0.77,40.8,922,8.8,0.0,43.1
SR-010223,QLT-01,2026-09-26T22:00:00,0.9,40.1,867,9.4,0.0,41.1
SR-010224,QLT-01,2026-09-26T23:00:00,0.98,39.1,893,9.0,0.0,41.3
SR-010225,QLT-01,2026-09-27T00:00:00,0.76,39.9,897,8.9,0.0,42.1
SR-010226,QLT-01,2026-09-27T01:00:00,0.9,41.1,940,8.7,0.0,42.6
SR-010227,QLT-01,2026-09-27T02:00:00,0.78,40.6,912,9.5,0.0,42.1
SR-010228,QLT-01,2026-09-27T03:00:00,0.99,39.9,906,8.7,0.0,42.8
SR-010229,QLT-01,2026-09-27T04:00:00,0.91,40.5,916,9.2,0.0,41.6
SR-010230,QLT-01,2026-09-27T05:00:00,1.11,40.6,907,8.8,0.0,41.2
SR-010231,QLT-01,2026-09-27T06:00:00,0.83,41.4,896,8.5,0.0,42.2
SR-010232,QLT-01,2026-09-27T07:00:00,0.83,42.6,910,8.6,0.0,42.8
SR-010233,QLT-01,2026-09-27T08:00:00,1.02,40.0,901,9.0,0.0,41.2
SR-010234,QLT-01,2026-09-27T09:00:00,0.85,41.9,894,9.0,0.0,43.5
SR-010235,QLT-01,2026-09-27T10:00:00,1.12,41.7,898,8.9,0.0,41.0
SR-010236,QLT-01,2026-09-27T11:00:00,0.81,41.5,880,9.3,0.0,42.4
SR-010237,QLT-01,2026-09-27T12:00:00,0.69,41.5,911,8.7,0.0,41.7
SR-010238,QLT-01,2026-09-27T13:00:00,0.74,42.8,915,9.5,0.0,42.3
SR-010239,QLT-01,2026-09-27T14:00:00,0.94,41.7,911,8.6,0.0,42.2
SR-010240,QLT-01,2026-09-27T15:00:00,0.77,41.6,905,10.1,0.0,42.3
SR-010241,QLT-01,2026-09-27T16:00:00,0.9,42.4,869,8.8,0.0,41.6
SR-010242,QLT-01,2026-09-27T17:00:00,0.67,41.6,914,9.4,0.0,42.4
SR-010243,QLT-01,2026-09-27T18:00:00,0.6,43.1,910,9.4,0.0,42.4
SR-010244,QLT-01,2026-09-27T19:00:00,0.99,41.0,914,9.1,0.0,42.2
SR-010245,QLT-01,2026-09-27T20:00:00,0.91,40.6,911,9.4,0.0,42.1
SR-010246,QLT-01,2026-09-27T21:00:00,0.92,39.6,902,9.4,0.0,42.8
SR-010247,QLT-01,2026-09-27T22:00:00,0.96,41.2,884,8.7,0.0,41.8
SR-010248,QLT-01,2026-09-27T23:00:00,0.76,39.5,900,9.1,0.0,42.2
SR-010249,QLT-01,2026-09-28T00:00:00,0.91,40.6,931,9.2,0.0,42.3
SR-010250,QLT-01,2026-09-28T01:00:00,0.8,39.8,916,8.5,0.0,42.7
SR-010251,QLT-01,2026-09-28T02:00:00,0.92,40.1,914,9.3,0.0,42.2
SR-010252,QLT-01,2026-09-28T03:00:00,0.74,41.0,895,8.4,0.0,41.5
SR-010253,QLT-01,2026-09-28T04:00:00,0.65,41.1,881,9.3,0.0,41.1
SR-010254,QLT-01,2026-09-28T05:00:00,0.93,40.5,885,8.8,0.0,41.1
SR-010255,QLT-01,2026-09-28T06:00:00,0.93,39.6,923,8.7,0.0,42.5
SR-010256,QLT-01,2026-09-28T07:00:00,0.84,41.2,875,8.8,0.0,41.1
SR-010257,QLT-01,2026-09-28T08:00:00,0.8,41.4,888,8.8,0.0,41.2
SR-010258,QLT-01,2026-09-28T09:00:00,0.65,40.3,891,9.3,0.0,41.7
SR-010259,QLT-01,2026-09-28T10:00:00,0.84,42.0,897,9.3,0.0,42.2
SR-010260,QLT-01,2026-09-28T11:00:00,0.83,42.7,901,9.5,0.0,43.0
SR-010261,QLT-01,2026-09-28T12:00:00,0.9,42.4,902,9.2,0.0,40.6
SR-010262,QLT-01,2026-09-28T13:00:00,0.77,41.6,891,8.9,0.0,42.4
SR-010263,QLT-01,2026-09-28T14:00:00,1.01,40.9,906,8.8,0.0,42.6
SR-010264,QLT-01,2026-09-28T15:00:00,0.74,42.0,886,8.8,0.0,42.8
SR-010265,QLT-01,2026-09-28T16:00:00,0.78,41.5,895,8.4,0.0,40.5
SR-010266,QLT-01,2026-09-28T17:00:00,0.8,42.1,899,8.8,0.0,42.5
SR-010267,QLT-01,2026-09-28T18:00:00,0.92,40.7,905,9.0,0.0,40.5
SR-010268,QLT-01,2026-09-28T19:00:00,0.83,40.9,931,9.4,0.0,42.8
SR-010269,QLT-01,2026-09-28T20:00:00,1.01,41.0,915,8.8,0.0,40.6
SR-010270,QLT-01,2026-09-28T21:00:00,0.94,39.8,895,9.0,0.0,42.1
SR-010271,QLT-01,2026-09-28T22:00:00,0.92,39.7,891,8.9,0.0,41.5
SR-010272,QLT-01,2026-09-28T23:00:00,0.91,41.1,896,9.2,0.0,42.9
SR-010273,QLT-01,2026-09-29T00:00:00,0.81,40.8,897,8.9,0.0,42.1
SR-010274,QLT-01,2026-09-29T01:00:00,0.95,39.2,899,8.9,0.0,40.7
SR-010275,QLT-01,2026-09-29T02:00:00,0.92,39.6,914,9.5,0.0,42.1
SR-010276,QLT-01,2026-09-29T03:00:00,0.92,39.9,904,9.5,0.0,40.3
SR-010277,QLT-01,2026-09-29T04:00:00,1.09,40.0,880,9.4,0.0,42.5
SR-010278,QLT-01,2026-09-29T05:00:00,0.94,41.4,897,9.3,0.0,42.6
SR-010279,QLT-01,2026-09-29T06:00:00,0.84,41.4,900,8.4,0.0,43.1
SR-010280,QLT-01,2026-09-29T07:00:00,0.91,42.2,880,8.9,0.0,40.9
SR-010281,QLT-01,2026-09-29T08:00:00,0.95,40.3,883,8.9,0.0,41.2
SR-010282,QLT-01,2026-09-29T09:00:00,0.64,42.3,887,8.8,0.0,42.5
SR-010283,QLT-01,2026-09-29T10:00:00,0.88,41.9,910,8.7,0.0,41.8
SR-010284,QLT-01,2026-09-29T11:00:00,1.02,42.4,907,9.4,0.0,42.7
SR-010285,QLT-01,2026-09-29T12:00:00,0.81,41.4,901,9.0,0.0,41.0
SR-010286,QLT-01,2026-09-29T13:00:00,0.84,42.0,901,9.1,0.0,41.6
SR-010287,QLT-01,2026-09-29T14:00:00,0.8,41.8,900,9.0,0.0,41.9
SR-010288,QLT-01,2026-09-29T15:00:00,0.82,41.8,900,9.1,0.0,42.8
SR-010289,QLT-01,2026-09-29T16:00:00,0.85,40.5,917,8.9,0.0,42.3
SR-010290,QLT-01,2026-09-29T17:00:00,0.97,40.6,901,8.8,0.0,41.3
SR-010291,QLT-01,2026-09-29T18:00:00,0.97,41.8,891,9.4,0.0,43.1
SR-010292,QLT-01,2026-09-29T19:00:00,0.89,40.9,912,9.5,0.0,42.9
SR-010293,QLT-01,2026-09-29T20:00:00,0.85,41.5,904,8.7,0.0,43.0
SR-010294,QLT-01,2026-09-29T21:00:00,0.93,41.7,885,9.8,0.0,41.8
SR-010295,QLT-01,2026-09-29T22:00:00,0.86,39.3,875,8.6,0.0,42.3
SR-010296,QLT-01,2026-09-29T23:00:00,0.7,41.5,897,8.5,0.0,43.7
SR-010297,QLT-01,2026-09-30T00:00:00,0.79,41.4,913,9.2,0.0,42.3
SR-010298,QLT-01,2026-09-30T01:00:00,1.07,41.0,914,8.5,0.0,39.4
SR-010299,QLT-01,2026-09-30T02:00:00,0.8,41.7,903,9.4,0.0,41.9
SR-010300,QLT-01,2026-09-30T03:00:00,0.92,40.7,905,9.2,0.0,42.6
SR-010301,QLT-01,2026-09-30T04:00:00,0.9,40.0,899,9.7,0.0,43.3
SR-010302,QLT-01,2026-09-30T05:00:00,1.01,42.0,913,9.4,0.0,42.1
SR-010303,QLT-01,2026-09-30T06:00:00,0.97,40.3,898,8.9,0.0,41.4
SR-010304,QLT-01,2026-09-30T07:00:00,0.85,41.6,903,8.9,0.0,41.8
SR-010305,QLT-01,2026-09-30T08:00:00,0.99,41.9,912,9.0,0.0,41.2
SR-010306,QLT-01,2026-09-30T09:00:00,1.02,42.5,895,8.8,0.0,42.9
SR-010307,QLT-01,2026-09-30T10:00:00,0.7,42.1,910,9.2,0.0,41.6
SR-010308,QLT-01,2026-09-30T11:00:00,1.05,42.1,901,9.0,0.0,41.8
SR-010309,QLT-01,2026-09-30T12:00:00,0.91,41.6,905,8.3,0.0,42.3
SR-010310,QLT-01,2026-09-30T13:00:00,1.1,40.4,861,9.1,0.0,41.2
SR-010311,QLT-01,2026-09-30T14:00:00,0.85,40.5,899,9.4,0.0,42.0
SR-010312,QLT-01,2026-09-30T15:00:00,1.02,39.8,880,9.1,0.0,42.0
SR-010313,QLT-01,2026-09-30T16:00:00,0.92,40.8,893,8.9,0.0,40.9
SR-010314,QLT-01,2026-09-30T17:00:00,0.8,41.6,891,8.9,0.0,42.7
SR-010315,QLT-01,2026-09-30T18:00:00,0.74,41.0,914,9.1,0.0,41.4
SR-010316,QLT-01,2026-09-30T19:00:00,0.79,40.1,909,9.1,0.0,43.4
SR-010317,QLT-01,2026-09-30T20:00:00,0.53,40.6,888,8.8,0.0,42.5
SR-010318,QLT-01,2026-09-30T21:00:00,0.87,40.2,883,9.5,0.0,42.6
SR-010319,QLT-01,2026-09-30T22:00:00,0.87,42.0,887,8.6,0.0,42.2
SR-010320,QLT-01,2026-09-30T23:00:00,0.97,40.6,915,9.2,0.0,41.1
SR-010321,QLT-01,2026-10-01T00:00:00,0.9,39.5,918,9.5,0.0,41.8
SR-010322,QLT-01,2026-10-01T01:00:00,0.73,40.6,888,9.7,0.0,44.4
SR-010323,QLT-01,2026-10-01T02:00:00,1.17,39.7,911,9.6,0.0,43.4
SR-010324,QLT-01,2026-10-01T03:00:00,0.76,40.5,888,9.1,0.0,42.9
SR-010325,QLT-01,2026-10-01T04:00:00,0.85,41.2,894,9.2,0.0,41.8
SR-010326,QLT-01,2026-10-01T05:00:00,0.76,40.5,898,8.5,0.0,43.0
SR-010327,QLT-01,2026-10-01T06:00:00,1.11,41.0,891,9.1,0.0,42.6
SR-010328,QLT-01,2026-10-01T07:00:00,0.91,40.7,909,8.9,0.0,40.6
SR-010329,QLT-01,2026-10-01T08:00:00,0.82,41.5,899,9.1,0.0,40.5
SR-010330,QLT-01,2026-10-01T09:00:00,0.85,40.7,895,9.2,0.0,42.5
SR-010331,QLT-01,2026-10-01T10:00:00,0.81,43.0,914,9.4,0.0,41.5
SR-010332,QLT-01,2026-10-01T11:00:00,0.9,42.9,925,8.8,0.0,40.9
SR-010333,QLT-01,2026-10-01T12:00:00,0.65,40.6,892,9.2,0.0,42.5
SR-010334,QLT-01,2026-10-01T13:00:00,0.89,42.4,893,9.2,0.0,42.3
SR-010335,QLT-01,2026-10-01T14:00:00,0.93,41.2,904,8.9,0.0,42.3
SR-010336,QLT-01,2026-10-01T15:00:00,1.02,41.0,902,8.9,0.0,41.6
SR-010337,QLT-01,2026-10-01T16:00:00,0.8,41.6,900,8.7,0.0,43.2
SR-010338,QLT-01,2026-10-01T17:00:00,0.73,42.0,892,9.1,0.0,43.0
SR-010339,QLT-01,2026-10-01T18:00:00,0.8,41.1,918,9.2,0.0,42.6
SR-010340,QLT-01,2026-10-01T19:00:00,0.81,39.5,901,8.9,0.0,42.4
SR-010341,QLT-01,2026-10-01T20:00:00,1.04,40.7,906,9.5,0.0,41.9
SR-010342,QLT-01,2026-10-01T21:00:00,0.79,40.0,897,9.5,0.0,41.0
SR-010343,QLT-01,2026-10-01T22:00:00,0.7,41.7,901,8.4,0.0,41.9
SR-010344,QLT-01,2026-10-01T23:00:00,0.95,40.7,907,9.2,0.0,42.0
SR-010345,QLT-01,2026-10-02T00:00:00,1.13,38.8,884,9.3,0.0,41.7
SR-010346,QLT-01,2026-10-02T01:00:00,1.09,39.6,893,8.7,0.0,40.7
SR-010347,QLT-01,2026-10-02T02:00:00,0.86,39.3,896,9.0,0.0,42.0
SR-010348,QLT-01,2026-10-02T03:00:00,0.83,39.2,900,8.9,0.0,42.2
SR-010349,QLT-01,2026-10-02T04:00:00,0.98,41.5,918,9.1,0.0,43.9
SR-010350,QLT-01,2026-10-02T05:00:00,0.82,39.8,876,8.4,0.0,41.9
SR-010351,QLT-01,2026-10-02T06:00:00,0.96,41.7,873,8.8,0.0,41.5
SR-010352,QLT-01,2026-10-02T07:00:00,0.84,42.2,909,8.6,0.0,43.1
SR-010353,QLT-01,2026-10-02T08:00:00,0.84,42.1,913,9.1,0.0,41.8
SR-010354,QLT-01,2026-10-02T09:00:00,0.71,41.2,911,8.4,0.0,42.8
SR-010355,QLT-01,2026-10-02T10:00:00,0.94,41.6,901,9.0,0.0,41.0
SR-010356,QLT-01,2026-10-02T11:00:00,0.81,41.0,903,9.1,0.0,41.6
SR-010357,QLT-01,2026-10-02T12:00:00,0.79,42.3,889,9.8,0.0,41.8
SR-010358,QLT-01,2026-10-02T13:00:00,0.86,41.8,922,8.7,0.0,40.8
SR-010359,QLT-01,2026-10-02T14:00:00,1.09,42.8,924,9.4,0.0,42.9
SR-010360,QLT-01,2026-10-02T15:00:00,1.02,42.7,889,9.0,0.0,42.9
SR-010361,QLT-01,2026-10-02T16:00:00,1.05,41.1,899,8.4,0.0,42.1
SR-010362,QLT-01,2026-10-02T17:00:00,0.92,41.9,893,9.2,0.0,41.7
SR-010363,QLT-01,2026-10-02T18:00:00,1.03,39.9,919,9.2,0.0,42.7
SR-010364,QLT-01,2026-10-02T19:00:00,1.11,41.3,905,9.3,0.0,42.5
SR-010365,QLT-01,2026-10-02T20:00:00,0.97,41.8,882,7.8,0.0,41.6
SR-010366,QLT-01,2026-10-02T21:00:00,0.84,39.9,921,8.7,0.0,42.5
SR-010367,QLT-01,2026-10-02T22:00:00,0.72,40.3,917,9.0,0.0,41.7
SR-010368,QLT-01,2026-10-02T23:00:00,1.08,40.4,898,8.7,0.0,42.0
SR-010369,QLT-02,2026-09-17T00:00:00,0.99,38.3,923,9.3,0.0,42.5
SR-010370,QLT-02,2026-09-17T01:00:00,0.8,40.0,903,9.1,0.0,42.2
SR-010371,QLT-02,2026-09-17T02:00:00,0.79,39.0,894,8.8,0.0,43.1
SR-010372,QLT-02,2026-09-17T03:00:00,0.74,39.2,887,9.0,0.0,41.5
SR-010373,QLT-02,2026-09-17T04:00:00,0.72,39.6,921,9.2,0.0,43.3
SR-010374,QLT-02,2026-09-17T05:00:00,0.92,41.2,896,9.0,0.0,41.6
SR-010375,QLT-02,2026-09-17T06:00:00,0.67,41.7,880,8.8,0.0,41.5
SR-010376,QLT-02,2026-09-17T07:00:00,0.79,40.9,892,8.8,0.0,41.0
SR-010377,QLT-02,2026-09-17T08:00:00,0.85,42.2,908,8.8,0.0,40.3
SR-010378,QLT-02,2026-09-17T09:00:00,0.84,41.1,916,8.6,0.0,43.3
SR-010379,QLT-02,2026-09-17T10:00:00,0.83,42.5,897,9.2,0.0,41.1
SR-010380,QLT-02,2026-09-17T11:00:00,1.06,42.2,913,9.5,0.0,42.1
SR-010381,QLT-02,2026-09-17T12:00:00,0.87,41.6,902,8.6,0.0,41.6
SR-010382,QLT-02,2026-09-17T13:00:00,1.0,42.3,912,8.9,0.0,40.2
SR-010383,QLT-02,2026-09-17T14:00:00,1.17,41.3,917,9.0,0.0,42.9
SR-010384,QLT-02,2026-09-17T15:00:00,0.66,41.7,914,9.1,0.0,42.9
SR-010385,QLT-02,2026-09-17T16:00:00,0.8,41.2,908,8.8,0.0,42.3
SR-010386,QLT-02,2026-09-17T17:00:00,0.82,41.1,895,8.6,0.0,41.8
SR-010387,QLT-02,2026-09-17T18:00:00,0.81,40.9,899,8.5,0.0,41.4
SR-010388,QLT-02,2026-09-17T19:00:00,0.98,39.3,905,8.9,0.0,41.9
SR-010389,QLT-02,2026-09-17T20:00:00,0.95,40.6,918,9.2,0.0,43.2
SR-010390,QLT-02,2026-09-17T21:00:00,0.89,39.6,915,9.3,0.0,41.5
SR-010391,QLT-02,2026-09-17T22:00:00,1.1,40.9,918,8.9,0.0,41.7
SR-010392,QLT-02,2026-09-17T23:00:00,0.99,39.3,885,8.5,0.0,41.4
SR-010393,QLT-02,2026-09-18T00:00:00,0.91,40.2,909,9.5,0.0,42.9
SR-010394,QLT-02,2026-09-18T01:00:00,1.0,40.1,887,9.2,0.0,42.8
SR-010395,QLT-02,2026-09-18T02:00:00,0.98,39.9,921,9.1,0.0,42.8
SR-010396,QLT-02,2026-09-18T03:00:00,0.94,39.8,928,8.3,0.0,42.6
SR-010397,QLT-02,2026-09-18T04:00:00,1.04,41.7,904,8.8,0.0,42.7
SR-010398,QLT-02,2026-09-18T05:00:00,0.98,42.5,893,9.4,0.0,41.5
SR-010399,QLT-02,2026-09-18T06:00:00,0.82,40.0,892,8.9,0.0,39.9
SR-010400,QLT-02,2026-09-18T07:00:00,0.96,40.9,892,8.4,0.0,41.5
SR-010401,QLT-02,2026-09-18T08:00:00,0.76,42.7,903,8.8,0.0,42.6
SR-010402,QLT-02,2026-09-18T09:00:00,0.84,41.4,915,9.3,0.0,41.4
SR-010403,QLT-02,2026-09-18T10:00:00,0.93,42.7,912,9.4,0.0,42.7
SR-010404,QLT-02,2026-09-18T11:00:00,0.79,41.8,897,8.8,0.0,41.8
SR-010405,QLT-02,2026-09-18T12:00:00,0.77,41.0,894,8.6,0.0,41.5
SR-010406,QLT-02,2026-09-18T13:00:00,0.56,42.1,888,9.1,0.0,42.2
SR-010407,QLT-02,2026-09-18T14:00:00,0.77,41.8,899,8.2,0.0,42.2
SR-010408,QLT-02,2026-09-18T15:00:00,0.91,42.1,916,9.4,0.0,42.5
SR-010409,QLT-02,2026-09-18T16:00:00,0.96,40.8,888,8.3,0.0,42.1
SR-010410,QLT-02,2026-09-18T17:00:00,0.92,39.7,882,9.1,0.0,41.7
SR-010411,QLT-02,2026-09-18T18:00:00,0.9,40.4,900,9.0,0.0,42.1
SR-010412,QLT-02,2026-09-18T19:00:00,0.92,40.7,896,8.7,0.0,43.6
SR-010413,QLT-02,2026-09-18T20:00:00,0.79,41.5,886,9.3,0.0,41.5
SR-010414,QLT-02,2026-09-18T21:00:00,0.97,40.9,881,8.3,0.0,43.9
SR-010415,QLT-02,2026-09-18T22:00:00,0.87,39.7,892,8.9,0.0,42.0
SR-010416,QLT-02,2026-09-18T23:00:00,0.73,41.1,904,9.5,0.0,43.3
SR-010417,QLT-02,2026-09-19T00:00:00,0.78,39.7,870,9.2,0.0,42.2
SR-010418,QLT-02,2026-09-19T01:00:00,0.97,39.5,905,9.1,0.0,42.4
SR-010419,QLT-02,2026-09-19T02:00:00,0.91,38.9,891,9.5,0.0,40.6
SR-010420,QLT-02,2026-09-19T03:00:00,0.99,40.5,879,8.9,0.0,40.6
SR-010421,QLT-02,2026-09-19T04:00:00,0.82,40.7,888,9.0,0.0,42.7
SR-010422,QLT-02,2026-09-19T05:00:00,0.99,40.6,891,9.6,0.0,43.2
SR-010423,QLT-02,2026-09-19T06:00:00,0.83,41.1,902,8.5,0.0,42.3
SR-010424,QLT-02,2026-09-19T07:00:00,0.73,41.1,929,9.3,0.0,41.7
SR-010425,QLT-02,2026-09-19T08:00:00,0.92,41.9,900,8.7,0.0,41.4
SR-010426,QLT-02,2026-09-19T09:00:00,0.88,43.1,891,9.2,0.0,42.1
SR-010427,QLT-02,2026-09-19T10:00:00,1.01,42.2,898,9.5,0.0,42.7
SR-010428,QLT-02,2026-09-19T11:00:00,0.96,42.0,911,9.1,0.0,41.6
SR-010429,QLT-02,2026-09-19T12:00:00,0.7,41.7,905,8.6,0.0,41.8
SR-010430,QLT-02,2026-09-19T13:00:00,0.92,43.2,885,8.7,0.0,42.7
SR-010431,QLT-02,2026-09-19T14:00:00,1.06,42.0,932,9.2,0.0,43.8
SR-010432,QLT-02,2026-09-19T15:00:00,0.74,41.0,898,8.4,0.0,42.1
SR-010433,QLT-02,2026-09-19T16:00:00,0.89,40.9,904,8.6,0.0,42.9
SR-010434,QLT-02,2026-09-19T17:00:00,0.89,41.4,911,9.5,0.0,41.9
SR-010435,QLT-02,2026-09-19T18:00:00,0.95,39.8,919,8.9,0.0,40.9
SR-010436,QLT-02,2026-09-19T19:00:00,0.81,41.0,906,9.3,0.0,41.8
SR-010437,QLT-02,2026-09-19T20:00:00,0.91,41.3,887,8.9,0.0,41.9
SR-010438,QLT-02,2026-09-19T21:00:00,0.97,39.5,878,8.7,0.0,42.3
SR-010439,QLT-02,2026-09-19T22:00:00,0.83,41.3,890,8.4,0.0,41.7
SR-010440,QLT-02,2026-09-19T23:00:00,0.99,39.6,906,8.7,0.0,41.4
SR-010441,QLT-02,2026-09-20T00:00:00,1.05,40.1,882,8.6,0.0,42.1
SR-010442,QLT-02,2026-09-20T01:00:00,0.8,39.7,889,8.8,0.0,42.2
SR-010443,QLT-02,2026-09-20T02:00:00,0.82,41.1,889,8.9,0.0,43.7
SR-010444,QLT-02,2026-09-20T03:00:00,0.93,41.6,893,8.9,0.0,40.3
SR-010445,QLT-02,2026-09-20T04:00:00,1.03,40.6,898,8.9,0.0,41.0
SR-010446,QLT-02,2026-09-20T05:00:00,1.08,40.9,901,8.1,0.0,40.9
SR-010447,QLT-02,2026-09-20T06:00:00,0.96,41.3,875,8.9,0.0,43.5
SR-010448,QLT-02,2026-09-20T07:00:00,0.75,41.3,919,9.3,0.0,42.0
SR-010449,QLT-02,2026-09-20T08:00:00,1.12,41.9,889,9.1,0.0,41.2
SR-010450,QLT-02,2026-09-20T09:00:00,0.82,41.7,891,8.8,0.0,42.8
SR-010451,QLT-02,2026-09-20T10:00:00,0.86,42.6,895,9.4,0.0,41.5
SR-010452,QLT-02,2026-09-20T11:00:00,1.05,42.6,901,8.7,0.0,42.1
SR-010453,QLT-02,2026-09-20T12:00:00,1.0,42.8,900,8.9,0.0,39.4
SR-010454,QLT-02,2026-09-20T13:00:00,0.93,40.4,906,8.6,0.0,43.3
SR-010455,QLT-02,2026-09-20T14:00:00,0.94,41.6,892,8.8,0.0,41.0
SR-010456,QLT-02,2026-09-20T15:00:00,0.81,41.6,906,8.5,0.0,40.0
SR-010457,QLT-02,2026-09-20T16:00:00,0.89,40.8,895,9.4,0.0,42.9
SR-010458,QLT-02,2026-09-20T17:00:00,0.9,40.7,898,9.1,0.0,41.3
SR-010459,QLT-02,2026-09-20T18:00:00,0.73,40.2,881,8.8,0.0,41.6
SR-010460,QLT-02,2026-09-20T19:00:00,0.88,40.6,908,9.0,0.0,41.9
SR-010461,QLT-02,2026-09-20T20:00:00,0.8,39.6,889,8.8,0.0,42.2
SR-010462,QLT-02,2026-09-20T21:00:00,1.05,40.1,930,8.6,0.0,42.4
SR-010463,QLT-02,2026-09-20T22:00:00,0.89,39.4,900,9.0,0.0,43.1
SR-010464,QLT-02,2026-09-20T23:00:00,0.96,39.7,880,8.7,0.0,41.8
SR-010465,QLT-02,2026-09-21T00:00:00,1.09,41.1,898,9.1,0.0,41.1
SR-010466,QLT-02,2026-09-21T01:00:00,1.03,39.7,892,9.5,0.0,41.8
SR-010467,QLT-02,2026-09-21T02:00:00,1.11,39.9,895,9.1,0.0,42.2
SR-010468,QLT-02,2026-09-21T03:00:00,1.03,41.6,919,9.2,0.0,42.7
SR-010469,QLT-02,2026-09-21T04:00:00,1.01,39.0,895,9.0,0.0,42.7
SR-010470,QLT-02,2026-09-21T05:00:00,0.83,39.5,896,8.6,0.0,41.9
SR-010471,QLT-02,2026-09-21T06:00:00,1.05,42.1,916,8.8,0.0,42.2
SR-010472,QLT-02,2026-09-21T07:00:00,0.75,41.3,899,9.2,0.0,42.4
SR-010473,QLT-02,2026-09-21T08:00:00,0.93,42.7,892,8.8,0.0,41.8
SR-010474,QLT-02,2026-09-21T09:00:00,0.94,42.8,904,8.5,0.0,43.7
SR-010475,QLT-02,2026-09-21T10:00:00,0.88,42.3,907,8.7,0.0,43.2
SR-010476,QLT-02,2026-09-21T11:00:00,1.0,42.3,904,8.6,0.0,41.5
SR-010477,QLT-02,2026-09-21T12:00:00,0.93,41.3,923,9.0,0.0,41.4
SR-010478,QLT-02,2026-09-21T13:00:00,0.64,43.0,890,8.9,0.0,43.3
SR-010479,QLT-02,2026-09-21T14:00:00,0.97,42.1,895,9.0,0.0,43.1
SR-010480,QLT-02,2026-09-21T15:00:00,0.97,41.0,899,9.3,0.0,42.9
SR-010481,QLT-02,2026-09-21T16:00:00,0.72,40.6,894,9.5,0.0,42.3
SR-010482,QLT-02,2026-09-21T17:00:00,0.78,41.8,881,8.8,0.0,41.7
SR-010483,QLT-02,2026-09-21T18:00:00,0.81,40.9,895,9.1,0.0,42.0
SR-010484,QLT-02,2026-09-21T19:00:00,0.86,39.6,920,8.6,0.0,41.5
SR-010485,QLT-02,2026-09-21T20:00:00,0.95,41.3,900,9.2,0.0,42.6
SR-010486,QLT-02,2026-09-21T21:00:00,0.98,41.1,898,9.4,0.0,41.2
SR-010487,QLT-02,2026-09-21T22:00:00,0.98,39.5,896,9.2,0.0,42.7
SR-010488,QLT-02,2026-09-21T23:00:00,0.86,40.0,891,8.5,0.0,42.1
SR-010489,QLT-02,2026-09-22T00:00:00,0.77,40.0,899,9.2,0.0,41.3
SR-010490,QLT-02,2026-09-22T01:00:00,0.77,39.2,899,9.3,0.0,40.5
SR-010491,QLT-02,2026-09-22T02:00:00,0.88,40.5,912,9.0,0.0,42.2
SR-010492,QLT-02,2026-09-22T03:00:00,0.91,40.7,899,9.0,0.0,42.2
SR-010493,QLT-02,2026-09-22T04:00:00,0.87,40.7,872,9.0,0.0,40.5
SR-010494,QLT-02,2026-09-22T05:00:00,0.95,41.3,893,9.2,0.0,41.9
SR-010495,QLT-02,2026-09-22T06:00:00,0.96,39.0,903,9.1,0.0,42.6
SR-010496,QLT-02,2026-09-22T07:00:00,0.87,41.1,883,8.7,0.0,42.3
SR-010497,QLT-02,2026-09-22T08:00:00,0.85,41.3,894,8.8,0.0,41.7
SR-010498,QLT-02,2026-09-22T09:00:00,0.84,41.5,922,8.7,0.0,41.4
SR-010499,QLT-02,2026-09-22T10:00:00,0.75,41.0,911,8.8,0.0,41.7
SR-010500,QLT-02,2026-09-22T11:00:00,1.0,43.4,901,9.6,0.0,40.8
SR-010501,QLT-02,2026-09-22T12:00:00,1.1,42.4,913,8.4,0.0,41.3
SR-010502,QLT-02,2026-09-22T13:00:00,0.96,40.4,894,9.1,0.0,40.6
SR-010503,QLT-02,2026-09-22T14:00:00,0.84,41.6,908,9.1,0.0,42.1
SR-010504,QLT-02,2026-09-22T15:00:00,0.87,42.7,903,9.1,0.0,42.5
SR-010505,QLT-02,2026-09-22T16:00:00,0.79,39.9,897,9.1,0.0,43.6
SR-010506,QLT-02,2026-09-22T17:00:00,1.05,41.7,876,8.7,0.0,40.9
SR-010507,QLT-02,2026-09-22T18:00:00,0.82,40.4,875,9.1,0.0,42.5
SR-010508,QLT-02,2026-09-22T19:00:00,0.85,40.9,895,9.3,0.0,41.8
SR-010509,QLT-02,2026-09-22T20:00:00,0.73,40.6,898,9.2,0.0,42.5
SR-010510,QLT-02,2026-09-22T21:00:00,0.92,40.4,881,8.6,0.0,41.3
SR-010511,QLT-02,2026-09-22T22:00:00,0.76,40.6,883,9.0,0.0,42.0
SR-010512,QLT-02,2026-09-22T23:00:00,1.11,39.8,891,9.1,0.0,41.9
SR-010513,QLT-02,2026-09-23T00:00:00,0.95,40.4,925,8.5,0.0,41.4
SR-010514,QLT-02,2026-09-23T01:00:00,0.96,39.0,865,9.3,0.0,41.5
SR-010515,QLT-02,2026-09-23T02:00:00,0.95,40.7,896,8.7,0.0,42.4
SR-010516,QLT-02,2026-09-23T03:00:00,1.0,40.0,900,9.3,0.0,42.1
SR-010517,QLT-02,2026-09-23T04:00:00,1.24,41.1,934,8.7,0.0,41.2
SR-010518,QLT-02,2026-09-23T05:00:00,0.7,40.0,898,8.7,0.0,41.0
SR-010519,QLT-02,2026-09-23T06:00:00,0.87,42.1,898,9.5,0.0,42.4
SR-010520,QLT-02,2026-09-23T07:00:00,0.78,40.5,917,9.4,0.0,42.7
SR-010521,QLT-02,2026-09-23T08:00:00,1.1,42.6,870,9.0,0.0,43.5
SR-010522,QLT-02,2026-09-23T09:00:00,0.8,41.8,897,8.5,0.0,42.0
SR-010523,QLT-02,2026-09-23T10:00:00,0.77,41.8,902,9.7,0.0,41.9
SR-010524,QLT-02,2026-09-23T11:00:00,1.09,40.8,882,8.4,0.0,42.5
SR-010525,QLT-02,2026-09-23T12:00:00,1.11,41.0,896,8.9,0.0,42.1
SR-010526,QLT-02,2026-09-23T13:00:00,0.75,40.6,882,9.4,0.0,41.2
SR-010527,QLT-02,2026-09-23T14:00:00,0.8,40.3,893,8.7,0.0,42.1
SR-010528,QLT-02,2026-09-23T15:00:00,0.9,42.0,902,9.1,0.0,41.8
SR-010529,QLT-02,2026-09-23T16:00:00,0.76,41.0,890,9.1,0.0,43.3
SR-010530,QLT-02,2026-09-23T17:00:00,0.8,41.0,883,8.3,0.0,42.0
SR-010531,QLT-02,2026-09-23T18:00:00,0.95,40.2,888,8.6,0.0,41.2
SR-010532,QLT-02,2026-09-23T19:00:00,0.98,40.6,895,9.2,0.0,41.8
SR-010533,QLT-02,2026-09-23T20:00:00,0.88,38.9,897,8.9,0.0,41.5
SR-010534,QLT-02,2026-09-23T21:00:00,0.9,40.7,892,8.3,0.0,41.1
SR-010535,QLT-02,2026-09-23T22:00:00,1.0,39.4,907,9.4,0.0,42.0
SR-010536,QLT-02,2026-09-23T23:00:00,0.86,41.2,912,9.4,0.0,42.5
SR-010537,QLT-02,2026-09-24T00:00:00,1.1,40.2,895,8.6,0.0,42.8
SR-010538,QLT-02,2026-09-24T01:00:00,0.91,41.7,887,9.5,0.0,42.4
SR-010539,QLT-02,2026-09-24T02:00:00,1.01,40.5,883,8.7,0.0,43.4
SR-010540,QLT-02,2026-09-24T03:00:00,0.81,40.0,876,8.9,0.0,41.8
SR-010541,QLT-02,2026-09-24T04:00:00,0.87,39.0,895,9.0,0.0,42.2
SR-010542,QLT-02,2026-09-24T05:00:00,0.86,39.7,917,8.8,0.0,42.1
SR-010543,QLT-02,2026-09-24T06:00:00,0.92,41.8,912,8.7,0.0,41.7
SR-010544,QLT-02,2026-09-24T07:00:00,0.82,41.2,894,9.0,0.0,43.4
SR-010545,QLT-02,2026-09-24T08:00:00,1.03,41.6,904,8.7,0.0,42.3
SR-010546,QLT-02,2026-09-24T09:00:00,0.9,40.5,916,8.6,0.0,40.4
SR-010547,QLT-02,2026-09-24T10:00:00,0.82,42.9,906,8.9,0.0,43.3
SR-010548,QLT-02,2026-09-24T11:00:00,1.01,42.3,903,8.6,0.0,41.6
SR-010549,QLT-02,2026-09-24T12:00:00,0.89,42.5,916,9.4,0.0,43.0
SR-010550,QLT-02,2026-09-24T13:00:00,0.92,41.0,915,8.5,0.0,41.9
SR-010551,QLT-02,2026-09-24T14:00:00,0.92,42.4,906,8.9,0.0,44.5
SR-010552,QLT-02,2026-09-24T15:00:00,0.97,41.5,889,9.2,0.0,44.5
SR-010553,QLT-02,2026-09-24T16:00:00,0.84,42.3,873,9.2,0.0,41.2
SR-010554,QLT-02,2026-09-24T17:00:00,0.78,41.5,883,9.5,0.0,41.4
SR-010555,QLT-02,2026-09-24T18:00:00,0.57,40.3,907,9.0,0.0,42.5
SR-010556,QLT-02,2026-09-24T19:00:00,0.73,39.9,887,8.9,0.0,42.5
SR-010557,QLT-02,2026-09-24T20:00:00,0.94,41.1,909,8.8,0.0,41.4
SR-010558,QLT-02,2026-09-24T21:00:00,0.8,39.3,907,8.8,0.0,42.9
SR-010559,QLT-02,2026-09-24T22:00:00,0.96,39.5,884,9.4,0.0,43.5
SR-010560,QLT-02,2026-09-24T23:00:00,0.93,40.6,876,9.7,0.0,42.4
SR-010561,QLT-02,2026-09-25T00:00:00,0.66,39.1,906,8.0,0.0,43.9
SR-010562,QLT-02,2026-09-25T01:00:00,0.65,39.5,896,9.4,0.0,42.8
SR-010563,QLT-02,2026-09-25T02:00:00,0.86,40.3,879,8.8,0.0,40.9
SR-010564,QLT-02,2026-09-25T03:00:00,0.88,40.0,912,8.8,0.0,40.3
SR-010565,QLT-02,2026-09-25T04:00:00,1.1,40.2,894,9.5,0.0,42.5
SR-010566,QLT-02,2026-09-25T05:00:00,0.87,40.6,904,9.3,0.0,41.4
SR-010567,QLT-02,2026-09-25T06:00:00,0.7,41.1,906,8.6,0.0,42.7
SR-010568,QLT-02,2026-09-25T07:00:00,0.83,42.1,928,8.6,0.0,41.4
SR-010569,QLT-02,2026-09-25T08:00:00,1.05,41.8,887,9.1,0.0,41.3
SR-010570,QLT-02,2026-09-25T09:00:00,0.81,41.5,915,9.0,0.0,42.2
SR-010571,QLT-02,2026-09-25T10:00:00,0.8,40.7,891,8.9,0.0,42.2
SR-010572,QLT-02,2026-09-25T11:00:00,1.0,40.8,891,9.1,0.0,41.6
SR-010573,QLT-02,2026-09-25T12:00:00,1.06,40.2,879,8.9,0.0,41.0
SR-010574,QLT-02,2026-09-25T13:00:00,0.83,42.9,918,8.7,0.0,42.9
SR-010575,QLT-02,2026-09-25T14:00:00,0.62,40.1,897,8.4,0.0,42.9
SR-010576,QLT-02,2026-09-25T15:00:00,1.08,42.4,897,9.1,0.0,41.6
SR-010577,QLT-02,2026-09-25T16:00:00,1.05,42.1,904,9.6,0.0,43.5
SR-010578,QLT-02,2026-09-25T17:00:00,0.86,41.2,907,8.8,0.0,42.1
SR-010579,QLT-02,2026-09-25T18:00:00,0.8,41.6,894,8.4,0.0,42.9
SR-010580,QLT-02,2026-09-25T19:00:00,0.84,41.3,879,8.9,0.0,41.5
SR-010581,QLT-02,2026-09-25T20:00:00,0.88,40.4,881,8.7,0.0,41.8
SR-010582,QLT-02,2026-09-25T21:00:00,1.01,42.2,894,9.1,0.0,41.8
SR-010583,QLT-02,2026-09-25T22:00:00,1.01,39.7,897,9.1,0.0,42.0
SR-010584,QLT-02,2026-09-25T23:00:00,0.83,40.3,909,9.2,0.0,43.0
SR-010585,QLT-02,2026-09-26T00:00:00,0.94,39.3,902,8.6,0.0,41.7
SR-010586,QLT-02,2026-09-26T01:00:00,0.67,40.1,880,9.2,0.0,41.2
SR-010587,QLT-02,2026-09-26T02:00:00,0.96,40.1,895,8.8,0.0,43.7
SR-010588,QLT-02,2026-09-26T03:00:00,0.81,40.2,896,9.4,0.0,41.9
SR-010589,QLT-02,2026-09-26T04:00:00,0.82,41.0,902,8.9,0.0,42.1
SR-010590,QLT-02,2026-09-26T05:00:00,0.71,40.7,894,9.2,0.0,42.0
SR-010591,QLT-02,2026-09-26T06:00:00,0.81,42.0,917,9.1,0.0,42.5
SR-010592,QLT-02,2026-09-26T07:00:00,0.95,42.1,864,8.9,0.0,41.4
SR-010593,QLT-02,2026-09-26T08:00:00,0.75,41.6,894,9.0,0.0,41.7
SR-010594,QLT-02,2026-09-26T09:00:00,0.98,40.2,895,9.2,0.0,41.4
SR-010595,QLT-02,2026-09-26T10:00:00,0.76,42.0,889,9.6,0.0,41.3
SR-010596,QLT-02,2026-09-26T11:00:00,1.13,41.0,893,9.0,0.0,42.5
SR-010597,QLT-02,2026-09-26T12:00:00,1.12,41.5,887,8.9,0.0,43.8
SR-010598,QLT-02,2026-09-26T13:00:00,0.77,42.8,894,9.0,0.0,43.2
SR-010599,QLT-02,2026-09-26T14:00:00,0.95,41.7,915,9.8,0.0,41.3
SR-010600,QLT-02,2026-09-26T15:00:00,0.9,40.3,907,8.9,0.0,41.9
SR-010601,QLT-02,2026-09-26T16:00:00,1.02,41.4,896,8.6,0.0,41.7
SR-010602,QLT-02,2026-09-26T17:00:00,0.9,42.1,877,9.2,0.0,42.0
SR-010603,QLT-02,2026-09-26T18:00:00,0.9,41.2,916,10.1,0.0,41.9
SR-010604,QLT-02,2026-09-26T19:00:00,1.08,39.5,885,8.5,0.0,43.0
SR-010605,QLT-02,2026-09-26T20:00:00,0.95,41.4,917,8.6,0.0,42.1
SR-010606,QLT-02,2026-09-26T21:00:00,0.84,39.7,907,9.0,0.0,42.3
SR-010607,QLT-02,2026-09-26T22:00:00,0.97,40.2,894,9.5,0.0,41.3
SR-010608,QLT-02,2026-09-26T23:00:00,0.7,40.2,881,9.0,0.0,42.4
SR-010609,QLT-02,2026-09-27T00:00:00,0.85,40.1,921,8.9,0.0,41.7
SR-010610,QLT-02,2026-09-27T01:00:00,0.83,40.1,902,8.9,0.0,42.0
SR-010611,QLT-02,2026-09-27T02:00:00,0.94,38.4,885,9.4,0.0,42.0
SR-010612,QLT-02,2026-09-27T03:00:00,0.94,40.6,894,8.7,0.0,41.1
SR-010613,QLT-02,2026-09-27T04:00:00,0.98,41.3,918,9.1,0.0,42.5
SR-010614,QLT-02,2026-09-27T05:00:00,0.86,41.2,897,9.0,0.0,42.9
SR-010615,QLT-02,2026-09-27T06:00:00,0.81,40.8,915,8.1,0.0,43.4
SR-010616,QLT-02,2026-09-27T07:00:00,0.98,41.2,925,9.4,0.0,42.4
SR-010617,QLT-02,2026-09-27T08:00:00,0.92,42.1,927,8.8,0.0,41.7
SR-010618,QLT-02,2026-09-27T09:00:00,1.02,41.9,897,8.1,0.0,42.5
SR-010619,QLT-02,2026-09-27T10:00:00,1.04,42.4,909,8.6,0.0,42.7
SR-010620,QLT-02,2026-09-27T11:00:00,0.9,41.9,895,8.5,0.0,42.1
SR-010621,QLT-02,2026-09-27T12:00:00,0.57,42.1,898,9.1,0.0,42.5
SR-010622,QLT-02,2026-09-27T13:00:00,1.05,43.0,895,8.8,0.0,41.3
SR-010623,QLT-02,2026-09-27T14:00:00,0.66,42.1,899,9.1,0.0,43.3
SR-010624,QLT-02,2026-09-27T15:00:00,0.8,41.6,901,9.2,0.0,43.5
SR-010625,QLT-02,2026-09-27T16:00:00,1.03,42.3,888,9.4,0.0,41.2
SR-010626,QLT-02,2026-09-27T17:00:00,0.96,42.3,919,9.0,0.0,41.8
SR-010627,QLT-02,2026-09-27T18:00:00,0.94,40.2,890,8.6,0.0,42.0
SR-010628,QLT-02,2026-09-27T19:00:00,0.86,42.0,890,9.5,0.0,42.5
SR-010629,QLT-02,2026-09-27T20:00:00,0.92,39.8,904,8.9,0.0,40.7
SR-010630,QLT-02,2026-09-27T21:00:00,1.05,40.7,901,9.0,0.0,42.3
SR-010631,QLT-02,2026-09-27T22:00:00,0.81,39.1,898,8.9,0.0,42.2
SR-010632,QLT-02,2026-09-27T23:00:00,1.08,40.6,896,8.9,0.0,42.4
SR-010633,QLT-02,2026-09-28T00:00:00,0.75,40.1,891,9.0,0.0,42.2
SR-010634,QLT-02,2026-09-28T01:00:00,0.93,39.4,895,8.4,0.0,42.0
SR-010635,QLT-02,2026-09-28T02:00:00,0.96,41.1,894,9.1,0.0,42.2
SR-010636,QLT-02,2026-09-28T03:00:00,0.81,40.8,901,8.4,0.0,42.4
SR-010637,QLT-02,2026-09-28T04:00:00,1.18,41.7,915,8.7,0.0,40.2
SR-010638,QLT-02,2026-09-28T05:00:00,1.09,40.5,908,8.9,0.0,41.0
SR-010639,QLT-02,2026-09-28T06:00:00,0.68,40.9,917,8.8,0.0,42.5
SR-010640,QLT-02,2026-09-28T07:00:00,0.85,41.3,904,9.2,0.0,43.1
SR-010641,QLT-02,2026-09-28T08:00:00,1.01,41.4,877,9.1,0.0,41.4
SR-010642,QLT-02,2026-09-28T09:00:00,0.87,40.3,900,8.7,0.0,42.6
SR-010643,QLT-02,2026-09-28T10:00:00,0.96,43.6,912,9.2,0.0,42.7
SR-010644,QLT-02,2026-09-28T11:00:00,0.88,41.3,891,9.0,0.0,42.5
SR-010645,QLT-02,2026-09-28T12:00:00,0.92,42.2,910,9.5,0.0,43.2
SR-010646,QLT-02,2026-09-28T13:00:00,0.86,42.4,913,9.1,0.0,41.8
SR-010647,QLT-02,2026-09-28T14:00:00,0.85,41.8,891,8.8,0.0,41.9
SR-010648,QLT-02,2026-09-28T15:00:00,1.14,41.2,923,8.8,0.0,41.6
SR-010649,QLT-02,2026-09-28T16:00:00,0.77,40.9,900,9.2,0.0,42.5
SR-010650,QLT-02,2026-09-28T17:00:00,1.07,40.9,905,9.5,0.0,42.5
SR-010651,QLT-02,2026-09-28T18:00:00,0.75,41.9,909,9.6,0.0,41.2
SR-010652,QLT-02,2026-09-28T19:00:00,0.88,40.7,904,9.2,0.0,41.5
SR-010653,QLT-02,2026-09-28T20:00:00,0.79,40.8,904,8.9,0.0,42.7
SR-010654,QLT-02,2026-09-28T21:00:00,0.8,41.4,910,9.0,0.0,42.0
SR-010655,QLT-02,2026-09-28T22:00:00,0.77,39.4,884,9.0,0.0,42.7
SR-010656,QLT-02,2026-09-28T23:00:00,1.03,39.0,914,8.6,0.0,42.6
SR-010657,QLT-02,2026-09-29T00:00:00,0.86,40.2,887,9.4,0.0,41.6
SR-010658,QLT-02,2026-09-29T01:00:00,0.95,39.5,902,8.7,0.0,41.7
SR-010659,QLT-02,2026-09-29T02:00:00,0.95,39.8,914,8.5,0.0,42.0
SR-010660,QLT-02,2026-09-29T03:00:00,0.88,40.7,879,8.6,0.0,41.4
SR-010661,QLT-02,2026-09-29T04:00:00,0.77,40.8,892,9.2,0.0,41.2
SR-010662,QLT-02,2026-09-29T05:00:00,1.01,40.2,905,8.6,0.0,40.9
SR-010663,QLT-02,2026-09-29T06:00:00,1.14,40.7,903,9.1,0.0,42.2
SR-010664,QLT-02,2026-09-29T07:00:00,0.59,39.1,890,9.4,0.0,42.6
SR-010665,QLT-02,2026-09-29T08:00:00,0.88,41.1,886,8.3,0.0,43.2
SR-010666,QLT-02,2026-09-29T09:00:00,1.02,41.4,921,8.8,0.0,42.3
SR-010667,QLT-02,2026-09-29T10:00:00,0.85,41.4,913,8.7,0.0,43.0
SR-010668,QLT-02,2026-09-29T11:00:00,0.93,40.9,910,8.8,0.0,42.4
SR-010669,QLT-02,2026-09-29T12:00:00,0.84,41.1,904,9.8,0.0,42.3
SR-010670,QLT-02,2026-09-29T13:00:00,0.85,42.1,886,8.4,0.0,42.0
SR-010671,QLT-02,2026-09-29T14:00:00,0.88,41.8,904,8.9,0.0,42.5
SR-010672,QLT-02,2026-09-29T15:00:00,0.89,42.2,906,8.9,0.0,42.7
SR-010673,QLT-02,2026-09-29T16:00:00,0.98,39.8,892,9.1,0.0,41.8
SR-010674,QLT-02,2026-09-29T17:00:00,0.93,41.4,891,9.1,0.0,40.2
SR-010675,QLT-02,2026-09-29T18:00:00,0.96,41.6,881,8.7,0.0,42.0
SR-010676,QLT-02,2026-09-29T19:00:00,0.85,40.8,904,9.0,0.0,42.6
SR-010677,QLT-02,2026-09-29T20:00:00,0.55,40.8,917,9.8,0.0,41.0
SR-010678,QLT-02,2026-09-29T21:00:00,1.09,40.7,918,8.9,0.0,41.4
SR-010679,QLT-02,2026-09-29T22:00:00,1.03,40.7,894,8.9,0.0,41.3
SR-010680,QLT-02,2026-09-29T23:00:00,0.79,40.7,902,8.9,0.0,40.9
SR-010681,QLT-02,2026-09-30T00:00:00,1.18,42.4,897,9.2,0.0,42.4
SR-010682,QLT-02,2026-09-30T01:00:00,1.15,40.7,883,8.7,0.0,43.0
SR-010683,QLT-02,2026-09-30T02:00:00,0.82,40.3,914,9.4,0.0,42.6
SR-010684,QLT-02,2026-09-30T03:00:00,0.84,39.5,902,8.7,0.0,42.9
SR-010685,QLT-02,2026-09-30T04:00:00,0.9,40.2,895,8.8,0.0,41.4
SR-010686,QLT-02,2026-09-30T05:00:00,0.96,41.1,882,8.9,0.0,41.0
SR-010687,QLT-02,2026-09-30T06:00:00,0.98,39.6,906,9.0,0.0,40.9
SR-010688,QLT-02,2026-09-30T07:00:00,1.02,40.3,898,8.4,0.0,41.8
SR-010689,QLT-02,2026-09-30T08:00:00,1.06,43.1,917,8.6,0.0,41.3
SR-010690,QLT-02,2026-09-30T09:00:00,1.15,41.8,892,9.1,0.0,42.2
SR-010691,QLT-02,2026-09-30T10:00:00,0.78,42.5,886,8.4,0.0,40.6
SR-010692,QLT-02,2026-09-30T11:00:00,0.92,41.1,926,9.3,0.0,41.4
SR-010693,QLT-02,2026-09-30T12:00:00,0.86,41.5,917,8.6,0.0,42.8
SR-010694,QLT-02,2026-09-30T13:00:00,0.87,41.7,897,9.1,0.0,43.8
SR-010695,QLT-02,2026-09-30T14:00:00,0.88,41.5,917,9.1,0.0,41.8
SR-010696,QLT-02,2026-09-30T15:00:00,0.79,41.5,920,8.3,0.0,42.1
SR-010697,QLT-02,2026-09-30T16:00:00,0.83,40.6,889,8.7,0.0,40.8
SR-010698,QLT-02,2026-09-30T17:00:00,0.89,41.2,929,9.0,0.0,42.6
SR-010699,QLT-02,2026-09-30T18:00:00,0.64,40.4,891,8.9,0.0,40.9
SR-010700,QLT-02,2026-09-30T19:00:00,0.66,40.2,905,9.2,0.0,41.5
SR-010701,QLT-02,2026-09-30T20:00:00,0.76,40.5,905,9.2,0.0,40.9
SR-010702,QLT-02,2026-09-30T21:00:00,0.92,40.4,883,9.3,0.0,41.2
SR-010703,QLT-02,2026-09-30T22:00:00,1.01,40.0,907,9.2,0.0,42.8
SR-010704,QLT-02,2026-09-30T23:00:00,0.9,40.2,879,8.9,0.0,42.7
SR-010705,QLT-02,2026-10-01T00:00:00,0.98,40.2,907,9.2,0.0,41.0
SR-010706,QLT-02,2026-10-01T01:00:00,1.11,39.6,907,9.1,0.0,40.7
SR-010707,QLT-02,2026-10-01T02:00:00,0.64,40.5,908,9.1,0.0,41.9
SR-010708,QLT-02,2026-10-01T03:00:00,0.8,40.8,881,8.7,0.0,41.9
SR-010709,QLT-02,2026-10-01T04:00:00,1.02,39.7,873,8.8,0.0,42.1
SR-010710,QLT-02,2026-10-01T05:00:00,0.94,40.9,910,9.1,0.0,42.1
SR-010711,QLT-02,2026-10-01T06:00:00,0.97,40.8,909,8.7,0.0,41.2
SR-010712,QLT-02,2026-10-01T07:00:00,0.91,41.5,902,9.3,0.0,40.7
SR-010713,QLT-02,2026-10-01T08:00:00,0.87,41.8,919,9.6,0.0,42.1
SR-010714,QLT-02,2026-10-01T09:00:00,1.02,42.4,894,9.2,0.0,41.1
SR-010715,QLT-02,2026-10-01T10:00:00,0.99,41.4,891,9.1,0.0,42.4
SR-010716,QLT-02,2026-10-01T11:00:00,0.92,43.2,904,8.7,0.0,41.0
SR-010717,QLT-02,2026-10-01T12:00:00,0.89,41.3,924,8.9,0.0,42.5
SR-010718,QLT-02,2026-10-01T13:00:00,0.82,42.5,910,8.8,0.0,43.0
SR-010719,QLT-02,2026-10-01T14:00:00,0.89,40.2,890,8.5,0.0,42.0
SR-010720,QLT-02,2026-10-01T15:00:00,1.06,40.7,863,8.9,0.0,42.4
SR-010721,QLT-02,2026-10-01T16:00:00,1.03,40.4,884,8.5,0.0,42.9
SR-010722,QLT-02,2026-10-01T17:00:00,0.86,41.7,915,8.9,0.0,42.6
SR-010723,QLT-02,2026-10-01T18:00:00,0.97,41.7,890,9.5,0.0,42.6
SR-010724,QLT-02,2026-10-01T19:00:00,0.99,40.5,893,8.9,0.0,41.0
SR-010725,QLT-02,2026-10-01T20:00:00,0.69,41.2,903,8.8,0.0,43.7
SR-010726,QLT-02,2026-10-01T21:00:00,1.05,40.1,888,8.2,0.0,42.4
SR-010727,QLT-02,2026-10-01T22:00:00,0.84,40.8,890,8.4,0.0,41.8
SR-010728,QLT-02,2026-10-01T23:00:00,0.92,40.5,886,9.3,0.0,42.1
SR-010729,QLT-02,2026-10-02T00:00:00,0.93,40.2,907,9.3,0.0,42.1
SR-010730,QLT-02,2026-10-02T01:00:00,1.02,40.7,885,8.5,0.0,41.6
SR-010731,QLT-02,2026-10-02T02:00:00,0.8,41.8,911,9.0,0.0,42.2
SR-010732,QLT-02,2026-10-02T03:00:00,0.96,39.7,873,9.2,0.0,41.9
SR-010733,QLT-02,2026-10-02T04:00:00,0.87,40.1,886,9.2,0.0,42.7
SR-010734,QLT-02,2026-10-02T05:00:00,0.84,41.1,915,9.7,0.0,42.8
SR-010735,QLT-02,2026-10-02T06:00:00,0.88,40.2,896,8.9,0.0,40.8
SR-010736,QLT-02,2026-10-02T07:00:00,0.83,40.9,906,8.7,0.0,43.0
SR-010737,QLT-02,2026-10-02T08:00:00,0.8,42.3,871,8.5,0.0,41.0
SR-010738,QLT-02,2026-10-02T09:00:00,1.0,40.9,898,9.2,0.0,41.2
SR-010739,QLT-02,2026-10-02T10:00:00,0.87,41.8,909,8.4,0.0,42.2
SR-010740,QLT-02,2026-10-02T11:00:00,0.81,42.0,922,9.4,0.0,43.3
SR-010741,QLT-02,2026-10-02T12:00:00,1.11,42.1,896,8.7,0.0,41.8
SR-010742,QLT-02,2026-10-02T13:00:00,0.88,40.5,909,8.9,0.0,42.0
SR-010743,QLT-02,2026-10-02T14:00:00,0.78,41.4,902,8.8,0.0,41.3
SR-010744,QLT-02,2026-10-02T15:00:00,0.93,42.1,902,8.7,0.0,42.1
SR-010745,QLT-02,2026-10-02T16:00:00,1.12,40.4,895,8.9,0.0,42.3
SR-010746,QLT-02,2026-10-02T17:00:00,0.95,41.3,906,9.8,0.0,42.0
SR-010747,QLT-02,2026-10-02T18:00:00,0.7,41.6,903,8.8,0.0,41.1
SR-010748,QLT-02,2026-10-02T19:00:00,0.73,40.8,914,8.8,0.0,42.6
SR-010749,QLT-02,2026-10-02T20:00:00,0.88,39.6,886,8.8,0.0,41.5
SR-010750,QLT-02,2026-10-02T21:00:00,0.77,40.6,911,8.6,0.0,42.2
SR-010751,QLT-02,2026-10-02T22:00:00,0.96,39.9,904,9.3,0.0,43.1
SR-010752,QLT-02,2026-10-02T23:00:00,0.84,40.3,922,8.7,0.0,42.6
SR-010753,QLT-03,2026-09-17T00:00:00,0.93,41.0,918,8.9,0.0,42.3
SR-010754,QLT-03,2026-09-17T01:00:00,0.97,40.0,888,9.8,0.0,41.8
SR-010755,QLT-03,2026-09-17T02:00:00,0.92,41.1,913,8.8,0.0,42.9
SR-010756,QLT-03,2026-09-17T03:00:00,0.89,39.5,878,9.2,0.0,41.1
SR-010757,QLT-03,2026-09-17T04:00:00,0.87,40.9,890,8.8,0.0,42.1
SR-010758,QLT-03,2026-09-17T05:00:00,1.04,41.1,904,9.2,0.0,42.3
SR-010759,QLT-03,2026-09-17T06:00:00,0.85,39.7,910,8.1,0.0,40.9
SR-010760,QLT-03,2026-09-17T07:00:00,0.76,40.5,889,9.1,0.0,42.8
SR-010761,QLT-03,2026-09-17T08:00:00,0.52,42.8,911,9.3,0.0,42.7
SR-010762,QLT-03,2026-09-17T09:00:00,1.03,40.8,907,9.2,0.0,43.5
SR-010763,QLT-03,2026-09-17T10:00:00,1.03,40.7,887,8.7,0.0,42.1
SR-010764,QLT-03,2026-09-17T11:00:00,0.89,42.0,916,8.8,0.0,42.3
SR-010765,QLT-03,2026-09-17T12:00:00,0.85,42.6,895,9.5,0.0,42.1
SR-010766,QLT-03,2026-09-17T13:00:00,0.93,42.7,875,8.2,0.0,43.0
SR-010767,QLT-03,2026-09-17T14:00:00,0.85,42.9,881,8.8,0.0,43.5
SR-010768,QLT-03,2026-09-17T15:00:00,0.88,40.4,910,9.4,0.0,43.0
SR-010769,QLT-03,2026-09-17T16:00:00,1.0,42.0,895,8.8,0.0,42.4
SR-010770,QLT-03,2026-09-17T17:00:00,0.95,41.7,910,8.1,0.0,43.7
SR-010771,QLT-03,2026-09-17T18:00:00,0.88,41.2,903,8.2,0.0,41.2
SR-010772,QLT-03,2026-09-17T19:00:00,0.81,42.5,882,8.6,0.0,41.9
SR-010773,QLT-03,2026-09-17T20:00:00,0.87,40.5,891,8.9,0.0,43.3
SR-010774,QLT-03,2026-09-17T21:00:00,1.08,40.7,917,9.0,0.0,42.0
SR-010775,QLT-03,2026-09-17T22:00:00,1.05,39.8,896,10.0,0.0,42.3
SR-010776,QLT-03,2026-09-17T23:00:00,0.67,39.7,900,9.0,0.0,42.0
SR-010777,QLT-03,2026-09-18T00:00:00,0.78,40.3,895,9.1,0.0,41.0
SR-010778,QLT-03,2026-09-18T01:00:00,1.03,40.4,896,8.6,0.0,42.4
SR-010779,QLT-03,2026-09-18T02:00:00,0.95,41.2,902,8.8,0.0,40.5
SR-010780,QLT-03,2026-09-18T03:00:00,0.87,40.4,914,8.8,0.0,43.0
SR-010781,QLT-03,2026-09-18T04:00:00,1.02,39.2,869,9.3,0.0,41.6
SR-010782,QLT-03,2026-09-18T05:00:00,0.8,39.6,907,8.7,0.0,41.3
SR-010783,QLT-03,2026-09-18T06:00:00,0.83,40.7,891,9.7,0.0,43.2
SR-010784,QLT-03,2026-09-18T07:00:00,0.71,42.6,890,8.8,0.0,42.6
SR-010785,QLT-03,2026-09-18T08:00:00,0.87,39.7,890,8.9,0.0,41.3
SR-010786,QLT-03,2026-09-18T09:00:00,0.81,42.4,903,9.2,0.0,41.4
SR-010787,QLT-03,2026-09-18T10:00:00,0.75,42.8,907,9.2,0.0,43.0
SR-010788,QLT-03,2026-09-18T11:00:00,1.08,41.0,909,9.1,0.0,43.8
SR-010789,QLT-03,2026-09-18T12:00:00,0.93,42.3,901,8.6,0.0,42.2
SR-010790,QLT-03,2026-09-18T13:00:00,1.02,42.2,884,9.1,0.0,42.6
SR-010791,QLT-03,2026-09-18T14:00:00,0.85,41.9,923,9.4,0.0,41.5
SR-010792,QLT-03,2026-09-18T15:00:00,0.99,42.8,926,9.1,0.0,42.0
SR-010793,QLT-03,2026-09-18T16:00:00,0.96,41.1,899,9.3,0.0,43.0
SR-010794,QLT-03,2026-09-18T17:00:00,0.81,39.9,904,9.4,0.0,43.2
SR-010795,QLT-03,2026-09-18T18:00:00,0.91,41.5,897,8.6,0.0,40.2
SR-010796,QLT-03,2026-09-18T19:00:00,0.9,42.5,874,8.9,0.0,42.0
SR-010797,QLT-03,2026-09-18T20:00:00,0.9,40.3,914,9.4,0.0,42.2
SR-010798,QLT-03,2026-09-18T21:00:00,1.04,41.2,907,9.1,0.0,41.2
SR-010799,QLT-03,2026-09-18T22:00:00,0.95,38.3,883,8.9,0.0,42.2
SR-010800,QLT-03,2026-09-18T23:00:00,0.95,39.7,888,8.8,0.0,41.3
SR-010801,QLT-03,2026-09-19T00:00:00,0.75,40.0,897,9.2,0.0,43.0
SR-010802,QLT-03,2026-09-19T01:00:00,0.87,39.6,875,8.6,0.0,40.9
SR-010803,QLT-03,2026-09-19T02:00:00,0.9,39.8,889,8.6,0.0,42.7
SR-010804,QLT-03,2026-09-19T03:00:00,1.01,39.6,905,8.2,0.0,41.2
SR-010805,QLT-03,2026-09-19T04:00:00,0.98,40.1,893,9.2,0.0,42.3
SR-010806,QLT-03,2026-09-19T05:00:00,0.7,40.4,891,9.4,0.0,43.8
SR-010807,QLT-03,2026-09-19T06:00:00,0.9,41.8,896,9.1,0.0,42.6
SR-010808,QLT-03,2026-09-19T07:00:00,0.74,40.6,892,8.8,0.0,42.3
SR-010809,QLT-03,2026-09-19T08:00:00,1.05,43.6,911,8.5,0.0,41.8
SR-010810,QLT-03,2026-09-19T09:00:00,0.88,40.2,902,8.9,0.0,42.1
SR-010811,QLT-03,2026-09-19T10:00:00,0.75,42.8,906,8.4,0.0,42.2
SR-010812,QLT-03,2026-09-19T11:00:00,0.66,42.3,908,9.1,0.0,41.5
SR-010813,QLT-03,2026-09-19T12:00:00,1.01,41.6,899,9.3,0.0,43.4
SR-010814,QLT-03,2026-09-19T13:00:00,0.69,43.0,893,8.5,0.0,43.3
SR-010815,QLT-03,2026-09-19T14:00:00,1.01,41.6,885,9.0,0.0,41.6
SR-010816,QLT-03,2026-09-19T15:00:00,0.77,41.8,915,9.2,0.0,42.7
SR-010817,QLT-03,2026-09-19T16:00:00,0.84,42.0,892,9.3,0.0,42.2
SR-010818,QLT-03,2026-09-19T17:00:00,1.05,40.5,891,8.6,0.0,41.1
SR-010819,QLT-03,2026-09-19T18:00:00,1.03,41.9,904,8.9,0.0,42.1
SR-010820,QLT-03,2026-09-19T19:00:00,1.01,40.6,914,9.1,0.0,41.7
SR-010821,QLT-03,2026-09-19T20:00:00,0.92,42.1,889,9.0,0.0,42.2
SR-010822,QLT-03,2026-09-19T21:00:00,0.88,39.4,902,8.6,0.0,42.5
SR-010823,QLT-03,2026-09-19T22:00:00,1.14,39.9,913,9.2,0.0,43.3
SR-010824,QLT-03,2026-09-19T23:00:00,0.98,40.9,891,8.5,0.0,42.5
SR-010825,QLT-03,2026-09-20T00:00:00,1.03,40.4,920,9.2,0.0,41.2
SR-010826,QLT-03,2026-09-20T01:00:00,0.77,40.0,895,8.4,0.0,42.6
SR-010827,QLT-03,2026-09-20T02:00:00,1.01,39.3,884,8.5,0.0,41.4
SR-010828,QLT-03,2026-09-20T03:00:00,0.88,39.9,911,9.4,0.0,40.7
SR-010829,QLT-03,2026-09-20T04:00:00,1.05,39.9,879,8.9,0.0,42.2
SR-010830,QLT-03,2026-09-20T05:00:00,1.04,41.7,888,8.4,0.0,41.1
SR-010831,QLT-03,2026-09-20T06:00:00,1.0,41.2,905,9.2,0.0,43.2
SR-010832,QLT-03,2026-09-20T07:00:00,0.84,41.9,928,9.2,0.0,43.2
SR-010833,QLT-03,2026-09-20T08:00:00,1.01,41.1,925,8.7,0.0,41.5
SR-010834,QLT-03,2026-09-20T09:00:00,1.17,41.4,902,9.6,0.0,41.2
SR-010835,QLT-03,2026-09-20T10:00:00,1.07,42.2,922,9.0,0.0,42.5
SR-010836,QLT-03,2026-09-20T11:00:00,0.88,41.7,916,9.1,0.0,41.7
SR-010837,QLT-03,2026-09-20T12:00:00,0.89,43.9,909,9.2,0.0,42.0
SR-010838,QLT-03,2026-09-20T13:00:00,0.91,41.5,915,9.4,0.0,42.6
SR-010839,QLT-03,2026-09-20T14:00:00,1.0,42.0,877,9.1,0.0,43.3
SR-010840,QLT-03,2026-09-20T15:00:00,0.6,40.8,881,8.5,0.0,42.5
SR-010841,QLT-03,2026-09-20T16:00:00,1.18,41.2,914,8.6,0.0,40.9
SR-010842,QLT-03,2026-09-20T17:00:00,1.08,40.5,912,9.0,0.0,42.7
SR-010843,QLT-03,2026-09-20T18:00:00,0.8,41.4,893,9.3,0.0,41.3
SR-010844,QLT-03,2026-09-20T19:00:00,0.88,40.6,877,8.7,0.0,42.0
SR-010845,QLT-03,2026-09-20T20:00:00,0.94,41.6,901,9.8,0.0,42.4
SR-010846,QLT-03,2026-09-20T21:00:00,0.8,39.0,904,9.2,0.0,41.2
SR-010847,QLT-03,2026-09-20T22:00:00,0.94,41.5,908,9.3,0.0,43.5
SR-010848,QLT-03,2026-09-20T23:00:00,1.0,40.5,878,9.6,0.0,41.5
SR-010849,QLT-03,2026-09-21T00:00:00,0.85,38.7,903,9.1,0.0,41.8
SR-010850,QLT-03,2026-09-21T01:00:00,1.07,40.0,927,8.9,0.0,43.0
SR-010851,QLT-03,2026-09-21T02:00:00,1.01,39.8,911,8.8,0.0,42.9
SR-010852,QLT-03,2026-09-21T03:00:00,0.87,40.2,888,8.3,0.0,42.6
SR-010853,QLT-03,2026-09-21T04:00:00,0.72,40.9,879,8.8,0.0,41.8
SR-010854,QLT-03,2026-09-21T05:00:00,0.89,40.0,919,9.2,0.0,41.6
SR-010855,QLT-03,2026-09-21T06:00:00,1.08,40.4,901,9.0,0.0,41.4
SR-010856,QLT-03,2026-09-21T07:00:00,1.0,40.8,888,9.0,0.0,41.9
SR-010857,QLT-03,2026-09-21T08:00:00,1.0,42.5,888,9.2,0.0,42.0
SR-010858,QLT-03,2026-09-21T09:00:00,1.09,41.7,918,8.7,0.0,40.4
SR-010859,QLT-03,2026-09-21T10:00:00,0.85,42.2,891,8.7,0.0,42.7
SR-010860,QLT-03,2026-09-21T11:00:00,1.02,41.7,864,9.1,0.0,43.6
SR-010861,QLT-03,2026-09-21T12:00:00,0.85,43.4,918,9.3,0.0,41.5
SR-010862,QLT-03,2026-09-21T13:00:00,0.76,41.7,898,9.8,0.0,41.0
SR-010863,QLT-03,2026-09-21T14:00:00,0.77,41.2,892,9.3,0.0,41.7
SR-010864,QLT-03,2026-09-21T15:00:00,0.96,42.2,924,8.8,0.0,40.5
SR-010865,QLT-03,2026-09-21T16:00:00,0.79,41.5,890,8.6,0.0,42.6
SR-010866,QLT-03,2026-09-21T17:00:00,0.85,41.3,864,8.8,0.0,42.3
SR-010867,QLT-03,2026-09-21T18:00:00,0.85,41.0,932,8.8,0.0,40.3
SR-010868,QLT-03,2026-09-21T19:00:00,1.04,42.4,919,8.7,0.0,41.6
SR-010869,QLT-03,2026-09-21T20:00:00,1.03,40.9,889,9.2,0.0,42.1
SR-010870,QLT-03,2026-09-21T21:00:00,1.0,39.5,916,9.3,0.0,40.3
SR-010871,QLT-03,2026-09-21T22:00:00,1.11,39.1,922,9.4,0.0,42.1
SR-010872,QLT-03,2026-09-21T23:00:00,1.05,39.6,889,8.4,0.0,41.9
SR-010873,QLT-03,2026-09-22T00:00:00,0.87,38.7,896,9.0,0.0,41.0
SR-010874,QLT-03,2026-09-22T01:00:00,1.08,39.8,909,9.3,0.0,42.0
SR-010875,QLT-03,2026-09-22T02:00:00,0.95,40.5,900,9.0,0.0,42.1
SR-010876,QLT-03,2026-09-22T03:00:00,0.73,39.5,902,9.0,0.0,42.0
SR-010877,QLT-03,2026-09-22T04:00:00,0.99,40.6,869,8.9,0.0,42.1
SR-010878,QLT-03,2026-09-22T05:00:00,0.9,40.0,892,8.7,0.0,41.7
SR-010879,QLT-03,2026-09-22T06:00:00,0.92,41.5,911,8.9,0.0,42.9
SR-010880,QLT-03,2026-09-22T07:00:00,1.02,41.5,887,9.2,0.0,40.2
SR-010881,QLT-03,2026-09-22T08:00:00,0.77,40.7,895,8.3,0.0,42.5
SR-010882,QLT-03,2026-09-22T09:00:00,0.94,43.3,923,9.0,0.0,42.1
SR-010883,QLT-03,2026-09-22T10:00:00,0.82,41.0,925,9.4,0.0,42.4
SR-010884,QLT-03,2026-09-22T11:00:00,0.88,42.7,890,9.1,0.0,41.3
SR-010885,QLT-03,2026-09-22T12:00:00,0.9,41.8,886,8.6,0.0,42.4
SR-010886,QLT-03,2026-09-22T13:00:00,1.03,40.6,892,8.9,0.0,43.5
SR-010887,QLT-03,2026-09-22T14:00:00,0.97,42.1,883,8.6,0.0,42.9
SR-010888,QLT-03,2026-09-22T15:00:00,0.99,41.5,895,9.3,0.0,42.9
SR-010889,QLT-03,2026-09-22T16:00:00,0.84,42.4,875,9.3,0.0,42.6
SR-010890,QLT-03,2026-09-22T17:00:00,0.71,41.2,893,8.9,0.0,41.6
SR-010891,QLT-03,2026-09-22T18:00:00,0.74,40.8,908,8.6,0.0,41.4
SR-010892,QLT-03,2026-09-22T19:00:00,0.96,41.7,887,9.6,0.0,41.6
SR-010893,QLT-03,2026-09-22T20:00:00,0.78,40.6,923,8.3,0.0,41.3
SR-010894,QLT-03,2026-09-22T21:00:00,1.06,41.7,906,9.2,0.0,42.0
SR-010895,QLT-03,2026-09-22T22:00:00,1.04,40.2,889,8.9,0.0,41.6
SR-010896,QLT-03,2026-09-22T23:00:00,0.77,39.3,893,9.5,0.0,42.8
SR-010897,QLT-03,2026-09-23T00:00:00,0.87,40.1,908,9.0,0.0,41.7
SR-010898,QLT-03,2026-09-23T01:00:00,0.79,40.5,895,9.0,0.0,41.6
SR-010899,QLT-03,2026-09-23T02:00:00,0.81,39.9,903,9.1,0.0,40.7
SR-010900,QLT-03,2026-09-23T03:00:00,0.99,40.4,910,8.6,0.0,42.4
SR-010901,QLT-03,2026-09-23T04:00:00,0.88,41.6,910,8.6,0.0,41.7
SR-010902,QLT-03,2026-09-23T05:00:00,0.88,42.0,914,9.1,0.0,42.9
SR-010903,QLT-03,2026-09-23T06:00:00,0.66,40.8,917,8.8,0.0,41.6
SR-010904,QLT-03,2026-09-23T07:00:00,0.88,42.2,888,9.4,0.0,42.7
SR-010905,QLT-03,2026-09-23T08:00:00,1.11,41.7,885,9.1,0.0,43.7
SR-010906,QLT-03,2026-09-23T09:00:00,0.96,41.9,907,9.0,0.0,40.7
SR-010907,QLT-03,2026-09-23T10:00:00,0.77,42.5,909,9.4,0.0,42.2
SR-010908,QLT-03,2026-09-23T11:00:00,0.75,40.8,917,9.0,0.0,42.6
SR-010909,QLT-03,2026-09-23T12:00:00,0.8,42.8,881,8.9,0.0,42.6
SR-010910,QLT-03,2026-09-23T13:00:00,0.92,41.1,879,8.7,0.0,41.8
SR-010911,QLT-03,2026-09-23T14:00:00,1.06,42.5,879,9.2,0.0,41.5
SR-010912,QLT-03,2026-09-23T15:00:00,0.99,40.5,875,8.9,0.0,42.0
SR-010913,QLT-03,2026-09-23T16:00:00,0.83,40.5,919,9.4,0.0,42.3
SR-010914,QLT-03,2026-09-23T17:00:00,0.85,41.4,904,9.2,0.0,41.8
SR-010915,QLT-03,2026-09-23T18:00:00,0.85,41.1,903,8.4,0.0,42.8
SR-010916,QLT-03,2026-09-23T19:00:00,0.86,41.3,901,8.6,0.0,42.2
SR-010917,QLT-03,2026-09-23T20:00:00,0.82,39.5,880,8.9,0.0,41.2
SR-010918,QLT-03,2026-09-23T21:00:00,0.76,40.3,912,9.7,0.0,43.2
SR-010919,QLT-03,2026-09-23T22:00:00,0.74,38.7,915,9.0,0.0,42.3
SR-010920,QLT-03,2026-09-23T23:00:00,1.05,41.7,885,8.9,0.0,42.6
SR-010921,QLT-03,2026-09-24T00:00:00,1.12,40.0,901,8.9,0.0,42.6
SR-010922,QLT-03,2026-09-24T01:00:00,0.93,39.5,902,9.0,0.0,42.4
SR-010923,QLT-03,2026-09-24T02:00:00,0.86,41.2,892,9.2,0.0,43.7
SR-010924,QLT-03,2026-09-24T03:00:00,0.75,40.4,877,8.7,0.0,42.8
SR-010925,QLT-03,2026-09-24T04:00:00,0.79,41.1,923,9.3,0.0,42.8
SR-010926,QLT-03,2026-09-24T05:00:00,0.89,40.1,902,9.2,0.0,42.1
SR-010927,QLT-03,2026-09-24T06:00:00,0.91,41.0,899,9.1,0.0,42.9
SR-010928,QLT-03,2026-09-24T07:00:00,1.04,42.1,905,9.0,0.0,41.2
SR-010929,QLT-03,2026-09-24T08:00:00,0.92,40.3,906,8.9,0.0,42.6
SR-010930,QLT-03,2026-09-24T09:00:00,0.97,41.4,910,8.6,0.0,40.8
SR-010931,QLT-03,2026-09-24T10:00:00,0.92,41.7,926,8.6,0.0,42.1
SR-010932,QLT-03,2026-09-24T11:00:00,0.87,42.8,899,8.9,0.0,41.3
SR-010933,QLT-03,2026-09-24T12:00:00,1.16,41.3,907,9.2,0.0,41.3
SR-010934,QLT-03,2026-09-24T13:00:00,0.91,42.2,917,9.2,0.0,42.9
SR-010935,QLT-03,2026-09-24T14:00:00,1.07,42.4,899,9.0,0.0,41.7
SR-010936,QLT-03,2026-09-24T15:00:00,0.74,40.8,918,9.2,0.0,43.3
SR-010937,QLT-03,2026-09-24T16:00:00,0.96,40.5,895,8.2,0.0,41.8
SR-010938,QLT-03,2026-09-24T17:00:00,0.87,42.2,921,9.3,0.0,42.2
SR-010939,QLT-03,2026-09-24T18:00:00,0.85,39.9,916,9.0,0.0,42.0
SR-010940,QLT-03,2026-09-24T19:00:00,0.85,40.9,892,8.4,0.0,42.9
SR-010941,QLT-03,2026-09-24T20:00:00,0.84,40.8,908,8.7,0.0,41.6
SR-010942,QLT-03,2026-09-24T21:00:00,0.81,41.0,882,9.1,0.0,41.8
SR-010943,QLT-03,2026-09-24T22:00:00,0.85,41.1,907,9.8,0.0,42.0
SR-010944,QLT-03,2026-09-24T23:00:00,0.94,40.2,908,9.4,0.0,42.7
SR-010945,QLT-03,2026-09-25T00:00:00,0.94,41.2,881,8.7,0.0,42.3
SR-010946,QLT-03,2026-09-25T01:00:00,0.78,41.4,907,8.5,0.0,41.4
SR-010947,QLT-03,2026-09-25T02:00:00,0.97,39.4,892,9.1,0.0,41.1
SR-010948,QLT-03,2026-09-25T03:00:00,0.65,41.3,918,8.8,0.0,42.6
SR-010949,QLT-03,2026-09-25T04:00:00,0.64,40.7,878,8.9,0.0,43.1
SR-010950,QLT-03,2026-09-25T05:00:00,0.83,41.8,913,8.5,0.0,42.2
SR-010951,QLT-03,2026-09-25T06:00:00,1.05,41.3,903,8.8,0.0,41.5
SR-010952,QLT-03,2026-09-25T07:00:00,0.83,40.7,909,9.0,0.0,43.4
SR-010953,QLT-03,2026-09-25T08:00:00,0.84,41.9,863,9.1,0.0,42.5
SR-010954,QLT-03,2026-09-25T09:00:00,0.85,42.3,882,8.8,0.0,41.4
SR-010955,QLT-03,2026-09-25T10:00:00,0.91,40.4,909,9.7,0.0,41.5
SR-010956,QLT-03,2026-09-25T11:00:00,0.87,41.6,896,8.2,0.0,41.3
SR-010957,QLT-03,2026-09-25T12:00:00,0.56,40.7,915,9.5,0.0,41.5
SR-010958,QLT-03,2026-09-25T13:00:00,1.13,42.2,885,8.2,0.0,42.2
SR-010959,QLT-03,2026-09-25T14:00:00,0.75,40.5,892,9.1,0.0,42.7
SR-010960,QLT-03,2026-09-25T15:00:00,1.01,41.8,929,9.0,0.0,41.7
SR-010961,QLT-03,2026-09-25T16:00:00,0.81,40.4,890,8.8,0.0,42.8
SR-010962,QLT-03,2026-09-25T17:00:00,0.81,39.0,864,8.9,0.0,43.8
SR-010963,QLT-03,2026-09-25T18:00:00,1.08,40.2,885,8.6,0.0,41.6
SR-010964,QLT-03,2026-09-25T19:00:00,0.94,40.2,909,9.3,0.0,42.2
SR-010965,QLT-03,2026-09-25T20:00:00,0.95,40.6,895,8.8,0.0,41.3
SR-010966,QLT-03,2026-09-25T21:00:00,0.81,39.3,906,8.8,0.0,41.0
SR-010967,QLT-03,2026-09-25T22:00:00,0.81,42.6,907,9.7,0.0,40.5
SR-010968,QLT-03,2026-09-25T23:00:00,1.04,40.3,925,9.0,0.0,44.0
SR-010969,QLT-03,2026-09-26T00:00:00,0.73,39.0,903,8.7,0.0,41.4
SR-010970,QLT-03,2026-09-26T01:00:00,0.9,40.8,894,9.4,0.0,40.6
SR-010971,QLT-03,2026-09-26T02:00:00,0.91,40.1,898,8.7,0.0,41.3
SR-010972,QLT-03,2026-09-26T03:00:00,0.72,40.6,924,8.3,0.0,41.9
SR-010973,QLT-03,2026-09-26T04:00:00,0.82,39.5,901,9.0,0.0,43.2
SR-010974,QLT-03,2026-09-26T05:00:00,1.06,40.5,896,9.1,0.0,41.9
SR-010975,QLT-03,2026-09-26T06:00:00,0.71,42.3,906,9.1,0.0,42.2
SR-010976,QLT-03,2026-09-26T07:00:00,1.04,42.4,891,9.1,0.0,42.2
SR-010977,QLT-03,2026-09-26T08:00:00,1.16,40.8,878,9.9,0.0,41.9
SR-010978,QLT-03,2026-09-26T09:00:00,0.93,40.4,891,8.6,0.0,42.3
SR-010979,QLT-03,2026-09-26T10:00:00,0.96,42.9,898,9.1,0.0,42.7
SR-010980,QLT-03,2026-09-26T11:00:00,0.99,41.1,884,8.8,0.0,42.5
SR-010981,QLT-03,2026-09-26T12:00:00,0.79,40.9,912,9.0,0.0,41.6
SR-010982,QLT-03,2026-09-26T13:00:00,0.96,41.5,907,8.7,0.0,42.5
SR-010983,QLT-03,2026-09-26T14:00:00,0.84,41.6,904,9.2,0.0,40.9
SR-010984,QLT-03,2026-09-26T15:00:00,1.11,40.9,890,8.8,0.0,41.7
SR-010985,QLT-03,2026-09-26T16:00:00,1.0,40.5,915,8.5,0.0,42.7
SR-010986,QLT-03,2026-09-26T17:00:00,0.98,42.0,885,9.0,0.0,41.6
SR-010987,QLT-03,2026-09-26T18:00:00,1.02,40.8,897,8.9,0.0,41.8
SR-010988,QLT-03,2026-09-26T19:00:00,0.99,40.4,899,8.6,0.0,41.1
SR-010989,QLT-03,2026-09-26T20:00:00,0.88,41.0,904,9.5,0.0,41.4
SR-010990,QLT-03,2026-09-26T21:00:00,0.96,40.1,906,9.1,0.0,42.8
SR-010991,QLT-03,2026-09-26T22:00:00,0.91,39.9,902,9.1,0.0,42.1
SR-010992,QLT-03,2026-09-26T23:00:00,1.0,40.7,890,9.2,0.0,42.8
SR-010993,QLT-03,2026-09-27T00:00:00,0.96,41.4,914,9.0,0.0,41.9
SR-010994,QLT-03,2026-09-27T01:00:00,0.97,39.5,907,8.6,0.0,41.4
SR-010995,QLT-03,2026-09-27T02:00:00,0.93,39.1,912,8.8,0.0,42.3
SR-010996,QLT-03,2026-09-27T03:00:00,0.93,41.0,906,9.6,0.0,41.1
SR-010997,QLT-03,2026-09-27T04:00:00,0.77,40.4,915,9.2,0.0,43.0
SR-010998,QLT-03,2026-09-27T05:00:00,0.87,40.1,900,8.5,0.0,42.1
SR-010999,QLT-03,2026-09-27T06:00:00,0.8,41.7,898,8.6,0.0,42.5
SR-011000,QLT-03,2026-09-27T07:00:00,0.96,40.8,907,8.7,0.0,40.3
SR-011001,QLT-03,2026-09-27T08:00:00,0.88,41.0,915,9.4,0.0,41.9
SR-011002,QLT-03,2026-09-27T09:00:00,0.73,41.7,904,8.6,0.0,42.8
SR-011003,QLT-03,2026-09-27T10:00:00,1.05,41.9,898,9.3,0.0,39.9
SR-011004,QLT-03,2026-09-27T11:00:00,0.98,41.5,866,8.8,0.0,40.5
SR-011005,QLT-03,2026-09-27T12:00:00,1.04,41.7,919,9.1,0.0,41.9
SR-011006,QLT-03,2026-09-27T13:00:00,0.67,42.3,872,8.6,0.0,43.2
SR-011007,QLT-03,2026-09-27T14:00:00,0.84,41.8,900,8.2,0.0,41.5
SR-011008,QLT-03,2026-09-27T15:00:00,0.96,40.8,901,8.6,0.0,41.5
SR-011009,QLT-03,2026-09-27T16:00:00,0.95,41.9,881,8.4,0.0,42.4
SR-011010,QLT-03,2026-09-27T17:00:00,0.89,41.0,905,8.9,0.0,41.8
SR-011011,QLT-03,2026-09-27T18:00:00,0.91,41.4,883,9.1,0.0,40.7
SR-011012,QLT-03,2026-09-27T19:00:00,0.9,39.9,895,8.9,0.0,41.6
SR-011013,QLT-03,2026-09-27T20:00:00,0.72,40.5,910,9.0,0.0,40.9
SR-011014,QLT-03,2026-09-27T21:00:00,0.78,40.2,931,9.3,0.0,43.5
SR-011015,QLT-03,2026-09-27T22:00:00,0.81,38.7,886,8.6,0.0,42.4
SR-011016,QLT-03,2026-09-27T23:00:00,0.83,40.1,902,9.0,0.0,42.5
SR-011017,QLT-03,2026-09-28T00:00:00,0.93,39.2,928,8.8,0.0,41.4
SR-011018,QLT-03,2026-09-28T01:00:00,0.75,40.8,913,9.1,0.0,42.1
SR-011019,QLT-03,2026-09-28T02:00:00,0.86,39.9,883,8.8,0.0,39.9
SR-011020,QLT-03,2026-09-28T03:00:00,1.2,39.6,848,9.2,0.0,41.2
SR-011021,QLT-03,2026-09-28T04:00:00,1.14,40.8,889,8.9,0.0,43.8
SR-011022,QLT-03,2026-09-28T05:00:00,0.94,42.2,901,8.9,0.0,42.3
SR-011023,QLT-03,2026-09-28T06:00:00,0.99,43.1,905,9.1,0.0,42.1
SR-011024,QLT-03,2026-09-28T07:00:00,1.04,41.1,881,9.3,0.0,41.5
SR-011025,QLT-03,2026-09-28T08:00:00,0.85,40.7,916,8.3,0.0,43.6
SR-011026,QLT-03,2026-09-28T09:00:00,1.01,42.1,907,9.0,0.0,42.0
SR-011027,QLT-03,2026-09-28T10:00:00,1.12,40.9,910,8.9,0.0,41.8
SR-011028,QLT-03,2026-09-28T11:00:00,0.75,41.8,903,9.1,0.0,41.3
SR-011029,QLT-03,2026-09-28T12:00:00,0.97,43.2,897,8.6,0.0,42.7
SR-011030,QLT-03,2026-09-28T13:00:00,1.01,41.2,898,9.1,0.0,41.4
SR-011031,QLT-03,2026-09-28T14:00:00,1.07,41.3,911,9.2,0.0,40.7
SR-011032,QLT-03,2026-09-28T15:00:00,0.87,41.8,904,9.1,0.0,41.9
SR-011033,QLT-03,2026-09-28T16:00:00,0.74,41.7,904,9.7,0.0,41.9
SR-011034,QLT-03,2026-09-28T17:00:00,1.0,42.3,928,9.1,0.0,43.1
SR-011035,QLT-03,2026-09-28T18:00:00,0.85,41.1,923,8.8,0.0,41.7
SR-011036,QLT-03,2026-09-28T19:00:00,0.68,39.9,897,9.3,0.0,43.7
SR-011037,QLT-03,2026-09-28T20:00:00,0.88,40.7,910,8.7,0.0,41.8
SR-011038,QLT-03,2026-09-28T21:00:00,0.73,40.5,894,8.3,0.0,42.7
SR-011039,QLT-03,2026-09-28T22:00:00,0.78,41.1,915,9.2,0.0,42.4
SR-011040,QLT-03,2026-09-28T23:00:00,0.78,39.0,908,8.9,0.0,41.4
SR-011041,QLT-03,2026-09-29T00:00:00,0.91,41.1,906,9.2,0.0,41.4
SR-011042,QLT-03,2026-09-29T01:00:00,1.03,41.3,901,8.8,0.0,42.5
SR-011043,QLT-03,2026-09-29T02:00:00,0.7,39.7,921,8.6,0.0,42.1
SR-011044,QLT-03,2026-09-29T03:00:00,1.01,39.6,915,8.8,0.0,41.8
SR-011045,QLT-03,2026-09-29T04:00:00,0.91,41.0,915,8.4,0.0,42.6
SR-011046,QLT-03,2026-09-29T05:00:00,0.95,40.8,880,9.3,0.0,41.5
SR-011047,QLT-03,2026-09-29T06:00:00,0.69,40.4,904,8.6,0.0,41.6
SR-011048,QLT-03,2026-09-29T07:00:00,1.06,40.1,911,8.8,0.0,42.4
SR-011049,QLT-03,2026-09-29T08:00:00,0.78,41.8,894,8.6,0.0,41.1
SR-011050,QLT-03,2026-09-29T09:00:00,0.81,41.1,899,9.5,0.0,40.1
SR-011051,QLT-03,2026-09-29T10:00:00,0.73,41.9,898,8.1,0.0,43.5
SR-011052,QLT-03,2026-09-29T11:00:00,0.82,41.6,890,8.6,0.0,42.1
SR-011053,QLT-03,2026-09-29T12:00:00,1.09,41.9,900,8.6,0.0,42.6
SR-011054,QLT-03,2026-09-29T13:00:00,1.19,42.3,891,8.9,0.0,42.5
SR-011055,QLT-03,2026-09-29T14:00:00,0.88,41.6,896,8.7,0.0,42.3
SR-011056,QLT-03,2026-09-29T15:00:00,1.03,41.1,922,8.6,0.0,42.9
SR-011057,QLT-03,2026-09-29T16:00:00,0.75,40.6,915,9.0,0.0,42.6
SR-011058,QLT-03,2026-09-29T17:00:00,0.88,40.1,890,9.4,0.0,43.2
SR-011059,QLT-03,2026-09-29T18:00:00,0.83,43.6,895,9.5,0.0,42.8
SR-011060,QLT-03,2026-09-29T19:00:00,0.87,38.9,911,9.1,0.0,41.9
SR-011061,QLT-03,2026-09-29T20:00:00,0.91,38.5,903,9.2,0.0,42.8
SR-011062,QLT-03,2026-09-29T21:00:00,0.9,40.9,894,9.3,0.0,41.4
SR-011063,QLT-03,2026-09-29T22:00:00,0.92,39.4,888,9.1,0.0,40.8
SR-011064,QLT-03,2026-09-29T23:00:00,1.03,40.7,903,9.1,0.0,42.3
SR-011065,QLT-03,2026-09-30T00:00:00,0.86,41.2,894,8.5,0.0,42.2
SR-011066,QLT-03,2026-09-30T01:00:00,0.81,39.8,900,9.4,0.0,42.5
SR-011067,QLT-03,2026-09-30T02:00:00,0.87,39.5,896,9.0,0.0,40.8
SR-011068,QLT-03,2026-09-30T03:00:00,0.81,40.7,875,8.2,0.0,43.3
SR-011069,QLT-03,2026-09-30T04:00:00,0.78,40.8,880,9.0,0.0,42.1
SR-011070,QLT-03,2026-09-30T05:00:00,0.78,41.1,902,8.7,0.0,41.3
SR-011071,QLT-03,2026-09-30T06:00:00,1.02,40.2,901,10.0,0.0,43.0
SR-011072,QLT-03,2026-09-30T07:00:00,0.98,41.5,919,9.1,0.0,41.5
SR-011073,QLT-03,2026-09-30T08:00:00,0.83,41.0,897,9.1,0.0,41.7
SR-011074,QLT-03,2026-09-30T09:00:00,0.81,41.8,902,9.0,0.0,42.2
SR-011075,QLT-03,2026-09-30T10:00:00,0.96,42.2,898,8.6,0.0,42.3
SR-011076,QLT-03,2026-09-30T11:00:00,0.85,43.3,910,9.4,0.0,42.9
SR-011077,QLT-03,2026-09-30T12:00:00,1.0,41.7,899,9.1,0.0,40.9
SR-011078,QLT-03,2026-09-30T13:00:00,0.82,42.9,886,9.6,0.0,41.6
SR-011079,QLT-03,2026-09-30T14:00:00,1.1,42.1,896,9.0,0.0,43.6
SR-011080,QLT-03,2026-09-30T15:00:00,1.05,41.6,905,9.0,0.0,43.4
SR-011081,QLT-03,2026-09-30T16:00:00,0.77,39.6,892,9.1,0.0,42.7
SR-011082,QLT-03,2026-09-30T17:00:00,0.96,40.8,893,9.4,0.0,41.1
SR-011083,QLT-03,2026-09-30T18:00:00,0.86,40.7,893,8.9,0.0,42.2
SR-011084,QLT-03,2026-09-30T19:00:00,0.8,39.9,904,9.0,0.0,40.0
SR-011085,QLT-03,2026-09-30T20:00:00,0.75,40.4,898,9.1,0.0,41.1
SR-011086,QLT-03,2026-09-30T21:00:00,1.15,40.7,915,8.8,0.0,42.0
SR-011087,QLT-03,2026-09-30T22:00:00,0.92,40.8,904,8.7,0.0,41.6
SR-011088,QLT-03,2026-09-30T23:00:00,1.0,40.5,888,9.0,0.0,42.7
SR-011089,QLT-03,2026-10-01T00:00:00,0.72,41.9,879,9.2,0.0,41.3
SR-011090,QLT-03,2026-10-01T01:00:00,0.9,39.7,886,8.7,0.0,40.3
SR-011091,QLT-03,2026-10-01T02:00:00,0.89,40.3,906,8.5,0.0,42.3
SR-011092,QLT-03,2026-10-01T03:00:00,0.84,40.1,891,8.9,0.0,42.8
SR-011093,QLT-03,2026-10-01T04:00:00,0.85,41.6,886,8.3,0.0,42.7
SR-011094,QLT-03,2026-10-01T05:00:00,0.73,39.4,904,9.0,0.0,42.6
SR-011095,QLT-03,2026-10-01T06:00:00,0.87,40.6,899,9.1,0.0,43.1
SR-011096,QLT-03,2026-10-01T07:00:00,1.07,39.2,921,8.9,0.0,43.3
SR-011097,QLT-03,2026-10-01T08:00:00,0.86,41.6,901,8.5,0.0,43.1
SR-011098,QLT-03,2026-10-01T09:00:00,0.96,41.7,911,9.7,0.0,42.7
SR-011099,QLT-03,2026-10-01T10:00:00,0.84,39.9,906,9.2,0.0,41.2
SR-011100,QLT-03,2026-10-01T11:00:00,0.97,42.0,893,9.2,0.0,41.1
SR-011101,QLT-03,2026-10-01T12:00:00,0.89,41.8,906,8.9,0.0,42.9
SR-011102,QLT-03,2026-10-01T13:00:00,0.94,42.0,900,8.6,0.0,41.8
SR-011103,QLT-03,2026-10-01T14:00:00,0.88,40.9,890,8.8,0.0,41.7
SR-011104,QLT-03,2026-10-01T15:00:00,0.98,41.2,898,9.7,0.0,43.3
SR-011105,QLT-03,2026-10-01T16:00:00,0.83,40.6,883,9.2,0.0,42.6
SR-011106,QLT-03,2026-10-01T17:00:00,0.85,41.4,915,9.2,0.0,42.0
SR-011107,QLT-03,2026-10-01T18:00:00,0.82,41.5,893,8.4,0.0,41.3
SR-011108,QLT-03,2026-10-01T19:00:00,0.97,41.3,925,8.9,0.0,42.4
SR-011109,QLT-03,2026-10-01T20:00:00,0.9,40.8,907,8.3,0.0,42.9
SR-011110,QLT-03,2026-10-01T21:00:00,0.82,41.3,918,9.3,0.0,42.3
SR-011111,QLT-03,2026-10-01T22:00:00,1.0,39.8,886,9.4,0.0,42.3
SR-011112,QLT-03,2026-10-01T23:00:00,0.99,40.5,876,8.7,0.0,40.0
SR-011113,QLT-03,2026-10-02T00:00:00,0.86,40.1,902,8.9,0.0,43.9
SR-011114,QLT-03,2026-10-02T01:00:00,0.76,39.3,871,8.7,0.0,42.5
SR-011115,QLT-03,2026-10-02T02:00:00,1.04,41.0,911,9.1,0.0,41.1
SR-011116,QLT-03,2026-10-02T03:00:00,0.99,40.9,933,9.3,0.0,41.8
SR-011117,QLT-03,2026-10-02T04:00:00,0.84,39.7,888,8.8,0.0,43.7
SR-011118,QLT-03,2026-10-02T05:00:00,0.95,40.0,893,9.2,0.0,42.2
SR-011119,QLT-03,2026-10-02T06:00:00,0.98,40.1,877,9.2,0.0,42.1
SR-011120,QLT-03,2026-10-02T07:00:00,0.73,40.5,913,9.5,0.0,41.2
SR-011121,QLT-03,2026-10-02T08:00:00,0.87,41.5,882,9.3,0.0,42.4
SR-011122,QLT-03,2026-10-02T09:00:00,1.0,40.7,891,9.6,0.0,43.0
SR-011123,QLT-03,2026-10-02T10:00:00,1.03,42.2,882,9.0,0.0,41.7
SR-011124,QLT-03,2026-10-02T11:00:00,1.05,41.1,880,8.5,0.0,41.6
SR-011125,QLT-03,2026-10-02T12:00:00,0.9,41.6,905,9.0,0.0,42.1
SR-011126,QLT-03,2026-10-02T13:00:00,0.64,42.2,897,8.5,0.0,42.6
SR-011127,QLT-03,2026-10-02T14:00:00,0.96,42.3,883,9.1,0.0,42.7
SR-011128,QLT-03,2026-10-02T15:00:00,0.71,42.2,884,9.4,0.0,42.0
SR-011129,QLT-03,2026-10-02T16:00:00,1.13,42.2,883,9.3,0.0,41.2
SR-011130,QLT-03,2026-10-02T17:00:00,0.9,40.6,879,9.2,0.0,43.3
SR-011131,QLT-03,2026-10-02T18:00:00,0.81,41.9,897,8.9,0.0,42.2
SR-011132,QLT-03,2026-10-02T19:00:00,0.9,40.8,890,9.4,0.0,41.3
SR-011133,QLT-03,2026-10-02T20:00:00,0.97,39.7,896,9.0,0.0,40.6
SR-011134,QLT-03,2026-10-02T21:00:00,1.05,40.1,863,9.5,0.0,40.3
SR-011135,QLT-03,2026-10-02T22:00:00,0.88,40.0,883,9.2,0.0,41.9
SR-011136,QLT-03,2026-10-02T23:00:00,1.0,39.5,888,9.5,0.0,41.1
